{
    "id": 5898,
    "league_id": 8,
    "season_id": 13,
    "stage_id": 11,
    "round_id": 582,
    "group_id": null,
    "aggregate_id": null,
    "venue_id": 146,
    "referee_id": 46,
    "localteam_id": 52,
    "visitorteam_id": 19,
    "winner_team_id": null,
    "weather_report": null,
    "commentaries": true,
    "attendance": 11202,
    "pitch": null,
    "details": null,
    "neutral_venue": false,
    "winning_odds_calculated": true,
    "formations": {
        "localteam_formation": "4-2-3-1",
        "visitorteam_formation": "4-2-3-1"
    },
    "scores": {
        "localteam_score": 3,
        "visitorteam_score": 3,
        "localteam_pen_score": null,
        "visitorteam_pen_score": null,
        "ht_score": "2-0",
        "ft_score": "3-3",
        "et_score": null
    },
    "time": {
        "status": "FT",
        "starting_at": {
            "date_time": "2017-01-03 19:45:00",
            "date": "2017-01-03",
            "time": "19:45:00",
            "timestamp": 1483472700,
            "timezone": "UTC"
        },
        "minute": 90,
        "second": null,
        "added_time": null,
        "extra_minute": null,
        "injury_time": null
    },
    "coaches": {
        "localteam_coach_id": 523911,
        "visitorteam_coach_id": 455383
    },
    "standings": {
        "localteam_position": null,
        "visitorteam_position": null
    },
    "assistants": {
        "first_assistant_id": null,
        "second_assistant_id": null,
        "fourth_official_id": null
    },
    "leg": "1/1",
    "colors": null,
    "deleted": false,
    "localTeam": {
        "data": {
            "id": 52,
            "legacy_id": 389,
            "name": "AFC Bournemouth",
            "short_code": "BOU",
            "twitter": "@afcbournemouth",
            "country_id": 462,
            "national_team": false,
            "founded": 1899,
            "logo_path": "https://cdn.sportmonks.com/images//soccer/teams/20/52.png",
            "venue_id": 146,
            "current_season_id": 16036
        }
    },
    "visitorTeam": {
        "data": {
            "id": 19,
            "legacy_id": 124,
            "name": "Arsenal",
            "short_code": "ARS",
            "twitter": "@Arsenal",
            "country_id": 462,
            "national_team": false,
            "founded": 1886,
            "logo_path": "https://cdn.sportmonks.com/images//soccer/teams/19/19.png",
            "venue_id": 204,
            "current_season_id": 16036
        }
    },
    "league": {
        "data": {
            "id": 8,
            "active": true,
            "type": "domestic",
            "legacy_id": 29,
            "country_id": 462,
            "logo_path": "https://cdn.sportmonks.com/images/soccer/leagues/8.png",
            "name": "Premier League",
            "is_cup": false,
            "current_season_id": 16036,
            "current_round_id": 169657,
            "current_stage_id": 77443862,
            "live_standings": true,
            "coverage": {
                "predictions": 1,
                "topscorer_goals": true,
                "topscorer_assists": true,
                "topscorer_cards": true
            }
        }
    },
    "events": {
        "data": [
            {
                "id": 6907527,
                "team_id": "52",
                "type": "goal",
                "fixture_id": 5898,
                "player_id": 1054,
                "player_name": "C. Daniels",
                "related_player_id": 513,
                "related_player_name": "J. Stanislas",
                "minute": 16,
                "extra_minute": null,
                "reason": null,
                "injuried": null,
                "result": null
            },
            {
                "id": 6907535,
                "team_id": "52",
                "type": "penalty",
                "fixture_id": 5898,
                "player_id": 1065,
                "player_name": "C. Wilson",
                "related_player_id": null,
                "related_player_name": null,
                "minute": 20,
                "extra_minute": null,
                "reason": null,
                "injuried": null,
                "result": null
            },
            {
                "id": 6907649,
                "team_id": "19",
                "type": "substitution",
                "fixture_id": 5898,
                "player_id": 850,
                "player_name": "A. Oxlade-Chamberlain",
                "related_player_id": 835,
                "related_player_name": "F. Coquelin",
                "minute": 28,
                "extra_minute": null,
                "reason": null,
                "injuried": null,
                "result": null
            },
            {
                "id": 6907613,
                "team_id": "19",
                "type": "yellowcard",
                "fixture_id": 5898,
                "player_id": 1899,
                "player_name": "Bellerín",
                "related_player_id": null,
                "related_player_name": null,
                "minute": 32,
                "extra_minute": null,
                "reason": null,
                "injuried": null,
                "result": null
            },
            {
                "id": 6907591,
                "team_id": "52",
                "type": "yellowcard",
                "fixture_id": 5898,
                "player_id": 1028,
                "player_name": "S. Cook",
                "related_player_id": null,
                "related_player_name": null,
                "minute": 44,
                "extra_minute": null,
                "reason": null,
                "injuried": null,
                "result": null
            },
            {
                "id": 6907621,
                "team_id": "19",
                "type": "yellowcard",
                "fixture_id": 5898,
                "player_id": 569,
                "player_name": "A. Ramsey",
                "related_player_id": null,
                "related_player_name": null,
                "minute": 45,
                "extra_minute": 3,
                "reason": null,
                "injuried": null,
                "result": null
            },
            {
                "id": 6907543,
                "team_id": "52",
                "type": "goal",
                "fixture_id": 5898,
                "player_id": 2712,
                "player_name": "R. Fraser",
                "related_player_id": 1054,
                "related_player_name": "C. Daniels",
                "minute": 58,
                "extra_minute": null,
                "reason": null,
                "injuried": null,
                "result": null
            },
            {
                "id": 6907656,
                "team_id": "19",
                "type": "substitution",
                "fixture_id": 5898,
                "player_id": 4801,
                "player_name": "Lucas Pérez",
                "related_player_id": 1881,
                "related_player_name": "A. Iwobi",
                "minute": 63,
                "extra_minute": null,
                "reason": null,
                "injuried": null,
                "result": null
            },
            {
                "id": 6907629,
                "team_id": "52",
                "type": "substitution",
                "fixture_id": 5898,
                "player_id": 867,
                "player_name": "A. Surman",
                "related_player_id": 1029,
                "related_player_name": "J. King",
                "minute": 63,
                "extra_minute": null,
                "reason": null,
                "injuried": true,
                "result": null
            },
            {
                "id": 6907664,
                "team_id": "19",
                "type": "substitution",
                "fixture_id": 5898,
                "player_id": 1441,
                "player_name": "Gabriel Paulista",
                "related_player_id": 716,
                "related_player_name": "L. Koscielny",
                "minute": 64,
                "extra_minute": null,
                "reason": null,
                "injuried": null,
                "result": null
            },
            {
                "id": 6907635,
                "team_id": "52",
                "type": "substitution",
                "fixture_id": 5898,
                "player_id": 1095,
                "player_name": "A. Smith",
                "related_player_id": 2712,
                "related_player_name": "R. Fraser",
                "minute": 68,
                "extra_minute": null,
                "reason": null,
                "injuried": null,
                "result": null
            },
            {
                "id": 6907552,
                "team_id": "19",
                "type": "goal",
                "fixture_id": 5898,
                "player_id": 1300,
                "player_name": "A. Sánchez",
                "related_player_id": 798,
                "related_player_name": "O. Giroud",
                "minute": 70,
                "extra_minute": null,
                "reason": null,
                "injuried": null,
                "result": null
            },
            {
                "id": 6907560,
                "team_id": "19",
                "type": "goal",
                "fixture_id": 5898,
                "player_id": 4801,
                "player_name": "Lucas Pérez",
                "related_player_id": 798,
                "related_player_name": "O. Giroud",
                "minute": 75,
                "extra_minute": null,
                "reason": null,
                "injuried": null,
                "result": null
            },
            {
                "id": 6907605,
                "team_id": "19",
                "type": "yellowcard",
                "fixture_id": 5898,
                "player_id": 3817,
                "player_name": "S. Mustafi",
                "related_player_id": null,
                "related_player_name": null,
                "minute": 80,
                "extra_minute": null,
                "reason": null,
                "injuried": null,
                "result": null
            },
            {
                "id": 6907583,
                "team_id": "52",
                "type": "redcard",
                "fixture_id": 5898,
                "player_id": 1052,
                "player_name": "S. Francis",
                "related_player_id": null,
                "related_player_name": null,
                "minute": 82,
                "extra_minute": null,
                "reason": null,
                "injuried": null,
                "result": null
            },
            {
                "id": 6907575,
                "team_id": "52",
                "type": "yellowcard",
                "fixture_id": 5898,
                "player_id": 1048,
                "player_name": "A. Boruc",
                "related_player_id": null,
                "related_player_name": null,
                "minute": 86,
                "extra_minute": null,
                "reason": null,
                "injuried": null,
                "result": null
            },
            {
                "id": 6907567,
                "team_id": "19",
                "type": "goal",
                "fixture_id": 5898,
                "player_id": 798,
                "player_name": "O. Giroud",
                "related_player_id": 1887,
                "related_player_name": "G. Xhaka",
                "minute": 90,
                "extra_minute": 2,
                "reason": null,
                "injuried": null,
                "result": null
            },
            {
                "id": 6907598,
                "team_id": "52",
                "type": "yellowcard",
                "fixture_id": 5898,
                "player_id": 1842,
                "player_name": "H. Arter",
                "related_player_id": null,
                "related_player_name": null,
                "minute": 90,
                "extra_minute": 7,
                "reason": null,
                "injuried": null,
                "result": null
            },
            {
                "id": 6907642,
                "team_id": "52",
                "type": "substitution",
                "fixture_id": 5898,
                "player_id": 1864,
                "player_name": "B. Smith",
                "related_player_id": 1065,
                "related_player_name": "C. Wilson",
                "minute": 90,
                "extra_minute": 1,
                "reason": null,
                "injuried": false,
                "result": null
            }
        ]
    },
    "odds": {
        "data": []
    }
}