{
    "id": 376215,
    "league_id": 486,
    "season_id": 828,
    "stage_id": 1560,
    "round_id": 27100,
    "group_id": null,
    "aggregate_id": null,
    "venue_id": 2097,
    "referee_id": 3402,
    "localteam_id": 3578,
    "visitorteam_id": 4118,
    "winner_team_id": 4118,
    "weather_report": null,
    "commentaries": false,
    "attendance": null,
    "pitch": null,
    "details": null,
    "neutral_venue": false,
    "winning_odds_calculated": true,
    "formations": {
        "localteam_formation": "4-2-3-1",
        "visitorteam_formation": "4-4-2"
    },
    "scores": {
        "localteam_score": 0,
        "visitorteam_score": 1,
        "localteam_pen_score": null,
        "visitorteam_pen_score": null,
        "ht_score": "0-1",
        "ft_score": "0-1",
        "et_score": null
    },
    "time": {
        "status": "FT",
        "starting_at": {
            "date_time": "2017-04-22 16:00:00",
            "date": "2017-04-22",
            "time": "16:00:00",
            "timestamp": 1492876800,
            "timezone": "UTC"
        },
        "minute": 90,
        "second": null,
        "added_time": null,
        "extra_minute": null,
        "injury_time": null
    },
    "coaches": {
        "localteam_coach_id": 784547,
        "visitorteam_coach_id": 455674
    },
    "standings": {
        "localteam_position": null,
        "visitorteam_position": null
    },
    "assistants": {
        "first_assistant_id": null,
        "second_assistant_id": null,
        "fourth_official_id": null
    },
    "leg": null,
    "colors": null,
    "deleted": false,
    "localTeam": {
        "data": {
            "id": 3578,
            "legacy_id": 505,
            "name": "Akhmat Grozny",
            "short_code": "AKH",
            "twitter": null,
            "country_id": 227,
            "national_team": false,
            "founded": 1958,
            "logo_path": "https://cdn.sportmonks.com/images//soccer/teams/26/3578.png",
            "venue_id": 2097,
            "current_season_id": 12996
        }
    },
    "visitorTeam": {
        "data": {
            "id": 4118,
            "legacy_id": 764,
            "name": "Anzhi",
            "short_code": "ANZ",
            "twitter": null,
            "country_id": 227,
            "national_team": false,
            "founded": 1991,
            "logo_path": "https://cdn.sportmonks.com/images//soccer/teams/22/4118.png",
            "venue_id": 2412,
            "current_season_id": 16353
        }
    },
    "league": {
        "data": {
            "id": 486,
            "active": true,
            "type": "domestic",
            "legacy_id": 42,
            "country_id": 227,
            "logo_path": null,
            "name": "Premier League",
            "is_cup": false,
            "current_season_id": 16021,
            "current_round_id": 169532,
            "current_stage_id": 77443803,
            "live_standings": true,
            "coverage": {
                "predictions": 1,
                "topscorer_goals": true,
                "topscorer_assists": true,
                "topscorer_cards": true
            }
        }
    },
    "events": {
        "data": [
            {
                "id": 8733273,
                "team_id": "3578",
                "type": "yellowcard",
                "fixture_id": 376215,
                "player_id": 31173,
                "player_name": "O. Roshi",
                "related_player_id": null,
                "related_player_name": null,
                "minute": 12,
                "extra_minute": null,
                "reason": null,
                "injuried": null,
                "result": null
            },
            {
                "id": 8733266,
                "team_id": "4118",
                "type": "goal",
                "fixture_id": 376215,
                "player_id": 36754,
                "player_name": "F. Brown Forbes",
                "related_player_id": 155750,
                "related_player_name": "A. Katsaev",
                "minute": 14,
                "extra_minute": null,
                "reason": null,
                "injuried": null,
                "result": null
            },
            {
                "id": 8733288,
                "team_id": "4118",
                "type": "yellowcard",
                "fixture_id": 376215,
                "player_id": 169552,
                "player_name": "A. Dudiev",
                "related_player_id": null,
                "related_player_name": null,
                "minute": 30,
                "extra_minute": null,
                "reason": "Foul",
                "injuried": null,
                "result": null
            },
            {
                "id": 8733339,
                "team_id": "4118",
                "type": "substitution",
                "fixture_id": 376215,
                "player_id": 169599,
                "player_name": "S. Bryzgalov",
                "related_player_id": 169552,
                "related_player_name": "A. Dudiev",
                "minute": 36,
                "extra_minute": null,
                "reason": null,
                "injuried": false,
                "result": null
            },
            {
                "id": 8733295,
                "team_id": "4118",
                "type": "yellowcard",
                "fixture_id": 376215,
                "player_id": 36754,
                "player_name": "F. Brown Forbes",
                "related_player_id": null,
                "related_player_name": null,
                "minute": 52,
                "extra_minute": null,
                "reason": null,
                "injuried": null,
                "result": null
            },
            {
                "id": 8733346,
                "team_id": "4118",
                "type": "substitution",
                "fixture_id": 376215,
                "player_id": 170080,
                "player_name": "P. Dolgov",
                "related_player_id": 36754,
                "related_player_name": "F. Brown Forbes",
                "minute": 62,
                "extra_minute": null,
                "reason": null,
                "injuried": null,
                "result": null
            },
            {
                "id": 8733314,
                "team_id": "3578",
                "type": "substitution",
                "fixture_id": 376215,
                "player_id": 48849,
                "player_name": "B. Berisha",
                "related_player_id": 169496,
                "related_player_name": "M. Mitrishev",
                "minute": 64,
                "extra_minute": null,
                "reason": null,
                "injuried": null,
                "result": null
            },
            {
                "id": 8733322,
                "team_id": "3578",
                "type": "substitution",
                "fixture_id": 376215,
                "player_id": 125346,
                "player_name": "Z. Sadaev",
                "related_player_id": 31173,
                "related_player_name": "O. Roshi",
                "minute": 66,
                "extra_minute": null,
                "reason": null,
                "injuried": null,
                "result": null
            },
            {
                "id": 8733331,
                "team_id": "3578",
                "type": "substitution",
                "fixture_id": 376215,
                "player_id": 169603,
                "player_name": "O. Ivanov",
                "related_player_id": 61074,
                "related_player_name": "G. Grozav",
                "minute": 78,
                "extra_minute": null,
                "reason": null,
                "injuried": null,
                "result": null
            },
            {
                "id": 8733353,
                "team_id": "4118",
                "type": "substitution",
                "fixture_id": 376215,
                "player_id": 170468,
                "player_name": "S. Ezatolahi",
                "related_player_id": 170618,
                "related_player_name": "P. Budkivskyi",
                "minute": 82,
                "extra_minute": null,
                "reason": null,
                "injuried": null,
                "result": null
            },
            {
                "id": 8733280,
                "team_id": "4118",
                "type": "yellowcard",
                "fixture_id": 376215,
                "player_id": 169307,
                "player_name": "D. Yurchenko",
                "related_player_id": null,
                "related_player_name": null,
                "minute": 90,
                "extra_minute": 4,
                "reason": "Time wasting",
                "injuried": null,
                "result": null
            },
            {
                "id": 8733305,
                "team_id": "4118",
                "type": "yellowcard",
                "fixture_id": 376215,
                "player_id": 155750,
                "player_name": "A. Katsaev",
                "related_player_id": null,
                "related_player_name": null,
                "minute": 90,
                "extra_minute": 5,
                "reason": "Foul",
                "injuried": null,
                "result": null
            }
        ]
    },
    "odds": {
        "data": []
    }
}