{
    "id": 375683,
    "league_id": 486,
    "season_id": 828,
    "stage_id": 1560,
    "round_id": 27094,
    "group_id": null,
    "aggregate_id": null,
    "venue_id": 2412,
    "referee_id": 3393,
    "localteam_id": 4118,
    "visitorteam_id": 35,
    "winner_team_id": 35,
    "weather_report": null,
    "commentaries": false,
    "attendance": null,
    "pitch": null,
    "details": null,
    "neutral_venue": false,
    "winning_odds_calculated": true,
    "formations": {
        "localteam_formation": "4-2-3-1",
        "visitorteam_formation": "4-4-2"
    },
    "scores": {
        "localteam_score": 0,
        "visitorteam_score": 1,
        "localteam_pen_score": null,
        "visitorteam_pen_score": null,
        "ht_score": "0-0",
        "ft_score": "0-1",
        "et_score": null
    },
    "time": {
        "status": "FT",
        "starting_at": {
            "date_time": "2017-03-06 16:30:00",
            "date": "2017-03-06",
            "time": "16:30:00",
            "timestamp": 1488817800,
            "timezone": "UTC"
        },
        "minute": 90,
        "second": null,
        "added_time": null,
        "extra_minute": null,
        "injury_time": null
    },
    "coaches": {
        "localteam_coach_id": 455674,
        "visitorteam_coach_id": 882973
    },
    "standings": {
        "localteam_position": null,
        "visitorteam_position": null
    },
    "assistants": {
        "first_assistant_id": null,
        "second_assistant_id": null,
        "fourth_official_id": null
    },
    "leg": null,
    "colors": null,
    "deleted": false,
    "localTeam": {
        "data": {
            "id": 4118,
            "legacy_id": 764,
            "name": "Anzhi",
            "short_code": "ANZ",
            "twitter": null,
            "country_id": 227,
            "national_team": false,
            "founded": 1991,
            "logo_path": "https://cdn.sportmonks.com/images//soccer/teams/22/4118.png",
            "venue_id": 2412,
            "current_season_id": 16353
        }
    },
    "visitorTeam": {
        "data": {
            "id": 35,
            "legacy_id": 503,
            "name": "Rubin Kazan'",
            "short_code": "RKA",
            "twitter": null,
            "country_id": 227,
            "national_team": false,
            "founded": 1958,
            "logo_path": "https://cdn.sportmonks.com/images//soccer/teams/3/35.png",
            "venue_id": 8869,
            "current_season_id": 12996
        }
    },
    "league": {
        "data": {
            "id": 486,
            "active": true,
            "type": "domestic",
            "legacy_id": 42,
            "country_id": 227,
            "logo_path": null,
            "name": "Premier League",
            "is_cup": false,
            "current_season_id": 16021,
            "current_round_id": 169532,
            "current_stage_id": 77443803,
            "live_standings": true,
            "coverage": {
                "predictions": 1,
                "topscorer_goals": true,
                "topscorer_assists": true,
                "topscorer_cards": true
            }
        }
    },
    "events": {
        "data": [
            {
                "id": 8729306,
                "team_id": "35",
                "type": "yellowcard",
                "fixture_id": 375683,
                "player_id": 170269,
                "player_name": "D. Tkachuk",
                "related_player_id": null,
                "related_player_name": null,
                "minute": 11,
                "extra_minute": null,
                "reason": "Foul",
                "injuried": null,
                "result": null
            },
            {
                "id": 8729316,
                "team_id": "35",
                "type": "yellowcard",
                "fixture_id": 375683,
                "player_id": 169609,
                "player_name": "M. Kanunnikov",
                "related_player_id": null,
                "related_player_name": null,
                "minute": 23,
                "extra_minute": null,
                "reason": null,
                "injuried": null,
                "result": null
            },
            {
                "id": 8729286,
                "team_id": "4118",
                "type": "yellowcard",
                "fixture_id": 375683,
                "player_id": 170468,
                "player_name": "S. Ezatolahi",
                "related_player_id": null,
                "related_player_name": null,
                "minute": 27,
                "extra_minute": null,
                "reason": "Foul",
                "injuried": null,
                "result": null
            },
            {
                "id": 8729348,
                "team_id": "35",
                "type": "substitution",
                "fixture_id": 375683,
                "player_id": 73526,
                "player_name": "M. Caktaš",
                "related_player_id": 170269,
                "related_player_name": "D. Tkachuk",
                "minute": 56,
                "extra_minute": null,
                "reason": null,
                "injuried": null,
                "result": null
            },
            {
                "id": 8729325,
                "team_id": "4118",
                "type": "substitution",
                "fixture_id": 375683,
                "player_id": 170047,
                "player_name": "M. Batov",
                "related_player_id": 79151,
                "related_player_name": "A. Prudnikov",
                "minute": 61,
                "extra_minute": null,
                "reason": null,
                "injuried": false,
                "result": null
            },
            {
                "id": 8729332,
                "team_id": "4118",
                "type": "substitution",
                "fixture_id": 375683,
                "player_id": 169409,
                "player_name": "P. Yakovlev",
                "related_player_id": 169514,
                "related_player_name": "A. Khubulov",
                "minute": 63,
                "extra_minute": null,
                "reason": null,
                "injuried": false,
                "result": null
            },
            {
                "id": 8729295,
                "team_id": "4118",
                "type": "yellowred",
                "fixture_id": 375683,
                "player_id": 170468,
                "player_name": "S. Ezatolahi",
                "related_player_id": null,
                "related_player_name": null,
                "minute": 77,
                "extra_minute": null,
                "reason": null,
                "injuried": null,
                "result": null
            },
            {
                "id": 8729357,
                "team_id": "35",
                "type": "substitution",
                "fixture_id": 375683,
                "player_id": 169239,
                "player_name": "G. Karadeniz",
                "related_player_id": 170169,
                "related_player_name": "V. Ustinov",
                "minute": 79,
                "extra_minute": null,
                "reason": null,
                "injuried": null,
                "result": null
            },
            {
                "id": 8729278,
                "team_id": "35",
                "type": "goal",
                "fixture_id": 375683,
                "player_id": 169609,
                "player_name": "M. Kanunnikov",
                "related_player_id": 24482,
                "related_player_name": "Jonathas",
                "minute": 81,
                "extra_minute": null,
                "reason": null,
                "injuried": null,
                "result": null
            },
            {
                "id": 8729340,
                "team_id": "4118",
                "type": "substitution",
                "fixture_id": 375683,
                "player_id": 135980,
                "player_name": "S. Asildarov",
                "related_player_id": 169587,
                "related_player_name": "S. Parshivlyuk",
                "minute": 89,
                "extra_minute": null,
                "reason": null,
                "injuried": null,
                "result": null
            }
        ]
    },
    "odds": {
        "data": []
    }
}