{
    "id": 375789,
    "league_id": 486,
    "season_id": 828,
    "stage_id": 1560,
    "round_id": 27096,
    "group_id": null,
    "aggregate_id": null,
    "venue_id": 2412,
    "referee_id": 20,
    "localteam_id": 4118,
    "visitorteam_id": 3452,
    "winner_team_id": 4118,
    "weather_report": null,
    "commentaries": false,
    "attendance": null,
    "pitch": null,
    "details": null,
    "neutral_venue": false,
    "winning_odds_calculated": true,
    "formations": {
        "localteam_formation": "4-2-3-1",
        "visitorteam_formation": "4-1-4-1"
    },
    "scores": {
        "localteam_score": 1,
        "visitorteam_score": 0,
        "localteam_pen_score": null,
        "visitorteam_pen_score": null,
        "ht_score": "0-0",
        "ft_score": "1-0",
        "et_score": null
    },
    "time": {
        "status": "FT",
        "starting_at": {
            "date_time": "2017-03-17 16:00:00",
            "date": "2017-03-17",
            "time": "16:00:00",
            "timestamp": 1489766400,
            "timezone": "UTC"
        },
        "minute": 90,
        "second": null,
        "added_time": null,
        "extra_minute": null,
        "injury_time": null
    },
    "coaches": {
        "localteam_coach_id": 455674,
        "visitorteam_coach_id": 3181403
    },
    "standings": {
        "localteam_position": null,
        "visitorteam_position": null
    },
    "assistants": {
        "first_assistant_id": null,
        "second_assistant_id": null,
        "fourth_official_id": null
    },
    "leg": null,
    "colors": null,
    "deleted": false,
    "localTeam": {
        "data": {
            "id": 4118,
            "legacy_id": 764,
            "name": "Anzhi",
            "short_code": "ANZ",
            "twitter": null,
            "country_id": 227,
            "national_team": false,
            "founded": 1991,
            "logo_path": "https://cdn.sportmonks.com/images//soccer/teams/22/4118.png",
            "venue_id": 2412,
            "current_season_id": 16353
        }
    },
    "visitorTeam": {
        "data": {
            "id": 3452,
            "legacy_id": 768,
            "name": "Orenburg",
            "short_code": null,
            "twitter": null,
            "country_id": 227,
            "national_team": false,
            "founded": 0,
            "logo_path": "https://cdn.sportmonks.com/images//soccer/teams/28/3452.png",
            "venue_id": 2012,
            "current_season_id": 12996
        }
    },
    "league": {
        "data": {
            "id": 486,
            "active": true,
            "type": "domestic",
            "legacy_id": 42,
            "country_id": 227,
            "logo_path": null,
            "name": "Premier League",
            "is_cup": false,
            "current_season_id": 16021,
            "current_round_id": 169532,
            "current_stage_id": 77443803,
            "live_standings": true,
            "coverage": {
                "predictions": 1,
                "topscorer_goals": true,
                "topscorer_assists": true,
                "topscorer_cards": true
            }
        }
    },
    "events": {
        "data": [
            {
                "id": 8730013,
                "team_id": "4118",
                "type": "yellowcard",
                "fixture_id": 375789,
                "player_id": 135980,
                "player_name": "S. Asildarov",
                "related_player_id": null,
                "related_player_name": null,
                "minute": 12,
                "extra_minute": null,
                "reason": null,
                "injuried": null,
                "result": null
            },
            {
                "id": 8730022,
                "team_id": "3452",
                "type": "yellowcard",
                "fixture_id": 375789,
                "player_id": 56507,
                "player_name": "M. Sivakov",
                "related_player_id": null,
                "related_player_name": null,
                "minute": 49,
                "extra_minute": null,
                "reason": null,
                "injuried": null,
                "result": null
            },
            {
                "id": 8730038,
                "team_id": "4118",
                "type": "substitution",
                "fixture_id": 375789,
                "player_id": 79151,
                "player_name": "A. Prudnikov",
                "related_player_id": 135980,
                "related_player_name": "S. Asildarov",
                "minute": 61,
                "extra_minute": null,
                "reason": null,
                "injuried": null,
                "result": null
            },
            {
                "id": 8730061,
                "team_id": "3452",
                "type": "substitution",
                "fixture_id": 375789,
                "player_id": 170118,
                "player_name": "S. Drahun",
                "related_player_id": 169405,
                "related_player_name": "R. Vorobyov",
                "minute": 72,
                "extra_minute": null,
                "reason": null,
                "injuried": null,
                "result": null
            },
            {
                "id": 8730045,
                "team_id": "4118",
                "type": "substitution",
                "fixture_id": 375789,
                "player_id": 170357,
                "player_name": "S. Gasanov",
                "related_player_id": 170468,
                "related_player_name": "S. Ezatolahi",
                "minute": 74,
                "extra_minute": null,
                "reason": null,
                "injuried": false,
                "result": null
            },
            {
                "id": 8730006,
                "team_id": "4118",
                "type": "goal",
                "fixture_id": 375789,
                "player_id": 79151,
                "player_name": "A. Prudnikov",
                "related_player_id": 172263,
                "related_player_name": "A. Guliev",
                "minute": 79,
                "extra_minute": null,
                "reason": null,
                "injuried": null,
                "result": null
            },
            {
                "id": 8730030,
                "team_id": "4118",
                "type": "yellowcard",
                "fixture_id": 375789,
                "player_id": 79151,
                "player_name": "A. Prudnikov",
                "related_player_id": null,
                "related_player_name": null,
                "minute": 80,
                "extra_minute": null,
                "reason": "",
                "injuried": null,
                "result": null
            },
            {
                "id": 8730069,
                "team_id": "3452",
                "type": "substitution",
                "fixture_id": 375789,
                "player_id": 106341,
                "player_name": "E. Lobjanidze",
                "related_player_id": 170735,
                "related_player_name": "I. Koronov",
                "minute": 81,
                "extra_minute": null,
                "reason": null,
                "injuried": null,
                "result": null
            },
            {
                "id": 8730053,
                "team_id": "4118",
                "type": "substitution",
                "fixture_id": 375789,
                "player_id": 169552,
                "player_name": "A. Dudiev",
                "related_player_id": 169514,
                "related_player_name": "A. Khubulov",
                "minute": 82,
                "extra_minute": null,
                "reason": null,
                "injuried": false,
                "result": null
            },
            {
                "id": 8730077,
                "team_id": "3452",
                "type": "substitution",
                "fixture_id": 375789,
                "player_id": 170637,
                "player_name": "A. Sanaya",
                "related_player_id": 170627,
                "related_player_name": "V. Poluyakhtov",
                "minute": 88,
                "extra_minute": null,
                "reason": null,
                "injuried": false,
                "result": null
            }
        ]
    },
    "odds": {
        "data": []
    }
}