{
    "id": 376305,
    "league_id": 486,
    "season_id": 828,
    "stage_id": 1560,
    "round_id": 27101,
    "group_id": null,
    "aggregate_id": null,
    "venue_id": 2404,
    "referee_id": 3388,
    "localteam_id": 4104,
    "visitorteam_id": 452,
    "winner_team_id": 4104,
    "weather_report": null,
    "commentaries": false,
    "attendance": 8000,
    "pitch": null,
    "details": null,
    "neutral_venue": false,
    "winning_odds_calculated": true,
    "formations": {
        "localteam_formation": "5-3-2",
        "visitorteam_formation": "4-2-3-1"
    },
    "scores": {
        "localteam_score": 2,
        "visitorteam_score": 0,
        "localteam_pen_score": null,
        "visitorteam_pen_score": null,
        "ht_score": "1-0",
        "ft_score": "2-0",
        "et_score": null
    },
    "time": {
        "status": "FT",
        "starting_at": {
            "date_time": "2017-04-26 16:30:00",
            "date": "2017-04-26",
            "time": "16:30:00",
            "timestamp": 1493224200,
            "timezone": "UTC"
        },
        "minute": 90,
        "second": null,
        "added_time": null,
        "extra_minute": null,
        "injury_time": null
    },
    "coaches": {
        "localteam_coach_id": 1025448,
        "visitorteam_coach_id": 170424
    },
    "standings": {
        "localteam_position": null,
        "visitorteam_position": null
    },
    "assistants": {
        "first_assistant_id": null,
        "second_assistant_id": null,
        "fourth_official_id": null
    },
    "leg": null,
    "colors": null,
    "deleted": false,
    "localTeam": {
        "data": {
            "id": 4104,
            "legacy_id": 511,
            "name": "Arsenal Tula",
            "short_code": "FCA",
            "twitter": null,
            "country_id": 227,
            "national_team": false,
            "founded": 2008,
            "logo_path": "https://cdn.sportmonks.com/images//soccer/teams/8/4104.png",
            "venue_id": 2404,
            "current_season_id": 12996
        }
    },
    "visitorTeam": {
        "data": {
            "id": 452,
            "legacy_id": 767,
            "name": "Krylya Sovetov",
            "short_code": null,
            "twitter": null,
            "country_id": 227,
            "national_team": false,
            "founded": 1942,
            "logo_path": "https://cdn.sportmonks.com/images//soccer/teams/4/452.png",
            "venue_id": 219226,
            "current_season_id": 12996
        }
    },
    "league": {
        "data": {
            "id": 486,
            "active": true,
            "type": "domestic",
            "legacy_id": 42,
            "country_id": 227,
            "logo_path": null,
            "name": "Premier League",
            "is_cup": false,
            "current_season_id": 16021,
            "current_round_id": 169532,
            "current_stage_id": 77443803,
            "live_standings": true,
            "coverage": {
                "predictions": 1,
                "topscorer_goals": true,
                "topscorer_assists": true,
                "topscorer_cards": true
            }
        }
    },
    "events": {
        "data": [
            {
                "id": 8733948,
                "team_id": "4104",
                "type": "yellowcard",
                "fixture_id": 376305,
                "player_id": 169782,
                "player_name": "M. Belyaev",
                "related_player_id": null,
                "related_player_name": null,
                "minute": 14,
                "extra_minute": null,
                "reason": null,
                "injuried": null,
                "result": null
            },
            {
                "id": 8733974,
                "team_id": "452",
                "type": "yellowcard",
                "fixture_id": 376305,
                "player_id": 169701,
                "player_name": "I. Taranov",
                "related_player_id": null,
                "related_player_name": null,
                "minute": 18,
                "extra_minute": null,
                "reason": null,
                "injuried": null,
                "result": null
            },
            {
                "id": 8733932,
                "team_id": "4104",
                "type": "goal",
                "fixture_id": 376305,
                "player_id": 78098,
                "player_name": "G. Grigalava",
                "related_player_id": 169282,
                "related_player_name": "N. Burmistrov",
                "minute": 31,
                "extra_minute": null,
                "reason": null,
                "injuried": null,
                "result": null
            },
            {
                "id": 8733982,
                "team_id": "452",
                "type": "yellowcard",
                "fixture_id": 376305,
                "player_id": 172247,
                "player_name": "S. Mijailović",
                "related_player_id": null,
                "related_player_name": null,
                "minute": 44,
                "extra_minute": null,
                "reason": "Foul",
                "injuried": null,
                "result": null
            },
            {
                "id": 8734014,
                "team_id": "452",
                "type": "substitution",
                "fixture_id": 376305,
                "player_id": 514,
                "player_name": "A. Hleb",
                "related_player_id": 170308,
                "related_player_name": "V. Zinkov",
                "minute": 54,
                "extra_minute": null,
                "reason": null,
                "injuried": false,
                "result": null
            },
            {
                "id": 8734022,
                "team_id": "452",
                "type": "substitution",
                "fixture_id": 376305,
                "player_id": 169762,
                "player_name": "S. Tkachev",
                "related_player_id": 95474,
                "related_player_name": "G. Bruno",
                "minute": 58,
                "extra_minute": null,
                "reason": null,
                "injuried": null,
                "result": null
            },
            {
                "id": 8733966,
                "team_id": "452",
                "type": "yellowcard",
                "fixture_id": 376305,
                "player_id": 170123,
                "player_name": "G. Zotov",
                "related_player_id": null,
                "related_player_name": null,
                "minute": 59,
                "extra_minute": null,
                "reason": "Argument",
                "injuried": null,
                "result": null
            },
            {
                "id": 8733956,
                "team_id": "4104",
                "type": "yellowcard",
                "fixture_id": 376305,
                "player_id": 163674,
                "player_name": "A. Bourceanu",
                "related_player_id": null,
                "related_player_name": null,
                "minute": 60,
                "extra_minute": null,
                "reason": null,
                "injuried": null,
                "result": null
            },
            {
                "id": 8733990,
                "team_id": "4104",
                "type": "substitution",
                "fixture_id": 376305,
                "player_id": 170101,
                "player_name": "I. Gorbatenko",
                "related_player_id": 169282,
                "related_player_name": "N. Burmistrov",
                "minute": 65,
                "extra_minute": null,
                "reason": null,
                "injuried": null,
                "result": null
            },
            {
                "id": 8734029,
                "team_id": "452",
                "type": "substitution",
                "fixture_id": 376305,
                "player_id": 30492,
                "player_name": "B. Sadik",
                "related_player_id": 169701,
                "related_player_name": "I. Taranov",
                "minute": 71,
                "extra_minute": null,
                "reason": null,
                "injuried": null,
                "result": null
            },
            {
                "id": 8733998,
                "team_id": "4104",
                "type": "substitution",
                "fixture_id": 376305,
                "player_id": 172228,
                "player_name": "F. Rasic",
                "related_player_id": 169431,
                "related_player_name": "I. Maksimov",
                "minute": 73,
                "extra_minute": null,
                "reason": null,
                "injuried": null,
                "result": null
            },
            {
                "id": 8733940,
                "team_id": "4104",
                "type": "goal",
                "fixture_id": 376305,
                "player_id": 172228,
                "player_name": "F. Rasic",
                "related_player_id": 170101,
                "related_player_name": "I. Gorbatenko",
                "minute": 80,
                "extra_minute": null,
                "reason": null,
                "injuried": null,
                "result": null
            },
            {
                "id": 8734006,
                "team_id": "4104",
                "type": "substitution",
                "fixture_id": 376305,
                "player_id": 169787,
                "player_name": "V. Ryzhkov",
                "related_player_id": 170056,
                "related_player_name": "M. Doumbia",
                "minute": 90,
                "extra_minute": null,
                "reason": null,
                "injuried": null,
                "result": null
            }
        ]
    },
    "odds": {
        "data": []
    }
}