{
    "id": 6985,
    "league_id": 8,
    "season_id": 13,
    "stage_id": 11,
    "round_id": 681,
    "group_id": null,
    "aggregate_id": null,
    "venue_id": 204,
    "referee_id": 36,
    "localteam_id": 19,
    "visitorteam_id": 9,
    "winner_team_id": null,
    "weather_report": null,
    "commentaries": true,
    "attendance": 60001,
    "pitch": null,
    "details": null,
    "neutral_venue": false,
    "winning_odds_calculated": true,
    "formations": {
        "localteam_formation": "4-2-3-1",
        "visitorteam_formation": "4-2-3-1"
    },
    "scores": {
        "localteam_score": 2,
        "visitorteam_score": 2,
        "localteam_pen_score": null,
        "visitorteam_pen_score": null,
        "ht_score": "1-2",
        "ft_score": "2-2",
        "et_score": null
    },
    "time": {
        "status": "FT",
        "starting_at": {
            "date_time": "2017-04-02 15:00:00",
            "date": "2017-04-02",
            "time": "15:00:00",
            "timestamp": 1491145200,
            "timezone": "UTC"
        },
        "minute": 90,
        "second": null,
        "added_time": null,
        "extra_minute": null,
        "injury_time": null
    },
    "coaches": {
        "localteam_coach_id": 455383,
        "visitorteam_coach_id": 455361
    },
    "standings": {
        "localteam_position": null,
        "visitorteam_position": null
    },
    "assistants": {
        "first_assistant_id": null,
        "second_assistant_id": null,
        "fourth_official_id": null
    },
    "leg": "1/1",
    "colors": null,
    "deleted": false,
    "localTeam": {
        "data": {
            "id": 19,
            "legacy_id": 124,
            "name": "Arsenal",
            "short_code": "ARS",
            "twitter": "@Arsenal",
            "country_id": 462,
            "national_team": false,
            "founded": 1886,
            "logo_path": "https://cdn.sportmonks.com/images//soccer/teams/19/19.png",
            "venue_id": 204,
            "current_season_id": 16036
        }
    },
    "visitorTeam": {
        "data": {
            "id": 9,
            "legacy_id": 127,
            "name": "Manchester City",
            "short_code": "MCI",
            "twitter": "@ManCity",
            "country_id": 462,
            "national_team": false,
            "founded": 1880,
            "logo_path": "https://cdn.sportmonks.com/images//soccer/teams/9/9.png",
            "venue_id": 151,
            "current_season_id": 16036
        }
    },
    "league": {
        "data": {
            "id": 8,
            "active": true,
            "type": "domestic",
            "legacy_id": 29,
            "country_id": 462,
            "logo_path": "https://cdn.sportmonks.com/images/soccer/leagues/8.png",
            "name": "Premier League",
            "is_cup": false,
            "current_season_id": 16036,
            "current_round_id": 169657,
            "current_stage_id": 77443862,
            "live_standings": true,
            "coverage": {
                "predictions": 1,
                "topscorer_goals": true,
                "topscorer_assists": true,
                "topscorer_cards": true
            }
        }
    },
    "events": {
        "data": [
            {
                "id": 6917262,
                "team_id": "9",
                "type": "goal",
                "fixture_id": 6985,
                "player_id": 4783,
                "player_name": "L. Sané",
                "related_player_id": 1371,
                "related_player_name": "K. De Bruyne",
                "minute": 5,
                "extra_minute": null,
                "reason": null,
                "injuried": null,
                "result": null
            },
            {
                "id": 6917314,
                "team_id": "9",
                "type": "yellowcard",
                "fixture_id": 6985,
                "player_id": 1435,
                "player_name": "Jesús Navas",
                "related_player_id": null,
                "related_player_name": null,
                "minute": 8,
                "extra_minute": null,
                "reason": null,
                "injuried": null,
                "result": null
            },
            {
                "id": 6917301,
                "team_id": "19",
                "type": "yellowcard",
                "fixture_id": 6985,
                "player_id": 835,
                "player_name": "F. Coquelin",
                "related_player_id": null,
                "related_player_name": null,
                "minute": 15,
                "extra_minute": null,
                "reason": null,
                "injuried": null,
                "result": null
            },
            {
                "id": 6917307,
                "team_id": "19",
                "type": "yellowcard",
                "fixture_id": 6985,
                "player_id": 1887,
                "player_name": "G. Xhaka",
                "related_player_id": null,
                "related_player_name": null,
                "minute": 32,
                "extra_minute": null,
                "reason": null,
                "injuried": null,
                "result": null
            },
            {
                "id": 6917269,
                "team_id": "19",
                "type": "goal",
                "fixture_id": 6985,
                "player_id": 53,
                "player_name": "T. Walcott",
                "related_player_id": 3817,
                "related_player_name": "S. Mustafi",
                "minute": 40,
                "extra_minute": null,
                "reason": null,
                "injuried": null,
                "result": null
            },
            {
                "id": 6917276,
                "team_id": "9",
                "type": "goal",
                "fixture_id": 6985,
                "player_id": 1359,
                "player_name": "S. Agüero",
                "related_player_id": 294,
                "related_player_name": "David Silva",
                "minute": 42,
                "extra_minute": null,
                "reason": null,
                "injuried": null,
                "result": null
            },
            {
                "id": 6917330,
                "team_id": "19",
                "type": "substitution",
                "fixture_id": 6985,
                "player_id": 1441,
                "player_name": "Gabriel Paulista",
                "related_player_id": 716,
                "related_player_name": "L. Koscielny",
                "minute": 46,
                "extra_minute": null,
                "reason": null,
                "injuried": null,
                "result": null
            },
            {
                "id": 6917351,
                "team_id": "9",
                "type": "substitution",
                "fixture_id": 6985,
                "player_id": 296,
                "player_name": "Y. Touré",
                "related_player_id": 802,
                "related_player_name": "R. Sterling",
                "minute": 46,
                "extra_minute": null,
                "reason": null,
                "injuried": null,
                "result": null
            },
            {
                "id": 6917322,
                "team_id": "9",
                "type": "yellowcard",
                "fixture_id": 6985,
                "player_id": 1408,
                "player_name": "Fernandinho",
                "related_player_id": null,
                "related_player_name": null,
                "minute": 47,
                "extra_minute": null,
                "reason": null,
                "injuried": null,
                "result": null
            },
            {
                "id": 6917285,
                "team_id": "19",
                "type": "goal",
                "fixture_id": 6985,
                "player_id": 3817,
                "player_name": "S. Mustafi",
                "related_player_id": 1430,
                "related_player_name": "M. Özil",
                "minute": 53,
                "extra_minute": null,
                "reason": null,
                "injuried": null,
                "result": null
            },
            {
                "id": 6917293,
                "team_id": "19",
                "type": "yellowcard",
                "fixture_id": 6985,
                "player_id": 3817,
                "player_name": "S. Mustafi",
                "related_player_id": null,
                "related_player_name": null,
                "minute": 61,
                "extra_minute": null,
                "reason": null,
                "injuried": null,
                "result": null
            },
            {
                "id": 6917337,
                "team_id": "19",
                "type": "substitution",
                "fixture_id": 6985,
                "player_id": 798,
                "player_name": "O. Giroud",
                "related_player_id": 53,
                "related_player_name": "T. Walcott",
                "minute": 68,
                "extra_minute": null,
                "reason": null,
                "injuried": null,
                "result": null
            },
            {
                "id": 6917343,
                "team_id": "19",
                "type": "substitution",
                "fixture_id": 6985,
                "player_id": 1881,
                "player_name": "A. Iwobi",
                "related_player_id": 627,
                "related_player_name": "D. Welbeck",
                "minute": 77,
                "extra_minute": null,
                "reason": null,
                "injuried": null,
                "result": null
            },
            {
                "id": 6917357,
                "team_id": "9",
                "type": "substitution",
                "fixture_id": 6985,
                "player_id": 237,
                "player_name": "P. Zabaleta",
                "related_player_id": 294,
                "related_player_name": "David Silva",
                "minute": 89,
                "extra_minute": null,
                "reason": null,
                "injuried": null,
                "result": null
            }
        ]
    },
    "odds": {
        "data": []
    }
}