{
    "id": 376144,
    "league_id": 486,
    "season_id": 828,
    "stage_id": 1560,
    "round_id": 27099,
    "group_id": null,
    "aggregate_id": null,
    "venue_id": 2404,
    "referee_id": 3394,
    "localteam_id": 4104,
    "visitorteam_id": 490,
    "winner_team_id": 490,
    "weather_report": null,
    "commentaries": false,
    "attendance": null,
    "pitch": null,
    "details": null,
    "neutral_venue": false,
    "winning_odds_calculated": true,
    "formations": {
        "localteam_formation": "3-4-2-1",
        "visitorteam_formation": "4-2-3-1"
    },
    "scores": {
        "localteam_score": 0,
        "visitorteam_score": 3,
        "localteam_pen_score": null,
        "visitorteam_pen_score": null,
        "ht_score": "0-0",
        "ft_score": "0-3",
        "et_score": null
    },
    "time": {
        "status": "FT",
        "starting_at": {
            "date_time": "2017-04-16 14:30:00",
            "date": "2017-04-16",
            "time": "14:30:00",
            "timestamp": 1492353000,
            "timezone": "UTC"
        },
        "minute": 90,
        "second": null,
        "added_time": null,
        "extra_minute": null,
        "injury_time": null
    },
    "coaches": {
        "localteam_coach_id": 1025448,
        "visitorteam_coach_id": 452674
    },
    "standings": {
        "localteam_position": null,
        "visitorteam_position": null
    },
    "assistants": {
        "first_assistant_id": null,
        "second_assistant_id": null,
        "fourth_official_id": null
    },
    "leg": null,
    "colors": null,
    "deleted": false,
    "localTeam": {
        "data": {
            "id": 4104,
            "legacy_id": 511,
            "name": "Arsenal Tula",
            "short_code": "FCA",
            "twitter": null,
            "country_id": 227,
            "national_team": false,
            "founded": 2008,
            "logo_path": "https://cdn.sportmonks.com/images//soccer/teams/8/4104.png",
            "venue_id": 2404,
            "current_season_id": 12996
        }
    },
    "visitorTeam": {
        "data": {
            "id": 490,
            "legacy_id": 501,
            "name": "Lokomotiv Moskva",
            "short_code": null,
            "twitter": null,
            "country_id": 227,
            "national_team": false,
            "founded": 1923,
            "logo_path": "https://cdn.sportmonks.com/images//soccer/teams/10/490.png",
            "venue_id": 177923,
            "current_season_id": 12996
        }
    },
    "league": {
        "data": {
            "id": 486,
            "active": true,
            "type": "domestic",
            "legacy_id": 42,
            "country_id": 227,
            "logo_path": null,
            "name": "Premier League",
            "is_cup": false,
            "current_season_id": 16021,
            "current_round_id": 169532,
            "current_stage_id": 77443803,
            "live_standings": true,
            "coverage": {
                "predictions": 1,
                "topscorer_goals": true,
                "topscorer_assists": true,
                "topscorer_cards": true
            }
        }
    },
    "events": {
        "data": [
            {
                "id": 8732718,
                "team_id": "4104",
                "type": "yellowcard",
                "fixture_id": 376144,
                "player_id": 132137,
                "player_name": "J. Vergara",
                "related_player_id": null,
                "related_player_name": null,
                "minute": 9,
                "extra_minute": null,
                "reason": null,
                "injuried": null,
                "result": null
            },
            {
                "id": 8732726,
                "team_id": "4104",
                "type": "yellowcard",
                "fixture_id": 376144,
                "player_id": 172228,
                "player_name": "F. Rasic",
                "related_player_id": null,
                "related_player_name": null,
                "minute": 34,
                "extra_minute": null,
                "reason": null,
                "injuried": null,
                "result": null
            },
            {
                "id": 8732734,
                "team_id": "4104",
                "type": "yellowred",
                "fixture_id": 376144,
                "player_id": 172228,
                "player_name": "F. Rasic",
                "related_player_id": null,
                "related_player_name": null,
                "minute": 37,
                "extra_minute": null,
                "reason": null,
                "injuried": null,
                "result": null
            },
            {
                "id": 8732747,
                "team_id": "490",
                "type": "yellowcard",
                "fixture_id": 376144,
                "player_id": 169197,
                "player_name": "I. Denisov",
                "related_player_id": null,
                "related_player_name": null,
                "minute": 38,
                "extra_minute": null,
                "reason": null,
                "injuried": null,
                "result": null
            },
            {
                "id": 8732777,
                "team_id": "490",
                "type": "substitution",
                "fixture_id": 376144,
                "player_id": 169227,
                "player_name": "A. Kasaev",
                "related_player_id": 170211,
                "related_player_name": "D. Barinov",
                "minute": 46,
                "extra_minute": null,
                "reason": null,
                "injuried": null,
                "result": null
            },
            {
                "id": 8732695,
                "team_id": "490",
                "type": "goal",
                "fixture_id": 376144,
                "player_id": 3818,
                "player_name": "Manuel Fernandes",
                "related_player_id": 169227,
                "related_player_name": "A. Kasaev",
                "minute": 53,
                "extra_minute": null,
                "reason": null,
                "injuried": null,
                "result": null
            },
            {
                "id": 8732783,
                "team_id": "490",
                "type": "substitution",
                "fixture_id": 376144,
                "player_id": 169368,
                "player_name": "Maicon",
                "related_player_id": 23138,
                "related_player_name": "J. Farfán",
                "minute": 62,
                "extra_minute": null,
                "reason": null,
                "injuried": true,
                "result": null
            },
            {
                "id": 8732702,
                "team_id": "490",
                "type": "penalty",
                "fixture_id": 376144,
                "player_id": 169368,
                "player_name": "Maicon",
                "related_player_id": null,
                "related_player_name": null,
                "minute": 74,
                "extra_minute": null,
                "reason": null,
                "injuried": null,
                "result": null
            },
            {
                "id": 8732711,
                "team_id": "490",
                "type": "goal",
                "fixture_id": 376144,
                "player_id": 23011,
                "player_name": "Ari",
                "related_player_id": 169764,
                "related_player_name": "Aleksey Miranchuk",
                "minute": 75,
                "extra_minute": null,
                "reason": null,
                "injuried": null,
                "result": null
            },
            {
                "id": 8732740,
                "team_id": "490",
                "type": "yellowcard",
                "fixture_id": 376144,
                "player_id": 169781,
                "player_name": "V. Denisov",
                "related_player_id": null,
                "related_player_name": null,
                "minute": 75,
                "extra_minute": null,
                "reason": null,
                "injuried": null,
                "result": null
            },
            {
                "id": 8732754,
                "team_id": "490",
                "type": "yellowcard",
                "fixture_id": 376144,
                "player_id": 169764,
                "player_name": "Aleksey Miranchuk",
                "related_player_id": null,
                "related_player_name": null,
                "minute": 81,
                "extra_minute": null,
                "reason": null,
                "injuried": null,
                "result": null
            },
            {
                "id": 8732770,
                "team_id": "4104",
                "type": "substitution",
                "fixture_id": 376144,
                "player_id": 169958,
                "player_name": "I. Shevchenko",
                "related_player_id": 169978,
                "related_player_name": "V. Steklov",
                "minute": 82,
                "extra_minute": null,
                "reason": null,
                "injuried": null,
                "result": null
            },
            {
                "id": 8732791,
                "team_id": "490",
                "type": "substitution",
                "fixture_id": 376144,
                "player_id": 77175,
                "player_name": "B. Rotenberg",
                "related_player_id": 169365,
                "related_player_name": "R. Yanbayev",
                "minute": 82,
                "extra_minute": null,
                "reason": null,
                "injuried": null,
                "result": null
            },
            {
                "id": 8732762,
                "team_id": "4104",
                "type": "yellowcard",
                "fixture_id": 376144,
                "player_id": 169958,
                "player_name": "I. Shevchenko",
                "related_player_id": null,
                "related_player_name": null,
                "minute": 90,
                "extra_minute": 1,
                "reason": null,
                "injuried": null,
                "result": null
            }
        ]
    },
    "odds": {
        "data": []
    }
}