{
    "id": 375908,
    "league_id": 486,
    "season_id": 828,
    "stage_id": 1560,
    "round_id": 27097,
    "group_id": null,
    "aggregate_id": null,
    "venue_id": 2404,
    "referee_id": 3401,
    "localteam_id": 4104,
    "visitorteam_id": 7036,
    "winner_team_id": 4104,
    "weather_report": null,
    "commentaries": false,
    "attendance": null,
    "pitch": null,
    "details": null,
    "neutral_venue": false,
    "winning_odds_calculated": true,
    "formations": {
        "localteam_formation": "3-4-2-1",
        "visitorteam_formation": "3-1-4-2"
    },
    "scores": {
        "localteam_score": 3,
        "visitorteam_score": 0,
        "localteam_pen_score": null,
        "visitorteam_pen_score": null,
        "ht_score": "1-0",
        "ft_score": "3-0",
        "et_score": null
    },
    "time": {
        "status": "FT",
        "starting_at": {
            "date_time": "2017-04-01 14:30:00",
            "date": "2017-04-01",
            "time": "14:30:00",
            "timestamp": 1491057000,
            "timezone": "UTC"
        },
        "minute": 90,
        "second": null,
        "added_time": null,
        "extra_minute": null,
        "injury_time": null
    },
    "coaches": {
        "localteam_coach_id": 1025448,
        "visitorteam_coach_id": 464994
    },
    "standings": {
        "localteam_position": null,
        "visitorteam_position": null
    },
    "assistants": {
        "first_assistant_id": null,
        "second_assistant_id": null,
        "fourth_official_id": null
    },
    "leg": null,
    "colors": null,
    "deleted": false,
    "localTeam": {
        "data": {
            "id": 4104,
            "legacy_id": 511,
            "name": "Arsenal Tula",
            "short_code": "FCA",
            "twitter": null,
            "country_id": 227,
            "national_team": false,
            "founded": 2008,
            "logo_path": "https://cdn.sportmonks.com/images//soccer/teams/8/4104.png",
            "venue_id": 2404,
            "current_season_id": 12996
        }
    },
    "visitorTeam": {
        "data": {
            "id": 7036,
            "legacy_id": 765,
            "name": "Tom' Tomsk",
            "short_code": null,
            "twitter": null,
            "country_id": 227,
            "national_team": false,
            "founded": 1957,
            "logo_path": "https://cdn.sportmonks.com/images//soccer/teams/28/7036.png",
            "venue_id": 4583,
            "current_season_id": 12922
        }
    },
    "league": {
        "data": {
            "id": 486,
            "active": true,
            "type": "domestic",
            "legacy_id": 42,
            "country_id": 227,
            "logo_path": null,
            "name": "Premier League",
            "is_cup": false,
            "current_season_id": 16021,
            "current_round_id": 169532,
            "current_stage_id": 77443803,
            "live_standings": true,
            "coverage": {
                "predictions": 1,
                "topscorer_goals": true,
                "topscorer_assists": true,
                "topscorer_cards": true
            }
        }
    },
    "events": {
        "data": [
            {
                "id": 8730875,
                "team_id": "4104",
                "type": "goal",
                "fixture_id": 375908,
                "player_id": 36614,
                "player_name": "M. Aleksandrov",
                "related_player_id": 68685,
                "related_player_name": "I. Ivanov",
                "minute": 19,
                "extra_minute": null,
                "reason": null,
                "injuried": null,
                "result": null
            },
            {
                "id": 8730915,
                "team_id": "7036",
                "type": "yellowcard",
                "fixture_id": 375908,
                "player_id": 170160,
                "player_name": "D. Osipov",
                "related_player_id": null,
                "related_player_name": null,
                "minute": 23,
                "extra_minute": null,
                "reason": null,
                "injuried": null,
                "result": null
            },
            {
                "id": 8730930,
                "team_id": "7036",
                "type": "yellowcard",
                "fixture_id": 375908,
                "player_id": 172221,
                "player_name": "D. Sasin",
                "related_player_id": null,
                "related_player_name": null,
                "minute": 31,
                "extra_minute": null,
                "reason": "Foul",
                "injuried": null,
                "result": null
            },
            {
                "id": 8730907,
                "team_id": "4104",
                "type": "yellowcard",
                "fixture_id": 375908,
                "player_id": 170056,
                "player_name": "M. Doumbia",
                "related_player_id": null,
                "related_player_name": null,
                "minute": 62,
                "extra_minute": null,
                "reason": null,
                "injuried": null,
                "result": null
            },
            {
                "id": 8730953,
                "team_id": "4104",
                "type": "substitution",
                "fixture_id": 375908,
                "player_id": 169958,
                "player_name": "I. Shevchenko",
                "related_player_id": 172228,
                "related_player_name": "F. Rasic",
                "minute": 71,
                "extra_minute": null,
                "reason": null,
                "injuried": null,
                "result": null
            },
            {
                "id": 8730922,
                "team_id": "7036",
                "type": "yellowcard",
                "fixture_id": 375908,
                "player_id": 169635,
                "player_name": "E. Balyaikin",
                "related_player_id": null,
                "related_player_name": null,
                "minute": 73,
                "extra_minute": null,
                "reason": null,
                "injuried": null,
                "result": null
            },
            {
                "id": 8730883,
                "team_id": "4104",
                "type": "goal",
                "fixture_id": 375908,
                "player_id": 170056,
                "player_name": "M. Doumbia",
                "related_player_id": null,
                "related_player_name": null,
                "minute": 74,
                "extra_minute": null,
                "reason": null,
                "injuried": null,
                "result": null
            },
            {
                "id": 8730977,
                "team_id": "7036",
                "type": "substitution",
                "fixture_id": 375908,
                "player_id": 172216,
                "player_name": "M. Karymov",
                "related_player_id": 172202,
                "related_player_name": "A. Miterev",
                "minute": 76,
                "extra_minute": null,
                "reason": null,
                "injuried": null,
                "result": null
            },
            {
                "id": 8730985,
                "team_id": "7036",
                "type": "substitution",
                "fixture_id": 375908,
                "player_id": 172129,
                "player_name": "A. Makurin",
                "related_player_id": 172130,
                "related_player_name": "A. Sobolev",
                "minute": 76,
                "extra_minute": null,
                "reason": null,
                "injuried": null,
                "result": null
            },
            {
                "id": 8730945,
                "team_id": "7036",
                "type": "yellowcard",
                "fixture_id": 375908,
                "player_id": 172216,
                "player_name": "M. Karymov",
                "related_player_id": null,
                "related_player_name": null,
                "minute": 80,
                "extra_minute": null,
                "reason": "Foul",
                "injuried": null,
                "result": null
            },
            {
                "id": 8730900,
                "team_id": "4104",
                "type": "yellowcard",
                "fixture_id": 375908,
                "player_id": 163674,
                "player_name": "A. Bourceanu",
                "related_player_id": null,
                "related_player_name": null,
                "minute": 83,
                "extra_minute": null,
                "reason": "Foul",
                "injuried": null,
                "result": null
            },
            {
                "id": 8730992,
                "team_id": "7036",
                "type": "substitution",
                "fixture_id": 375908,
                "player_id": 172223,
                "player_name": "A. Naumenko",
                "related_player_id": 169295,
                "related_player_name": "S. Kuznetsov",
                "minute": 84,
                "extra_minute": null,
                "reason": null,
                "injuried": false,
                "result": null
            },
            {
                "id": 8730961,
                "team_id": "4104",
                "type": "substitution",
                "fixture_id": 375908,
                "player_id": 169978,
                "player_name": "V. Steklov",
                "related_player_id": 170101,
                "related_player_name": "I. Gorbatenko",
                "minute": 88,
                "extra_minute": null,
                "reason": null,
                "injuried": null,
                "result": null
            },
            {
                "id": 8730891,
                "team_id": "4104",
                "type": "goal",
                "fixture_id": 375908,
                "player_id": 169541,
                "player_name": "K. Kombarov",
                "related_player_id": null,
                "related_player_name": null,
                "minute": 89,
                "extra_minute": null,
                "reason": null,
                "injuried": null,
                "result": null
            },
            {
                "id": 8730938,
                "team_id": "4104",
                "type": "yellowcard",
                "fixture_id": 375908,
                "player_id": 172230,
                "player_name": "G. Adzhoev",
                "related_player_id": null,
                "related_player_name": null,
                "minute": 90,
                "extra_minute": 1,
                "reason": "Foul",
                "injuried": null,
                "result": null
            },
            {
                "id": 8730969,
                "team_id": "4104",
                "type": "substitution",
                "fixture_id": 375908,
                "player_id": 172230,
                "player_name": "G. Adzhoev",
                "related_player_id": 169282,
                "related_player_name": "N. Burmistrov",
                "minute": 90,
                "extra_minute": null,
                "reason": null,
                "injuried": null,
                "result": null
            }
        ]
    },
    "odds": {
        "data": []
    }
}