{
    "id": 6377,
    "league_id": 8,
    "season_id": 13,
    "stage_id": 11,
    "round_id": 634,
    "group_id": null,
    "aggregate_id": null,
    "venue_id": 204,
    "referee_id": 25,
    "localteam_id": 19,
    "visitorteam_id": 22,
    "winner_team_id": 19,
    "weather_report": null,
    "commentaries": true,
    "attendance": 59962,
    "pitch": null,
    "details": null,
    "neutral_venue": false,
    "winning_odds_calculated": true,
    "formations": {
        "localteam_formation": "4-2-3-1",
        "visitorteam_formation": "4-1-4-1"
    },
    "scores": {
        "localteam_score": 2,
        "visitorteam_score": 0,
        "localteam_pen_score": null,
        "visitorteam_pen_score": null,
        "ht_score": "1-0",
        "ft_score": "2-0",
        "et_score": null
    },
    "time": {
        "status": "FT",
        "starting_at": {
            "date_time": "2017-02-11 12:30:00",
            "date": "2017-02-11",
            "time": "12:30:00",
            "timestamp": 1486816200,
            "timezone": "UTC"
        },
        "minute": 90,
        "second": null,
        "added_time": null,
        "extra_minute": null,
        "injury_time": null
    },
    "coaches": {
        "localteam_coach_id": 455383,
        "visitorteam_coach_id": 455424
    },
    "standings": {
        "localteam_position": null,
        "visitorteam_position": null
    },
    "assistants": {
        "first_assistant_id": null,
        "second_assistant_id": null,
        "fourth_official_id": null
    },
    "leg": "1/1",
    "colors": null,
    "deleted": false,
    "localTeam": {
        "data": {
            "id": 19,
            "legacy_id": 124,
            "name": "Arsenal",
            "short_code": "ARS",
            "twitter": "@Arsenal",
            "country_id": 462,
            "national_team": false,
            "founded": 1886,
            "logo_path": "https://cdn.sportmonks.com/images//soccer/teams/19/19.png",
            "venue_id": 204,
            "current_season_id": 16036
        }
    },
    "visitorTeam": {
        "data": {
            "id": 22,
            "legacy_id": 384,
            "name": "Hull City",
            "short_code": "HUL",
            "twitter": "@HullCity",
            "country_id": 462,
            "national_team": false,
            "founded": 1904,
            "logo_path": "https://cdn.sportmonks.com/images//soccer/teams/22/22.png",
            "venue_id": 199,
            "current_season_id": 16211
        }
    },
    "league": {
        "data": {
            "id": 8,
            "active": true,
            "type": "domestic",
            "legacy_id": 29,
            "country_id": 462,
            "logo_path": "https://cdn.sportmonks.com/images/soccer/leagues/8.png",
            "name": "Premier League",
            "is_cup": false,
            "current_season_id": 16036,
            "current_round_id": 169657,
            "current_stage_id": 77443862,
            "live_standings": true,
            "coverage": {
                "predictions": 1,
                "topscorer_goals": true,
                "topscorer_assists": true,
                "topscorer_cards": true
            }
        }
    },
    "events": {
        "data": [
            {
                "id": 6911688,
                "team_id": "19",
                "type": "goal",
                "fixture_id": 6377,
                "player_id": 1300,
                "player_name": "A. Sánchez",
                "related_player_id": null,
                "related_player_name": null,
                "minute": 34,
                "extra_minute": null,
                "reason": null,
                "injuried": null,
                "result": null
            },
            {
                "id": 6911706,
                "team_id": "19",
                "type": "yellowcard",
                "fixture_id": 6377,
                "player_id": 53,
                "player_name": "T. Walcott",
                "related_player_id": null,
                "related_player_name": null,
                "minute": 53,
                "extra_minute": null,
                "reason": null,
                "injuried": null,
                "result": null
            },
            {
                "id": 6911702,
                "team_id": "19",
                "type": "yellowcard",
                "fixture_id": 6377,
                "player_id": 732,
                "player_name": "K. Gibbs",
                "related_player_id": null,
                "related_player_name": null,
                "minute": 54,
                "extra_minute": null,
                "reason": null,
                "injuried": null,
                "result": null
            },
            {
                "id": 6911763,
                "team_id": "22",
                "type": "substitution",
                "fixture_id": 6377,
                "player_id": 5311,
                "player_name": "Evandro",
                "related_player_id": 5359,
                "related_player_name": "K. Grosicki",
                "minute": 60,
                "extra_minute": null,
                "reason": null,
                "injuried": null,
                "result": null
            },
            {
                "id": 6911772,
                "team_id": "22",
                "type": "substitution",
                "fixture_id": 6377,
                "player_id": 628,
                "player_name": "Ahmed El Mohamady",
                "related_player_id": 5337,
                "related_player_name": "O. Elabdellaoui",
                "minute": 66,
                "extra_minute": null,
                "reason": null,
                "injuried": null,
                "result": null
            },
            {
                "id": 6911741,
                "team_id": "19",
                "type": "substitution",
                "fixture_id": 6377,
                "player_id": 1891,
                "player_name": "Mohamed Elneny",
                "related_player_id": 53,
                "related_player_name": "T. Walcott",
                "minute": 69,
                "extra_minute": null,
                "reason": null,
                "injuried": null,
                "result": null
            },
            {
                "id": 6911726,
                "team_id": "22",
                "type": "yellowcard",
                "fixture_id": 6377,
                "player_id": 5349,
                "player_name": "A. Ranocchia",
                "related_player_id": null,
                "related_player_name": null,
                "minute": 70,
                "extra_minute": null,
                "reason": "Argument",
                "injuried": null,
                "result": null
            },
            {
                "id": 6911716,
                "team_id": "19",
                "type": "yellowcard",
                "fixture_id": 6377,
                "player_id": 1300,
                "player_name": "A. Sánchez",
                "related_player_id": null,
                "related_player_name": null,
                "minute": 76,
                "extra_minute": null,
                "reason": null,
                "injuried": null,
                "result": null
            },
            {
                "id": 6911780,
                "team_id": "22",
                "type": "substitution",
                "fixture_id": 6377,
                "player_id": 1567,
                "player_name": "A. Diomande",
                "related_player_id": 33,
                "related_player_name": "T. Huddlestone",
                "minute": 78,
                "extra_minute": null,
                "reason": null,
                "injuried": null,
                "result": null
            },
            {
                "id": 6911749,
                "team_id": "19",
                "type": "substitution",
                "fixture_id": 6377,
                "player_id": 4801,
                "player_name": "Lucas Pérez",
                "related_player_id": 850,
                "related_player_name": "A. Oxlade-Chamberlain",
                "minute": 82,
                "extra_minute": null,
                "reason": null,
                "injuried": null,
                "result": null
            },
            {
                "id": 6911757,
                "team_id": "19",
                "type": "substitution",
                "fixture_id": 6377,
                "player_id": 627,
                "player_name": "D. Welbeck",
                "related_player_id": 1881,
                "related_player_name": "A. Iwobi",
                "minute": 82,
                "extra_minute": null,
                "reason": null,
                "injuried": null,
                "result": null
            },
            {
                "id": 6911696,
                "team_id": "19",
                "type": "penalty",
                "fixture_id": 6377,
                "player_id": 1300,
                "player_name": "A. Sánchez",
                "related_player_id": null,
                "related_player_name": null,
                "minute": 90,
                "extra_minute": 3,
                "reason": null,
                "injuried": null,
                "result": null
            },
            {
                "id": 6911733,
                "team_id": "22",
                "type": "redcard",
                "fixture_id": 6377,
                "player_id": 1571,
                "player_name": "S. Clucas",
                "related_player_id": null,
                "related_player_name": null,
                "minute": 90,
                "extra_minute": 1,
                "reason": "Professional handball",
                "injuried": null,
                "result": null
            }
        ]
    },
    "odds": {
        "data": []
    }
}