{
    "id": 10411834,
    "league_id": 420,
    "season_id": 13029,
    "stage_id": 7743138,
    "round_id": 153276,
    "group_id": null,
    "aggregate_id": null,
    "venue_id": 974,
    "referee_id": null,
    "localteam_id": 7800,
    "visitorteam_id": 147,
    "winner_team_id": 147,
    "weather_report": null,
    "commentaries": null,
    "attendance": null,
    "pitch": "Good",
    "details": null,
    "neutral_venue": false,
    "winning_odds_calculated": true,
    "formations": {
        "localteam_formation": null,
        "visitorteam_formation": null
    },
    "scores": {
        "localteam_score": 1,
        "visitorteam_score": 2,
        "localteam_pen_score": null,
        "visitorteam_pen_score": null,
        "ht_score": "1-0",
        "ft_score": "1-2",
        "et_score": null
    },
    "time": {
        "status": "FT",
        "starting_at": {
            "date_time": "2019-03-01 18:00:00",
            "date": "2019-03-01",
            "time": "18:00:00",
            "timestamp": 1551463200,
            "timezone": "UTC"
        },
        "minute": 90,
        "second": null,
        "added_time": 0,
        "extra_minute": null,
        "injury_time": 3
    },
    "coaches": {
        "localteam_coach_id": 524313,
        "visitorteam_coach_id": 462460
    },
    "standings": {
        "localteam_position": 5,
        "visitorteam_position": 2
    },
    "assistants": {
        "first_assistant_id": null,
        "second_assistant_id": null,
        "fourth_official_id": null
    },
    "leg": "1/1",
    "colors": {
        "localteam": {
            "color": null,
            "kit_colors": null
        },
        "visitorteam": {
            "color": null,
            "kit_colors": null
        }
    },
    "deleted": false,
    "localTeam": {
        "data": {
            "id": 7800,
            "legacy_id": 1718,
            "name": "Balzan",
            "short_code": null,
            "twitter": null,
            "country_id": 2756,
            "national_team": false,
            "founded": 0,
            "logo_path": "https://cdn.sportmonks.com/images//soccer/teams/24/7800.png",
            "venue_id": 5052,
            "current_season_id": 13029
        }
    },
    "visitorTeam": {
        "data": {
            "id": 147,
            "legacy_id": 1716,
            "name": "Valletta",
            "short_code": null,
            "twitter": null,
            "country_id": 2756,
            "national_team": false,
            "founded": 1944,
            "logo_path": "https://cdn.sportmonks.com/images//soccer/teams/19/147.png",
            "venue_id": 4453,
            "current_season_id": 13029
        }
    },
    "league": {
        "data": {
            "id": 420,
            "active": true,
            "type": "domestic",
            "legacy_id": 152,
            "country_id": 2756,
            "logo_path": null,
            "name": "Premier League",
            "is_cup": false,
            "current_season_id": 16283,
            "current_round_id": 181738,
            "current_stage_id": 77444896,
            "live_standings": true,
            "coverage": {
                "predictions": 1,
                "topscorer_goals": false,
                "topscorer_assists": false,
                "topscorer_cards": false
            }
        }
    },
    "events": {
        "data": [
            {
                "id": 10411834001,
                "team_id": "147",
                "type": "yellowcard",
                "fixture_id": 10411834,
                "player_id": 144441,
                "player_name": "E. Peña",
                "related_player_id": null,
                "related_player_name": null,
                "minute": 28,
                "extra_minute": null,
                "reason": null,
                "injuried": null,
                "result": null
            },
            {
                "id": 10411834002,
                "team_id": "7800",
                "type": "goal",
                "fixture_id": 10411834,
                "player_id": 144145,
                "player_name": "E. Serrano",
                "related_player_id": null,
                "related_player_name": null,
                "minute": 29,
                "extra_minute": null,
                "reason": null,
                "injuried": null,
                "result": "1-0"
            },
            {
                "id": 10411834003,
                "team_id": "147",
                "type": "substitution",
                "fixture_id": 10411834,
                "player_id": 77598,
                "player_name": "S. Borg",
                "related_player_id": 143249,
                "related_player_name": "R. Camilleri",
                "minute": 32,
                "extra_minute": null,
                "reason": null,
                "injuried": null,
                "result": null
            },
            {
                "id": 10411834004,
                "team_id": "147",
                "type": "substitution",
                "fixture_id": 10411834,
                "player_id": 77629,
                "player_name": "M. Alba",
                "related_player_id": 144441,
                "related_player_name": "E. Peña",
                "minute": 44,
                "extra_minute": null,
                "reason": null,
                "injuried": null,
                "result": null
            },
            {
                "id": 10411834005,
                "team_id": "147",
                "type": "yellowcard",
                "fixture_id": 10411834,
                "player_id": 77629,
                "player_name": "M. Alba",
                "related_player_id": null,
                "related_player_name": null,
                "minute": 59,
                "extra_minute": null,
                "reason": null,
                "injuried": null,
                "result": null
            },
            {
                "id": 10411834006,
                "team_id": "7800",
                "type": "substitution",
                "fixture_id": 10411834,
                "player_id": 179081,
                "player_name": "A. Majdevac",
                "related_player_id": 142888,
                "related_player_name": "A. Effiong",
                "minute": 66,
                "extra_minute": null,
                "reason": null,
                "injuried": null,
                "result": null
            },
            {
                "id": 10411834007,
                "team_id": "147",
                "type": "goal",
                "fixture_id": 10411834,
                "player_id": 144436,
                "player_name": "M. Fontanella",
                "related_player_id": null,
                "related_player_name": null,
                "minute": 80,
                "extra_minute": null,
                "reason": null,
                "injuried": null,
                "result": "1-1"
            },
            {
                "id": 10411834008,
                "team_id": "147",
                "type": "goal",
                "fixture_id": 10411834,
                "player_id": 142863,
                "player_name": "J. Caruana",
                "related_player_id": null,
                "related_player_name": null,
                "minute": 86,
                "extra_minute": null,
                "reason": null,
                "injuried": null,
                "result": "1-2"
            },
            {
                "id": 10411834009,
                "team_id": "147",
                "type": "yellowcard",
                "fixture_id": 10411834,
                "player_id": null,
                "player_name": null,
                "related_player_id": null,
                "related_player_name": null,
                "minute": 89,
                "extra_minute": null,
                "reason": null,
                "injuried": null,
                "result": null
            },
            {
                "id": 10411834010,
                "team_id": "7800",
                "type": "substitution",
                "fixture_id": 10411834,
                "player_id": 143193,
                "player_name": "L. Micallef",
                "related_player_id": 135116,
                "related_player_name": "N. Šljivić",
                "minute": 89,
                "extra_minute": null,
                "reason": null,
                "injuried": null,
                "result": null
            },
            {
                "id": 10411834011,
                "team_id": "7800",
                "type": "yellowcard",
                "fixture_id": 10411834,
                "player_id": 143286,
                "player_name": "S. Pisani",
                "related_player_id": null,
                "related_player_name": null,
                "minute": 90,
                "extra_minute": 1,
                "reason": null,
                "injuried": null,
                "result": null
            },
            {
                "id": 10411834012,
                "team_id": "7800",
                "type": "yellowcard",
                "fixture_id": 10411834,
                "player_id": null,
                "player_name": null,
                "related_player_id": null,
                "related_player_name": null,
                "minute": 90,
                "extra_minute": 1,
                "reason": null,
                "injuried": null,
                "result": null
            }
        ]
    },
    "odds": {
        "data": []
    }
}