{
    "id": 5375145,
    "league_id": 420,
    "season_id": 8110,
    "stage_id": 56620,
    "round_id": null,
    "group_id": null,
    "aggregate_id": null,
    "venue_id": 7824,
    "referee_id": null,
    "localteam_id": 7800,
    "visitorteam_id": 1877,
    "winner_team_id": 7800,
    "weather_report": {
        "code": "clouds",
        "type": "broken clouds",
        "icon": "https://cdn.sportmonks.com/images/weather/04d.png",
        "temperature": {
            "temp": 44.6,
            "unit": "fahrenheit"
        },
        "clouds": "75%",
        "humidity": "87%",
        "wind": {
            "speed": "11.41 m/s",
            "degree": 210
        }
    },
    "commentaries": null,
    "attendance": null,
    "pitch": "Good",
    "details": null,
    "neutral_venue": false,
    "winning_odds_calculated": true,
    "formations": {
        "localteam_formation": null,
        "visitorteam_formation": null
    },
    "scores": {
        "localteam_score": 2,
        "visitorteam_score": 1,
        "localteam_pen_score": null,
        "visitorteam_pen_score": null,
        "ht_score": "0-1",
        "ft_score": "2-1",
        "et_score": null
    },
    "time": {
        "status": "FT",
        "starting_at": {
            "date_time": "2017-11-04 15:00:00",
            "date": "2017-11-04",
            "time": "15:00:00",
            "timestamp": 1509807600,
            "timezone": "UTC"
        },
        "minute": 90,
        "second": null,
        "added_time": null,
        "extra_minute": null,
        "injury_time": 5
    },
    "coaches": {
        "localteam_coach_id": 460553,
        "visitorteam_coach_id": 455581
    },
    "standings": {
        "localteam_position": 4,
        "visitorteam_position": 8
    },
    "assistants": {
        "first_assistant_id": null,
        "second_assistant_id": null,
        "fourth_official_id": null
    },
    "leg": "1/1",
    "colors": null,
    "deleted": false,
    "localTeam": {
        "data": {
            "id": 7800,
            "legacy_id": 1718,
            "name": "Balzan",
            "short_code": null,
            "twitter": null,
            "country_id": 2756,
            "national_team": false,
            "founded": 0,
            "logo_path": "https://cdn.sportmonks.com/images//soccer/teams/24/7800.png",
            "venue_id": 5052,
            "current_season_id": 13029
        }
    },
    "visitorTeam": {
        "data": {
            "id": 1877,
            "legacy_id": 1715,
            "name": "Birkirkara",
            "short_code": null,
            "twitter": null,
            "country_id": 2756,
            "national_team": false,
            "founded": 1950,
            "logo_path": "https://cdn.sportmonks.com/images//soccer/teams/21/1877.png",
            "venue_id": 332558,
            "current_season_id": 13029
        }
    },
    "league": {
        "data": {
            "id": 420,
            "active": true,
            "type": "domestic",
            "legacy_id": 152,
            "country_id": 2756,
            "logo_path": null,
            "name": "Premier League",
            "is_cup": false,
            "current_season_id": 16283,
            "current_round_id": 181738,
            "current_stage_id": 77444896,
            "live_standings": true,
            "coverage": {
                "predictions": 1,
                "topscorer_goals": false,
                "topscorer_assists": false,
                "topscorer_cards": false
            }
        }
    },
    "events": {
        "data": [
            {
                "id": 5375145001,
                "team_id": "1877",
                "type": "goal",
                "fixture_id": 5375145,
                "player_id": 144612,
                "player_name": "M. Guillaumier",
                "related_player_id": null,
                "related_player_name": null,
                "minute": 42,
                "extra_minute": null,
                "reason": null,
                "injuried": null,
                "result": "0-1"
            },
            {
                "id": 5375145002,
                "team_id": "7800",
                "type": "substitution",
                "fixture_id": 5375145,
                "player_id": 142976,
                "player_name": "S. Bezzina",
                "related_player_id": 143340,
                "related_player_name": "S. Arab",
                "minute": 45,
                "extra_minute": null,
                "reason": null,
                "injuried": null,
                "result": null
            },
            {
                "id": 5375145003,
                "team_id": "1877",
                "type": "yellowcard",
                "fixture_id": 5375145,
                "player_id": 144167,
                "player_name": "K. Zammit",
                "related_player_id": null,
                "related_player_name": null,
                "minute": 49,
                "extra_minute": null,
                "reason": null,
                "injuried": null,
                "result": null
            },
            {
                "id": 5375145004,
                "team_id": "1877",
                "type": "yellowcard",
                "fixture_id": 5375145,
                "player_id": 144612,
                "player_name": "M. Guillaumier",
                "related_player_id": null,
                "related_player_name": null,
                "minute": 56,
                "extra_minute": null,
                "reason": null,
                "injuried": null,
                "result": null
            },
            {
                "id": 5375145005,
                "team_id": "1877",
                "type": "yellowcard",
                "fixture_id": 5375145,
                "player_id": 230876,
                "player_name": "Lucas Jaques",
                "related_player_id": null,
                "related_player_name": null,
                "minute": 58,
                "extra_minute": null,
                "reason": null,
                "injuried": null,
                "result": null
            },
            {
                "id": 5375145006,
                "team_id": "1877",
                "type": "substitution",
                "fixture_id": 5375145,
                "player_id": 143342,
                "player_name": "L. Cremona",
                "related_player_id": 144612,
                "related_player_name": "M. Guillaumier",
                "minute": 63,
                "extra_minute": null,
                "reason": null,
                "injuried": null,
                "result": null
            },
            {
                "id": 5375145007,
                "team_id": "1877",
                "type": "substitution",
                "fixture_id": 5375145,
                "player_id": 143123,
                "player_name": "R. Camenzuli",
                "related_player_id": 144570,
                "related_player_name": "J. Grech",
                "minute": 66,
                "extra_minute": null,
                "reason": null,
                "injuried": null,
                "result": null
            },
            {
                "id": 5375145008,
                "team_id": "1877",
                "type": "yellowcard",
                "fixture_id": 5375145,
                "player_id": 219090,
                "player_name": "Carlos Alberto",
                "related_player_id": null,
                "related_player_name": null,
                "minute": 67,
                "extra_minute": null,
                "reason": null,
                "injuried": null,
                "result": null
            },
            {
                "id": 5375145009,
                "team_id": "1877",
                "type": "yellowcard",
                "fixture_id": 5375145,
                "player_id": 158208,
                "player_name": "Fabiano Oliveira",
                "related_player_id": null,
                "related_player_name": null,
                "minute": 69,
                "extra_minute": null,
                "reason": null,
                "injuried": null,
                "result": null
            },
            {
                "id": 5375145010,
                "team_id": "7800",
                "type": "yellowcard",
                "fixture_id": 5375145,
                "player_id": 143072,
                "player_name": "R. Fenech",
                "related_player_id": null,
                "related_player_name": null,
                "minute": 70,
                "extra_minute": null,
                "reason": null,
                "injuried": null,
                "result": null
            },
            {
                "id": 5375145011,
                "team_id": "7800",
                "type": "substitution",
                "fixture_id": 5375145,
                "player_id": 177509,
                "player_name": "M. Lepović",
                "related_player_id": 142793,
                "related_player_name": "J. Grioli",
                "minute": 76,
                "extra_minute": null,
                "reason": null,
                "injuried": null,
                "result": null
            },
            {
                "id": 5375145012,
                "team_id": "1877",
                "type": "yellowcard",
                "fixture_id": 5375145,
                "player_id": 143039,
                "player_name": "N. Vukanac",
                "related_player_id": null,
                "related_player_name": null,
                "minute": 78,
                "extra_minute": null,
                "reason": null,
                "injuried": null,
                "result": null
            },
            {
                "id": 5375145013,
                "team_id": "1877",
                "type": "substitution",
                "fixture_id": 5375145,
                "player_id": 143790,
                "player_name": "L. Montebello",
                "related_player_id": 158208,
                "related_player_name": "Fabiano Oliveira",
                "minute": 80,
                "extra_minute": null,
                "reason": null,
                "injuried": null,
                "result": null
            },
            {
                "id": 5375145015,
                "team_id": "1877",
                "type": "yellowcard",
                "fixture_id": 5375145,
                "player_id": 143100,
                "player_name": "D. Cassar",
                "related_player_id": null,
                "related_player_name": null,
                "minute": 84,
                "extra_minute": null,
                "reason": null,
                "injuried": null,
                "result": null
            },
            {
                "id": 5375145014,
                "team_id": "7800",
                "type": "goal",
                "fixture_id": 5375145,
                "player_id": 143771,
                "player_name": "B. Kaljević",
                "related_player_id": null,
                "related_player_name": null,
                "minute": 84,
                "extra_minute": null,
                "reason": null,
                "injuried": null,
                "result": "1-1"
            },
            {
                "id": 5375145016,
                "team_id": "1877",
                "type": "yellowcard",
                "fixture_id": 5375145,
                "player_id": 143342,
                "player_name": "L. Cremona",
                "related_player_id": null,
                "related_player_name": null,
                "minute": 86,
                "extra_minute": null,
                "reason": null,
                "injuried": null,
                "result": null
            },
            {
                "id": 5375145017,
                "team_id": "7800",
                "type": "goal",
                "fixture_id": 5375145,
                "player_id": 146154,
                "player_name": "Kadú",
                "related_player_id": null,
                "related_player_name": null,
                "minute": 87,
                "extra_minute": null,
                "reason": null,
                "injuried": null,
                "result": "2-1"
            },
            {
                "id": 5375145018,
                "team_id": "7800",
                "type": "substitution",
                "fixture_id": 5375145,
                "player_id": 144468,
                "player_name": "M. Johnson",
                "related_player_id": 143072,
                "related_player_name": "R. Fenech",
                "minute": 90,
                "extra_minute": 1,
                "reason": null,
                "injuried": null,
                "result": null
            }
        ]
    },
    "odds": {
        "data": []
    }
}