{
    "id": 10411853,
    "league_id": 420,
    "season_id": 13029,
    "stage_id": 7743138,
    "round_id": 153278,
    "group_id": null,
    "aggregate_id": null,
    "venue_id": 974,
    "referee_id": null,
    "localteam_id": 7800,
    "visitorteam_id": 6791,
    "winner_team_id": null,
    "weather_report": null,
    "commentaries": null,
    "attendance": null,
    "pitch": "Good",
    "details": null,
    "neutral_venue": false,
    "winning_odds_calculated": true,
    "formations": {
        "localteam_formation": null,
        "visitorteam_formation": null
    },
    "scores": {
        "localteam_score": 0,
        "visitorteam_score": 0,
        "localteam_pen_score": null,
        "visitorteam_pen_score": null,
        "ht_score": "0-0",
        "ft_score": "0-0",
        "et_score": null
    },
    "time": {
        "status": "FT",
        "starting_at": {
            "date_time": "2019-03-13 19:00:00",
            "date": "2019-03-13",
            "time": "19:00:00",
            "timestamp": 1552503600,
            "timezone": "UTC"
        },
        "minute": 90,
        "second": null,
        "added_time": 3,
        "extra_minute": null,
        "injury_time": 2
    },
    "coaches": {
        "localteam_coach_id": 524313,
        "visitorteam_coach_id": 31314971
    },
    "standings": {
        "localteam_position": 7,
        "visitorteam_position": 3
    },
    "assistants": {
        "first_assistant_id": null,
        "second_assistant_id": null,
        "fourth_official_id": null
    },
    "leg": "1/1",
    "colors": {
        "localteam": {
            "color": null,
            "kit_colors": null
        },
        "visitorteam": {
            "color": null,
            "kit_colors": null
        }
    },
    "deleted": false,
    "localTeam": {
        "data": {
            "id": 7800,
            "legacy_id": 1718,
            "name": "Balzan",
            "short_code": null,
            "twitter": null,
            "country_id": 2756,
            "national_team": false,
            "founded": 0,
            "logo_path": "https://cdn.sportmonks.com/images//soccer/teams/24/7800.png",
            "venue_id": 5052,
            "current_season_id": 13029
        }
    },
    "visitorTeam": {
        "data": {
            "id": 6791,
            "legacy_id": 2451,
            "name": "Gzira United",
            "short_code": null,
            "twitter": null,
            "country_id": 2756,
            "national_team": false,
            "founded": 1947,
            "logo_path": "https://cdn.sportmonks.com/images//soccer/teams/7/6791.png",
            "venue_id": 4453,
            "current_season_id": 13029
        }
    },
    "league": {
        "data": {
            "id": 420,
            "active": true,
            "type": "domestic",
            "legacy_id": 152,
            "country_id": 2756,
            "logo_path": null,
            "name": "Premier League",
            "is_cup": false,
            "current_season_id": 16283,
            "current_round_id": 181738,
            "current_stage_id": 77444896,
            "live_standings": true,
            "coverage": {
                "predictions": 1,
                "topscorer_goals": false,
                "topscorer_assists": false,
                "topscorer_cards": false
            }
        }
    },
    "events": {
        "data": [
            {
                "id": 10411853001,
                "team_id": "6791",
                "type": "yellowcard",
                "fixture_id": 10411853,
                "player_id": 143387,
                "player_name": "E. Zarate",
                "related_player_id": null,
                "related_player_name": null,
                "minute": 27,
                "extra_minute": null,
                "reason": null,
                "injuried": null,
                "result": null
            },
            {
                "id": 10411853002,
                "team_id": "7800",
                "type": "yellowcard",
                "fixture_id": 10411853,
                "player_id": 177543,
                "player_name": "I. Božović",
                "related_player_id": null,
                "related_player_name": null,
                "minute": 34,
                "extra_minute": null,
                "reason": null,
                "injuried": null,
                "result": null
            },
            {
                "id": 10411853003,
                "team_id": "7800",
                "type": "yellowcard",
                "fixture_id": 10411853,
                "player_id": 67942,
                "player_name": "A. Kosorić",
                "related_player_id": null,
                "related_player_name": null,
                "minute": 45,
                "extra_minute": null,
                "reason": null,
                "injuried": null,
                "result": null
            },
            {
                "id": 10411853004,
                "team_id": "6791",
                "type": "yellowcard",
                "fixture_id": 10411853,
                "player_id": 3181432,
                "player_name": "N. Muscat",
                "related_player_id": null,
                "related_player_name": null,
                "minute": 64,
                "extra_minute": null,
                "reason": null,
                "injuried": null,
                "result": null
            },
            {
                "id": 10411853005,
                "team_id": "6791",
                "type": "substitution",
                "fixture_id": 10411853,
                "player_id": 173979,
                "player_name": "M. Beerman",
                "related_player_id": 77694,
                "related_player_name": "J. Mengolo",
                "minute": 69,
                "extra_minute": null,
                "reason": null,
                "injuried": null,
                "result": null
            },
            {
                "id": 10411853006,
                "team_id": "7800",
                "type": "substitution",
                "fixture_id": 10411853,
                "player_id": 179081,
                "player_name": "A. Majdevac",
                "related_player_id": 143286,
                "related_player_name": "S. Pisani",
                "minute": 73,
                "extra_minute": null,
                "reason": null,
                "injuried": null,
                "result": null
            },
            {
                "id": 10411853007,
                "team_id": "7800",
                "type": "substitution",
                "fixture_id": 10411853,
                "player_id": 143193,
                "player_name": "L. Micallef",
                "related_player_id": 142976,
                "related_player_name": "S. Bezzina",
                "minute": 89,
                "extra_minute": null,
                "reason": null,
                "injuried": null,
                "result": null
            }
        ]
    },
    "odds": {
        "data": []
    }
}