{
    "id": 10411812,
    "league_id": 420,
    "season_id": 13029,
    "stage_id": 7743138,
    "round_id": 153273,
    "group_id": null,
    "aggregate_id": null,
    "venue_id": 974,
    "referee_id": null,
    "localteam_id": 7800,
    "visitorteam_id": 10462,
    "winner_team_id": 10462,
    "weather_report": null,
    "commentaries": null,
    "attendance": null,
    "pitch": "Excellent",
    "details": null,
    "neutral_venue": false,
    "winning_odds_calculated": true,
    "formations": {
        "localteam_formation": null,
        "visitorteam_formation": null
    },
    "scores": {
        "localteam_score": 1,
        "visitorteam_score": 2,
        "localteam_pen_score": null,
        "visitorteam_pen_score": null,
        "ht_score": "1-0",
        "ft_score": "1-2",
        "et_score": null
    },
    "time": {
        "status": "FT",
        "starting_at": {
            "date_time": "2019-02-01 18:00:00",
            "date": "2019-02-01",
            "time": "18:00:00",
            "timestamp": 1549044000,
            "timezone": "UTC"
        },
        "minute": 90,
        "second": 0,
        "added_time": null,
        "extra_minute": null,
        "injury_time": 4
    },
    "coaches": {
        "localteam_coach_id": 460553,
        "visitorteam_coach_id": 43981
    },
    "standings": {
        "localteam_position": 5,
        "visitorteam_position": 13
    },
    "assistants": {
        "first_assistant_id": null,
        "second_assistant_id": null,
        "fourth_official_id": null
    },
    "leg": "1/1",
    "colors": {
        "localteam": {
            "color": null,
            "kit_colors": null
        },
        "visitorteam": {
            "color": null,
            "kit_colors": null
        }
    },
    "deleted": false,
    "localTeam": {
        "data": {
            "id": 7800,
            "legacy_id": 1718,
            "name": "Balzan",
            "short_code": null,
            "twitter": null,
            "country_id": 2756,
            "national_team": false,
            "founded": 0,
            "logo_path": "https://cdn.sportmonks.com/images//soccer/teams/24/7800.png",
            "venue_id": 5052,
            "current_season_id": 13029
        }
    },
    "visitorTeam": {
        "data": {
            "id": 10462,
            "legacy_id": null,
            "name": "Senglea Athletic",
            "short_code": null,
            "twitter": null,
            "country_id": 2756,
            "national_team": false,
            "founded": 0,
            "logo_path": "https://cdn.sportmonks.com/images//soccer/teams/30/10462.png",
            "venue_id": 4453,
            "current_season_id": 13029
        }
    },
    "league": {
        "data": {
            "id": 420,
            "active": true,
            "type": "domestic",
            "legacy_id": 152,
            "country_id": 2756,
            "logo_path": null,
            "name": "Premier League",
            "is_cup": false,
            "current_season_id": 16283,
            "current_round_id": 181738,
            "current_stage_id": 77444896,
            "live_standings": true,
            "coverage": {
                "predictions": 1,
                "topscorer_goals": false,
                "topscorer_assists": false,
                "topscorer_cards": false
            }
        }
    },
    "events": {
        "data": [
            {
                "id": 10411812001,
                "team_id": "7800",
                "type": "goal",
                "fixture_id": 10411812,
                "player_id": 179049,
                "player_name": "U. Ljubomirac",
                "related_player_id": null,
                "related_player_name": null,
                "minute": 1,
                "extra_minute": null,
                "reason": null,
                "injuried": null,
                "result": "1-0"
            },
            {
                "id": 10411812002,
                "team_id": "10462",
                "type": "yellowcard",
                "fixture_id": 10411812,
                "player_id": null,
                "player_name": null,
                "related_player_id": null,
                "related_player_name": null,
                "minute": 41,
                "extra_minute": null,
                "reason": null,
                "injuried": null,
                "result": null
            },
            {
                "id": 10411812003,
                "team_id": "7800",
                "type": "yellowcard",
                "fixture_id": 10411812,
                "player_id": null,
                "player_name": null,
                "related_player_id": null,
                "related_player_name": null,
                "minute": 41,
                "extra_minute": null,
                "reason": null,
                "injuried": null,
                "result": null
            },
            {
                "id": 10411812004,
                "team_id": "10462",
                "type": "goal",
                "fixture_id": 10411812,
                "player_id": 18923752,
                "player_name": "A. Mršulja",
                "related_player_id": null,
                "related_player_name": null,
                "minute": 62,
                "extra_minute": null,
                "reason": null,
                "injuried": null,
                "result": "1-1"
            },
            {
                "id": 10411812005,
                "team_id": "7800",
                "type": "yellowcard",
                "fixture_id": 10411812,
                "player_id": null,
                "player_name": null,
                "related_player_id": null,
                "related_player_name": null,
                "minute": 66,
                "extra_minute": null,
                "reason": null,
                "injuried": null,
                "result": null
            },
            {
                "id": 10411812006,
                "team_id": "10462",
                "type": "goal",
                "fixture_id": 10411812,
                "player_id": 3187826,
                "player_name": "A. Cáseres",
                "related_player_id": null,
                "related_player_name": null,
                "minute": 67,
                "extra_minute": null,
                "reason": null,
                "injuried": null,
                "result": "1-2"
            },
            {
                "id": 10411812007,
                "team_id": "7800",
                "type": "yellowcard",
                "fixture_id": 10411812,
                "player_id": null,
                "player_name": null,
                "related_player_id": null,
                "related_player_name": null,
                "minute": 80,
                "extra_minute": null,
                "reason": null,
                "injuried": null,
                "result": null
            },
            {
                "id": 10411812008,
                "team_id": "7800",
                "type": "yellowcard",
                "fixture_id": 10411812,
                "player_id": null,
                "player_name": null,
                "related_player_id": null,
                "related_player_name": null,
                "minute": 90,
                "extra_minute": 4,
                "reason": null,
                "injuried": null,
                "result": null
            }
        ]
    },
    "odds": {
        "data": []
    }
}