{
    "id": 5375113,
    "league_id": 420,
    "season_id": 8110,
    "stage_id": 56620,
    "round_id": null,
    "group_id": null,
    "aggregate_id": null,
    "venue_id": 974,
    "referee_id": null,
    "localteam_id": 7800,
    "visitorteam_id": 147,
    "winner_team_id": 7800,
    "weather_report": null,
    "commentaries": null,
    "attendance": null,
    "pitch": null,
    "details": null,
    "neutral_venue": false,
    "winning_odds_calculated": true,
    "formations": {
        "localteam_formation": null,
        "visitorteam_formation": null
    },
    "scores": {
        "localteam_score": 2,
        "visitorteam_score": 1,
        "localteam_pen_score": null,
        "visitorteam_pen_score": null,
        "ht_score": "1-1",
        "ft_score": "2-1",
        "et_score": null
    },
    "time": {
        "status": "FT",
        "starting_at": {
            "date_time": "2017-09-24 18:00:00",
            "date": "2017-09-24",
            "time": "18:00:00",
            "timestamp": 1506276000,
            "timezone": "UTC"
        },
        "minute": 90,
        "second": null,
        "added_time": null,
        "extra_minute": null,
        "injury_time": 6
    },
    "coaches": {
        "localteam_coach_id": null,
        "visitorteam_coach_id": null
    },
    "standings": {
        "localteam_position": 10,
        "visitorteam_position": 4
    },
    "assistants": {
        "first_assistant_id": null,
        "second_assistant_id": null,
        "fourth_official_id": null
    },
    "leg": "1/1",
    "colors": null,
    "deleted": false,
    "localTeam": {
        "data": {
            "id": 7800,
            "legacy_id": 1718,
            "name": "Balzan",
            "short_code": null,
            "twitter": null,
            "country_id": 2756,
            "national_team": false,
            "founded": 0,
            "logo_path": "https://cdn.sportmonks.com/images//soccer/teams/24/7800.png",
            "venue_id": 5052,
            "current_season_id": 13029
        }
    },
    "visitorTeam": {
        "data": {
            "id": 147,
            "legacy_id": 1716,
            "name": "Valletta",
            "short_code": null,
            "twitter": null,
            "country_id": 2756,
            "national_team": false,
            "founded": 1944,
            "logo_path": "https://cdn.sportmonks.com/images//soccer/teams/19/147.png",
            "venue_id": 4453,
            "current_season_id": 13029
        }
    },
    "league": {
        "data": {
            "id": 420,
            "active": true,
            "type": "domestic",
            "legacy_id": 152,
            "country_id": 2756,
            "logo_path": null,
            "name": "Premier League",
            "is_cup": false,
            "current_season_id": 16283,
            "current_round_id": 181738,
            "current_stage_id": 77444896,
            "live_standings": true,
            "coverage": {
                "predictions": 1,
                "topscorer_goals": false,
                "topscorer_assists": false,
                "topscorer_cards": false
            }
        }
    },
    "events": {
        "data": [
            {
                "id": 5375113001,
                "team_id": "147",
                "type": "goal",
                "fixture_id": 5375113,
                "player_id": 144628,
                "player_name": "S. Malano",
                "related_player_id": null,
                "related_player_name": null,
                "minute": 5,
                "extra_minute": null,
                "reason": null,
                "injuried": null,
                "result": "0-1"
            },
            {
                "id": 5375113002,
                "team_id": "7800",
                "type": "goal",
                "fixture_id": 5375113,
                "player_id": 144447,
                "player_name": "Lecão",
                "related_player_id": null,
                "related_player_name": null,
                "minute": 21,
                "extra_minute": null,
                "reason": null,
                "injuried": null,
                "result": "1-1"
            },
            {
                "id": 5375113003,
                "team_id": "7800",
                "type": "yellowcard",
                "fixture_id": 5375113,
                "player_id": 144145,
                "player_name": "E. Serrano",
                "related_player_id": null,
                "related_player_name": null,
                "minute": 45,
                "extra_minute": null,
                "reason": null,
                "injuried": null,
                "result": null
            },
            {
                "id": 5375113004,
                "team_id": "147",
                "type": "yellowcard",
                "fixture_id": 5375113,
                "player_id": 49071,
                "player_name": "N. Ašćerić",
                "related_player_id": null,
                "related_player_name": null,
                "minute": 45,
                "extra_minute": null,
                "reason": null,
                "injuried": null,
                "result": null
            },
            {
                "id": 5375113005,
                "team_id": "7800",
                "type": "goal",
                "fixture_id": 5375113,
                "player_id": 179049,
                "player_name": "U. Ljubomirac",
                "related_player_id": null,
                "related_player_name": null,
                "minute": 55,
                "extra_minute": null,
                "reason": null,
                "injuried": null,
                "result": "2-1"
            },
            {
                "id": 5375113006,
                "team_id": "7800",
                "type": "yellowcard",
                "fixture_id": 5375113,
                "player_id": 179049,
                "player_name": "U. Ljubomirac",
                "related_player_id": null,
                "related_player_name": null,
                "minute": 57,
                "extra_minute": null,
                "reason": null,
                "injuried": null,
                "result": null
            },
            {
                "id": 5375113007,
                "team_id": "147",
                "type": "substitution",
                "fixture_id": 5375113,
                "player_id": 142973,
                "player_name": "Denni",
                "related_player_id": 144628,
                "related_player_name": "S. Malano",
                "minute": 60,
                "extra_minute": null,
                "reason": null,
                "injuried": null,
                "result": null
            },
            {
                "id": 5375113008,
                "team_id": "7800",
                "type": "yellowcard",
                "fixture_id": 5375113,
                "player_id": 144468,
                "player_name": "M. Johnson",
                "related_player_id": null,
                "related_player_name": null,
                "minute": 61,
                "extra_minute": null,
                "reason": null,
                "injuried": null,
                "result": null
            },
            {
                "id": 5375113009,
                "team_id": "147",
                "type": "substitution",
                "fixture_id": 5375113,
                "player_id": 144456,
                "player_name": "K. Nwoko",
                "related_player_id": 143249,
                "related_player_name": "R. Camilleri",
                "minute": 72,
                "extra_minute": null,
                "reason": null,
                "injuried": null,
                "result": null
            },
            {
                "id": 5375113010,
                "team_id": "7800",
                "type": "substitution",
                "fixture_id": 5375113,
                "player_id": 144060,
                "player_name": "J. Borg",
                "related_player_id": 146154,
                "related_player_name": "Kadú",
                "minute": 81,
                "extra_minute": null,
                "reason": null,
                "injuried": null,
                "result": null
            },
            {
                "id": 5375113011,
                "team_id": "7800",
                "type": "substitution",
                "fixture_id": 5375113,
                "player_id": 338127,
                "player_name": "J. Zerafa",
                "related_player_id": 144447,
                "related_player_name": "Lecão",
                "minute": 90,
                "extra_minute": null,
                "reason": null,
                "injuried": null,
                "result": null
            },
            {
                "id": 5375113012,
                "team_id": "147",
                "type": "yellowcard",
                "fixture_id": 5375113,
                "player_id": 75829,
                "player_name": "J. Gill",
                "related_player_id": null,
                "related_player_name": null,
                "minute": 90,
                "extra_minute": 1,
                "reason": null,
                "injuried": null,
                "result": null
            }
        ]
    },
    "odds": {
        "data": []
    }
}