{
    "id": 640365,
    "league_id": 1001,
    "season_id": 987,
    "stage_id": 1915,
    "round_id": 30837,
    "group_id": null,
    "aggregate_id": null,
    "venue_id": 4807,
    "referee_id": null,
    "localteam_id": 7423,
    "visitorteam_id": 7439,
    "winner_team_id": 7439,
    "weather_report": null,
    "commentaries": false,
    "attendance": null,
    "pitch": null,
    "details": null,
    "neutral_venue": false,
    "winning_odds_calculated": true,
    "formations": {
        "localteam_formation": null,
        "visitorteam_formation": null
    },
    "scores": {
        "localteam_score": 0,
        "visitorteam_score": 3,
        "localteam_pen_score": null,
        "visitorteam_pen_score": null,
        "ht_score": "0-1",
        "ft_score": "0-3",
        "et_score": null
    },
    "time": {
        "status": "FT",
        "starting_at": {
            "date_time": "2017-01-22 06:30:00",
            "date": "2017-01-22",
            "time": "06:30:00",
            "timestamp": 1485066600,
            "timezone": "UTC"
        },
        "minute": 90,
        "second": null,
        "added_time": null,
        "extra_minute": null,
        "injury_time": null
    },
    "coaches": {
        "localteam_coach_id": null,
        "visitorteam_coach_id": null
    },
    "standings": {
        "localteam_position": null,
        "visitorteam_position": null
    },
    "assistants": {
        "first_assistant_id": null,
        "second_assistant_id": null,
        "fourth_official_id": null
    },
    "leg": null,
    "colors": null,
    "deleted": false,
    "localTeam": {
        "data": {
            "id": 7423,
            "legacy_id": null,
            "name": "BCGS Hong Kong Sapling",
            "short_code": null,
            "twitter": null,
            "country_id": 64306,
            "national_team": false,
            "founded": 2011,
            "logo_path": "https://cdn.sportmonks.com/images//soccer/teams/31/7423.png",
            "venue_id": 13843,
            "current_season_id": 8798
        }
    },
    "visitorTeam": {
        "data": {
            "id": 7439,
            "legacy_id": 2319,
            "name": "South China",
            "short_code": null,
            "twitter": null,
            "country_id": 64306,
            "national_team": false,
            "founded": 1904,
            "logo_path": "https://cdn.sportmonks.com/images//soccer/teams/15/7439.png",
            "venue_id": 290147,
            "current_season_id": 14986
        }
    },
    "league": {
        "data": {
            "id": 1001,
            "active": true,
            "type": "domestic",
            "legacy_id": 350,
            "country_id": 64306,
            "logo_path": null,
            "name": "Premier League",
            "is_cup": false,
            "current_season_id": 16570,
            "current_round_id": 182670,
            "current_stage_id": 77445709,
            "live_standings": false,
            "coverage": {
                "predictions": 1,
                "topscorer_goals": false,
                "topscorer_assists": false,
                "topscorer_cards": false
            }
        }
    },
    "events": {
        "data": [
            {
                "id": 10145103,
                "team_id": "7439",
                "type": "yellowcard",
                "fixture_id": 640365,
                "player_id": 314049,
                "player_name": "Leung Kwun Chung",
                "related_player_id": null,
                "related_player_name": null,
                "minute": 5,
                "extra_minute": null,
                "reason": null,
                "injuried": null,
                "result": null
            },
            {
                "id": 10145066,
                "team_id": "7439",
                "type": "goal",
                "fixture_id": 640365,
                "player_id": 314249,
                "player_name": "Leung Nok Hang",
                "related_player_id": null,
                "related_player_name": null,
                "minute": 9,
                "extra_minute": null,
                "reason": null,
                "injuried": null,
                "result": null
            },
            {
                "id": 10145088,
                "team_id": "7423",
                "type": "yellowcard",
                "fixture_id": 640365,
                "player_id": 313298,
                "player_name": "Ambassa Guy Gerard",
                "related_player_id": null,
                "related_player_name": null,
                "minute": 30,
                "extra_minute": null,
                "reason": null,
                "injuried": null,
                "result": null
            },
            {
                "id": 10145074,
                "team_id": "7439",
                "type": "goal",
                "fixture_id": 640365,
                "player_id": 177853,
                "player_name": "M. Perović",
                "related_player_id": null,
                "related_player_name": null,
                "minute": 51,
                "extra_minute": null,
                "reason": null,
                "injuried": null,
                "result": null
            },
            {
                "id": 10145111,
                "team_id": "7439",
                "type": "yellowcard",
                "fixture_id": 640365,
                "player_id": 314209,
                "player_name": "Tse Sean",
                "related_player_id": null,
                "related_player_name": null,
                "minute": 55,
                "extra_minute": null,
                "reason": null,
                "injuried": null,
                "result": null
            },
            {
                "id": 10145096,
                "team_id": "7423",
                "type": "yellowcard",
                "fixture_id": 640365,
                "player_id": 314364,
                "player_name": "Lau Tsz Kin",
                "related_player_id": null,
                "related_player_name": null,
                "minute": 59,
                "extra_minute": null,
                "reason": null,
                "injuried": null,
                "result": null
            },
            {
                "id": 10145119,
                "team_id": "7423",
                "type": "substitution",
                "fixture_id": 640365,
                "player_id": 314465,
                "player_name": "Kwok Tsz Kaai",
                "related_player_id": 314364,
                "related_player_name": "Lau Tsz Kin",
                "minute": 65,
                "extra_minute": null,
                "reason": null,
                "injuried": null,
                "result": null
            },
            {
                "id": 10145125,
                "team_id": "7423",
                "type": "substitution",
                "fixture_id": 640365,
                "player_id": 314446,
                "player_name": "Lau Chi Lok",
                "related_player_id": 313298,
                "related_player_name": "Ambassa Guy Gerard",
                "minute": 65,
                "extra_minute": null,
                "reason": null,
                "injuried": null,
                "result": null
            },
            {
                "id": 10145141,
                "team_id": "7439",
                "type": "substitution",
                "fixture_id": 640365,
                "player_id": 313315,
                "player_name": "Chu Siu Kei",
                "related_player_id": 314042,
                "related_player_name": "Chan Siu Kwan",
                "minute": 73,
                "extra_minute": null,
                "reason": null,
                "injuried": null,
                "result": null
            },
            {
                "id": 10145149,
                "team_id": "7439",
                "type": "substitution",
                "fixture_id": 640365,
                "player_id": 314044,
                "player_name": "Lo Kong Wai",
                "related_player_id": 313279,
                "related_player_name": "Lam Hok Hei",
                "minute": 81,
                "extra_minute": null,
                "reason": null,
                "injuried": null,
                "result": null
            },
            {
                "id": 10145081,
                "team_id": "7439",
                "type": "goal",
                "fixture_id": 640365,
                "player_id": 177853,
                "player_name": "M. Perović",
                "related_player_id": null,
                "related_player_name": null,
                "minute": 85,
                "extra_minute": null,
                "reason": null,
                "injuried": null,
                "result": null
            },
            {
                "id": 10145133,
                "team_id": "7423",
                "type": "substitution",
                "fixture_id": 640365,
                "player_id": 314291,
                "player_name": "Cheng Siu Kwang",
                "related_player_id": 314352,
                "related_player_name": "Liu Pui Fung",
                "minute": 87,
                "extra_minute": null,
                "reason": null,
                "injuried": null,
                "result": null
            },
            {
                "id": 10145157,
                "team_id": "7439",
                "type": "substitution",
                "fixture_id": 640365,
                "player_id": 313358,
                "player_name": "Chan Wai Ho",
                "related_player_id": 314249,
                "related_player_name": "Leung Nok Hang",
                "minute": 88,
                "extra_minute": null,
                "reason": null,
                "injuried": null,
                "result": null
            }
        ]
    },
    "odds": {
        "data": []
    }
}