{
    "id": 640028,
    "league_id": 1001,
    "season_id": 987,
    "stage_id": 1915,
    "round_id": 30836,
    "group_id": null,
    "aggregate_id": null,
    "venue_id": 4807,
    "referee_id": null,
    "localteam_id": 7423,
    "visitorteam_id": 7463,
    "winner_team_id": 7463,
    "weather_report": null,
    "commentaries": false,
    "attendance": null,
    "pitch": null,
    "details": null,
    "neutral_venue": false,
    "winning_odds_calculated": true,
    "formations": {
        "localteam_formation": null,
        "visitorteam_formation": null
    },
    "scores": {
        "localteam_score": 2,
        "visitorteam_score": 3,
        "localteam_pen_score": null,
        "visitorteam_pen_score": null,
        "ht_score": "1-0",
        "ft_score": "2-3",
        "et_score": null
    },
    "time": {
        "status": "FT",
        "starting_at": {
            "date_time": "2017-01-08 06:30:00",
            "date": "2017-01-08",
            "time": "06:30:00",
            "timestamp": 1483857000,
            "timezone": "UTC"
        },
        "minute": 90,
        "second": null,
        "added_time": null,
        "extra_minute": null,
        "injury_time": null
    },
    "coaches": {
        "localteam_coach_id": null,
        "visitorteam_coach_id": null
    },
    "standings": {
        "localteam_position": null,
        "visitorteam_position": null
    },
    "assistants": {
        "first_assistant_id": null,
        "second_assistant_id": null,
        "fourth_official_id": null
    },
    "leg": null,
    "colors": null,
    "deleted": false,
    "localTeam": {
        "data": {
            "id": 7423,
            "legacy_id": null,
            "name": "BCGS Hong Kong Sapling",
            "short_code": null,
            "twitter": null,
            "country_id": 64306,
            "national_team": false,
            "founded": 2011,
            "logo_path": "https://cdn.sportmonks.com/images//soccer/teams/31/7423.png",
            "venue_id": 13843,
            "current_season_id": 8798
        }
    },
    "visitorTeam": {
        "data": {
            "id": 7463,
            "legacy_id": 6246,
            "name": "Yuen Long",
            "short_code": null,
            "twitter": null,
            "country_id": 64306,
            "national_team": false,
            "founded": 1959,
            "logo_path": "https://cdn.sportmonks.com/images//soccer/teams/7/7463.png",
            "venue_id": 4830,
            "current_season_id": 13176
        }
    },
    "league": {
        "data": {
            "id": 1001,
            "active": true,
            "type": "domestic",
            "legacy_id": 350,
            "country_id": 64306,
            "logo_path": null,
            "name": "Premier League",
            "is_cup": false,
            "current_season_id": 16570,
            "current_round_id": 182670,
            "current_stage_id": 77445709,
            "live_standings": false,
            "coverage": {
                "predictions": 1,
                "topscorer_goals": false,
                "topscorer_assists": false,
                "topscorer_cards": false
            }
        }
    },
    "events": {
        "data": [
            {
                "id": 10144503,
                "team_id": "7463",
                "type": "yellowcard",
                "fixture_id": 640028,
                "player_id": 313778,
                "player_name": "Pang Tsz Kin",
                "related_player_id": null,
                "related_player_name": null,
                "minute": 1,
                "extra_minute": null,
                "reason": null,
                "injuried": null,
                "result": null
            },
            {
                "id": 10144487,
                "team_id": "7423",
                "type": "yellowcard",
                "fixture_id": 640028,
                "player_id": 176873,
                "player_name": "M. Teodorovic",
                "related_player_id": null,
                "related_player_name": null,
                "minute": 17,
                "extra_minute": null,
                "reason": null,
                "injuried": null,
                "result": null
            },
            {
                "id": 10144546,
                "team_id": "7463",
                "type": "yellowcard",
                "fixture_id": 640028,
                "player_id": 313607,
                "player_name": "Fábio",
                "related_player_id": null,
                "related_player_name": null,
                "minute": 37,
                "extra_minute": null,
                "reason": null,
                "injuried": null,
                "result": null
            },
            {
                "id": 10144524,
                "team_id": "7463",
                "type": "yellowcard",
                "fixture_id": 640028,
                "player_id": 313752,
                "player_name": "Wong Yim Kwan",
                "related_player_id": null,
                "related_player_name": null,
                "minute": 45,
                "extra_minute": null,
                "reason": null,
                "injuried": null,
                "result": null
            },
            {
                "id": 10144417,
                "team_id": "7423",
                "type": "goal",
                "fixture_id": 640028,
                "player_id": 314540,
                "player_name": "Everton Camargo",
                "related_player_id": null,
                "related_player_name": null,
                "minute": 45,
                "extra_minute": null,
                "reason": null,
                "injuried": null,
                "result": null
            },
            {
                "id": 10144534,
                "team_id": "7463",
                "type": "yellowcard",
                "fixture_id": 640028,
                "player_id": 314028,
                "player_name": "Ngan Lok Fung",
                "related_player_id": null,
                "related_player_name": null,
                "minute": 48,
                "extra_minute": null,
                "reason": null,
                "injuried": null,
                "result": null
            },
            {
                "id": 10144520,
                "team_id": "7463",
                "type": "yellowcard",
                "fixture_id": 640028,
                "player_id": 108865,
                "player_name": "Ticão",
                "related_player_id": null,
                "related_player_name": null,
                "minute": 55,
                "extra_minute": null,
                "reason": null,
                "injuried": null,
                "result": null
            },
            {
                "id": 10144495,
                "team_id": "7423",
                "type": "yellowcard",
                "fixture_id": 640028,
                "player_id": 314465,
                "player_name": "Kwok Tsz Kaai",
                "related_player_id": null,
                "related_player_name": null,
                "minute": 55,
                "extra_minute": null,
                "reason": null,
                "injuried": null,
                "result": null
            },
            {
                "id": 10144512,
                "team_id": "7463",
                "type": "yellowcard",
                "fixture_id": 640028,
                "player_id": 313570,
                "player_name": "Chan Hin Kwong",
                "related_player_id": null,
                "related_player_name": null,
                "minute": 56,
                "extra_minute": null,
                "reason": null,
                "injuried": null,
                "result": null
            },
            {
                "id": 10144580,
                "team_id": "7463",
                "type": "substitution",
                "fixture_id": 640028,
                "player_id": 314488,
                "player_name": "Diego Higino",
                "related_player_id": 69526,
                "related_player_name": "Stefan",
                "minute": 58,
                "extra_minute": null,
                "reason": null,
                "injuried": null,
                "result": null
            },
            {
                "id": 10144586,
                "team_id": "7463",
                "type": "substitution",
                "fixture_id": 640028,
                "player_id": 314201,
                "player_name": "Lau Ho Lam",
                "related_player_id": 314028,
                "related_player_name": "Ngan Lok Fung",
                "minute": 58,
                "extra_minute": null,
                "reason": null,
                "injuried": null,
                "result": null
            },
            {
                "id": 10144424,
                "team_id": "7423",
                "type": "goal",
                "fixture_id": 640028,
                "player_id": 314540,
                "player_name": "Everton Camargo",
                "related_player_id": null,
                "related_player_name": null,
                "minute": 60,
                "extra_minute": null,
                "reason": null,
                "injuried": null,
                "result": null
            },
            {
                "id": 10144592,
                "team_id": "7463",
                "type": "substitution",
                "fixture_id": 640028,
                "player_id": 313337,
                "player_name": "Tam Lok Hin",
                "related_player_id": 314333,
                "related_player_name": "Yiu Ho Ming",
                "minute": 61,
                "extra_minute": null,
                "reason": null,
                "injuried": null,
                "result": null
            },
            {
                "id": 10144440,
                "team_id": "7463",
                "type": "goal",
                "fixture_id": 640028,
                "player_id": 115036,
                "player_name": "A. Randelovic",
                "related_player_id": null,
                "related_player_name": null,
                "minute": 62,
                "extra_minute": null,
                "reason": null,
                "injuried": null,
                "result": null
            },
            {
                "id": 10144560,
                "team_id": "7423",
                "type": "substitution",
                "fixture_id": 640028,
                "player_id": 314291,
                "player_name": "Cheng Siu Kwang",
                "related_player_id": 314383,
                "related_player_name": "Yu Pui Hong",
                "minute": 75,
                "extra_minute": null,
                "reason": null,
                "injuried": null,
                "result": null
            },
            {
                "id": 10144451,
                "team_id": "7463",
                "type": "goal",
                "fixture_id": 640028,
                "player_id": 313570,
                "player_name": "Chan Hin Kwong",
                "related_player_id": null,
                "related_player_name": null,
                "minute": 75,
                "extra_minute": null,
                "reason": null,
                "injuried": null,
                "result": null
            },
            {
                "id": 10144552,
                "team_id": "7463",
                "type": "yellowcard",
                "fixture_id": 640028,
                "player_id": 314201,
                "player_name": "Lau Ho Lam",
                "related_player_id": null,
                "related_player_name": null,
                "minute": 84,
                "extra_minute": null,
                "reason": null,
                "injuried": null,
                "result": null
            },
            {
                "id": 10144567,
                "team_id": "7423",
                "type": "substitution",
                "fixture_id": 640028,
                "player_id": 314364,
                "player_name": "Lau Tsz Kin",
                "related_player_id": 314541,
                "related_player_name": "Dong-Hun Yoon",
                "minute": 84,
                "extra_minute": null,
                "reason": null,
                "injuried": null,
                "result": null
            },
            {
                "id": 10144479,
                "team_id": "7423",
                "type": "yellowcard",
                "fixture_id": 640028,
                "player_id": 314544,
                "player_name": "Lilley Nunez Vasudeva Das",
                "related_player_id": null,
                "related_player_name": null,
                "minute": 85,
                "extra_minute": null,
                "reason": null,
                "injuried": null,
                "result": null
            },
            {
                "id": 10144473,
                "team_id": "7423",
                "type": "yellowcard",
                "fixture_id": 640028,
                "player_id": 313412,
                "player_name": "Yeung Chi Lun",
                "related_player_id": null,
                "related_player_name": null,
                "minute": 87,
                "extra_minute": null,
                "reason": null,
                "injuried": null,
                "result": null
            },
            {
                "id": 10144542,
                "team_id": "7463",
                "type": "yellowcard",
                "fixture_id": 640028,
                "player_id": 115036,
                "player_name": "A. Randelovic",
                "related_player_id": null,
                "related_player_name": null,
                "minute": 90,
                "extra_minute": 4,
                "reason": null,
                "injuried": null,
                "result": null
            },
            {
                "id": 10144574,
                "team_id": "7423",
                "type": "substitution",
                "fixture_id": 640028,
                "player_id": 314446,
                "player_name": "Lau Chi Lok",
                "related_player_id": 314352,
                "related_player_name": "Liu Pui Fung",
                "minute": 90,
                "extra_minute": 3,
                "reason": null,
                "injuried": null,
                "result": null
            },
            {
                "id": 10144464,
                "team_id": "7463",
                "type": "goal",
                "fixture_id": 640028,
                "player_id": 115036,
                "player_name": "A. Randelovic",
                "related_player_id": null,
                "related_player_name": null,
                "minute": 90,
                "extra_minute": 4,
                "reason": null,
                "injuried": null,
                "result": null
            }
        ]
    },
    "odds": {
        "data": []
    }
}