{
    "id": 640616,
    "league_id": 1001,
    "season_id": 987,
    "stage_id": 1915,
    "round_id": 30840,
    "group_id": null,
    "aggregate_id": null,
    "venue_id": 4807,
    "referee_id": null,
    "localteam_id": 7423,
    "visitorteam_id": 1411,
    "winner_team_id": 1411,
    "weather_report": null,
    "commentaries": false,
    "attendance": null,
    "pitch": null,
    "details": null,
    "neutral_venue": false,
    "winning_odds_calculated": true,
    "formations": {
        "localteam_formation": null,
        "visitorteam_formation": null
    },
    "scores": {
        "localteam_score": 1,
        "visitorteam_score": 2,
        "localteam_pen_score": null,
        "visitorteam_pen_score": null,
        "ht_score": "0-2",
        "ft_score": "1-2",
        "et_score": null
    },
    "time": {
        "status": "FT",
        "starting_at": {
            "date_time": "2017-02-25 06:30:00",
            "date": "2017-02-25",
            "time": "06:30:00",
            "timestamp": 1488004200,
            "timezone": "UTC"
        },
        "minute": 90,
        "second": null,
        "added_time": null,
        "extra_minute": null,
        "injury_time": null
    },
    "coaches": {
        "localteam_coach_id": null,
        "visitorteam_coach_id": null
    },
    "standings": {
        "localteam_position": null,
        "visitorteam_position": null
    },
    "assistants": {
        "first_assistant_id": null,
        "second_assistant_id": null,
        "fourth_official_id": null
    },
    "leg": null,
    "colors": null,
    "deleted": false,
    "localTeam": {
        "data": {
            "id": 7423,
            "legacy_id": null,
            "name": "BCGS Hong Kong Sapling",
            "short_code": null,
            "twitter": null,
            "country_id": 64306,
            "national_team": false,
            "founded": 2011,
            "logo_path": "https://cdn.sportmonks.com/images//soccer/teams/31/7423.png",
            "venue_id": 13843,
            "current_season_id": 8798
        }
    },
    "visitorTeam": {
        "data": {
            "id": 1411,
            "legacy_id": null,
            "name": "Eastern",
            "short_code": null,
            "twitter": null,
            "country_id": 64306,
            "national_team": false,
            "founded": 1932,
            "logo_path": "https://cdn.sportmonks.com/images//soccer/teams/3/1411.png",
            "venue_id": 13871,
            "current_season_id": 13176
        }
    },
    "league": {
        "data": {
            "id": 1001,
            "active": true,
            "type": "domestic",
            "legacy_id": 350,
            "country_id": 64306,
            "logo_path": null,
            "name": "Premier League",
            "is_cup": false,
            "current_season_id": 16570,
            "current_round_id": 182670,
            "current_stage_id": 77445709,
            "live_standings": false,
            "coverage": {
                "predictions": 1,
                "topscorer_goals": false,
                "topscorer_assists": false,
                "topscorer_cards": false
            }
        }
    },
    "events": {
        "data": [
            {
                "id": 10146092,
                "team_id": "1411",
                "type": "goal",
                "fixture_id": 640616,
                "player_id": 313246,
                "player_name": "Giovane",
                "related_player_id": null,
                "related_player_name": null,
                "minute": 13,
                "extra_minute": null,
                "reason": null,
                "injuried": null,
                "result": null
            },
            {
                "id": 10146100,
                "team_id": "1411",
                "type": "goal",
                "fixture_id": 640616,
                "player_id": 313246,
                "player_name": "Giovane",
                "related_player_id": null,
                "related_player_name": null,
                "minute": 30,
                "extra_minute": null,
                "reason": null,
                "injuried": null,
                "result": null
            },
            {
                "id": 10146107,
                "team_id": "7423",
                "type": "own-goal",
                "fixture_id": 640616,
                "player_id": 313633,
                "player_name": "Yapp Hung Fai",
                "related_player_id": null,
                "related_player_name": null,
                "minute": 90,
                "extra_minute": 5,
                "reason": null,
                "injuried": null,
                "result": null
            }
        ]
    },
    "odds": {
        "data": []
    }
}