{
    "id": 10411852,
    "league_id": 420,
    "season_id": 13029,
    "stage_id": 7743138,
    "round_id": 153278,
    "group_id": null,
    "aggregate_id": null,
    "venue_id": 974,
    "referee_id": null,
    "localteam_id": 1877,
    "visitorteam_id": 295,
    "winner_team_id": 295,
    "weather_report": null,
    "commentaries": null,
    "attendance": null,
    "pitch": "Good",
    "details": null,
    "neutral_venue": false,
    "winning_odds_calculated": true,
    "formations": {
        "localteam_formation": null,
        "visitorteam_formation": null
    },
    "scores": {
        "localteam_score": 0,
        "visitorteam_score": 1,
        "localteam_pen_score": null,
        "visitorteam_pen_score": null,
        "ht_score": "0-0",
        "ft_score": "0-1",
        "et_score": null
    },
    "time": {
        "status": "FT",
        "starting_at": {
            "date_time": "2019-03-13 17:00:00",
            "date": "2019-03-13",
            "time": "17:00:00",
            "timestamp": 1552496400,
            "timezone": "UTC"
        },
        "minute": 90,
        "second": 0,
        "added_time": 0,
        "extra_minute": null,
        "injury_time": 5
    },
    "coaches": {
        "localteam_coach_id": 30457973,
        "visitorteam_coach_id": 456119
    },
    "standings": {
        "localteam_position": 5,
        "visitorteam_position": 6
    },
    "assistants": {
        "first_assistant_id": null,
        "second_assistant_id": null,
        "fourth_official_id": null
    },
    "leg": "1/1",
    "colors": {
        "localteam": {
            "color": null,
            "kit_colors": null
        },
        "visitorteam": {
            "color": null,
            "kit_colors": null
        }
    },
    "deleted": false,
    "localTeam": {
        "data": {
            "id": 1877,
            "legacy_id": 1715,
            "name": "Birkirkara",
            "short_code": null,
            "twitter": null,
            "country_id": 2756,
            "national_team": false,
            "founded": 1950,
            "logo_path": "https://cdn.sportmonks.com/images//soccer/teams/21/1877.png",
            "venue_id": 332558,
            "current_season_id": 13029
        }
    },
    "visitorTeam": {
        "data": {
            "id": 295,
            "legacy_id": 8152,
            "name": "Hamrun Spartans",
            "short_code": null,
            "twitter": null,
            "country_id": 2756,
            "national_team": false,
            "founded": 1907,
            "logo_path": "https://cdn.sportmonks.com/images//soccer/teams/7/295.png",
            "venue_id": 5052,
            "current_season_id": 13029
        }
    },
    "league": {
        "data": {
            "id": 420,
            "active": true,
            "type": "domestic",
            "legacy_id": 152,
            "country_id": 2756,
            "logo_path": null,
            "name": "Premier League",
            "is_cup": false,
            "current_season_id": 16283,
            "current_round_id": 181738,
            "current_stage_id": 77444896,
            "live_standings": true,
            "coverage": {
                "predictions": 1,
                "topscorer_goals": false,
                "topscorer_assists": false,
                "topscorer_cards": false
            }
        }
    },
    "events": {
        "data": [
            {
                "id": 10411852001,
                "team_id": "1877",
                "type": "substitution",
                "fixture_id": 10411852,
                "player_id": 144612,
                "player_name": "M. Guillaumier",
                "related_player_id": 72558,
                "related_player_name": "M. Anđelković",
                "minute": 46,
                "extra_minute": null,
                "reason": null,
                "injuried": null,
                "result": null
            },
            {
                "id": 10411852002,
                "team_id": "1877",
                "type": "yellowcard",
                "fixture_id": 10411852,
                "player_id": 143790,
                "player_name": "L. Montebello",
                "related_player_id": null,
                "related_player_name": null,
                "minute": 48,
                "extra_minute": null,
                "reason": null,
                "injuried": null,
                "result": null
            },
            {
                "id": 10411852003,
                "team_id": "1877",
                "type": "substitution",
                "fixture_id": 10411852,
                "player_id": 222574,
                "player_name": "Thiago Brito",
                "related_player_id": 1615,
                "related_player_name": "M. Mifsud",
                "minute": 60,
                "extra_minute": null,
                "reason": null,
                "injuried": null,
                "result": null
            },
            {
                "id": 10411852004,
                "team_id": "295",
                "type": "substitution",
                "fixture_id": 10411852,
                "player_id": 144076,
                "player_name": "C. Borg",
                "related_player_id": 396044,
                "related_player_name": "C. Henneberg",
                "minute": 67,
                "extra_minute": null,
                "reason": null,
                "injuried": null,
                "result": null
            },
            {
                "id": 10411852005,
                "team_id": "1877",
                "type": "yellowcard",
                "fixture_id": 10411852,
                "player_id": 144143,
                "player_name": "T. Agius",
                "related_player_id": null,
                "related_player_name": null,
                "minute": 75,
                "extra_minute": null,
                "reason": null,
                "injuried": null,
                "result": null
            },
            {
                "id": 10411852006,
                "team_id": "295",
                "type": "substitution",
                "fixture_id": 10411852,
                "player_id": 142922,
                "player_name": "R. Darmanin",
                "related_player_id": 366865,
                "related_player_name": "K. Tulimieri",
                "minute": 77,
                "extra_minute": null,
                "reason": null,
                "injuried": null,
                "result": null
            },
            {
                "id": 10411852007,
                "team_id": "1877",
                "type": "substitution",
                "fixture_id": 10411852,
                "player_id": 144105,
                "player_name": "C. Attard",
                "related_player_id": 143790,
                "related_player_name": "L. Montebello",
                "minute": 77,
                "extra_minute": null,
                "reason": null,
                "injuried": null,
                "result": null
            },
            {
                "id": 10411852009,
                "team_id": "295",
                "type": "yellowcard",
                "fixture_id": 10411852,
                "player_id": 142922,
                "player_name": "R. Darmanin",
                "related_player_id": null,
                "related_player_name": null,
                "minute": 81,
                "extra_minute": null,
                "reason": null,
                "injuried": null,
                "result": null
            },
            {
                "id": 10411852008,
                "team_id": "295",
                "type": "goal",
                "fixture_id": 10411852,
                "player_id": 142922,
                "player_name": "R. Darmanin",
                "related_player_id": null,
                "related_player_name": null,
                "minute": 81,
                "extra_minute": null,
                "reason": null,
                "injuried": null,
                "result": "0-1"
            },
            {
                "id": 10411852010,
                "team_id": "1877",
                "type": "redcard",
                "fixture_id": 10411852,
                "player_id": 144143,
                "player_name": "T. Agius",
                "related_player_id": null,
                "related_player_name": null,
                "minute": 90,
                "extra_minute": null,
                "reason": null,
                "injuried": null,
                "result": null
            },
            {
                "id": 10411852011,
                "team_id": "295",
                "type": "yellowcard",
                "fixture_id": 10411852,
                "player_id": 143024,
                "player_name": "M. Bartolo",
                "related_player_id": null,
                "related_player_name": null,
                "minute": 90,
                "extra_minute": null,
                "reason": null,
                "injuried": null,
                "result": null
            }
        ]
    },
    "odds": {
        "data": []
    }
}