{
    "id": 10411805,
    "league_id": 420,
    "season_id": 13029,
    "stage_id": 7743138,
    "round_id": 153272,
    "group_id": null,
    "aggregate_id": null,
    "venue_id": 7844,
    "referee_id": null,
    "localteam_id": 1877,
    "visitorteam_id": 9824,
    "winner_team_id": 1877,
    "weather_report": {
        "code": "clouds",
        "type": "few clouds",
        "icon": "https://cdn.sportmonks.com/images/weather/02d.png",
        "temperature": {
            "temp": 59,
            "unit": "fahrenheit"
        },
        "clouds": "20%",
        "humidity": "77%",
        "wind": {
            "speed": "3.36 m/s",
            "degree": 170
        }
    },
    "commentaries": null,
    "attendance": null,
    "pitch": "Artificial Turf",
    "details": null,
    "neutral_venue": false,
    "winning_odds_calculated": true,
    "formations": {
        "localteam_formation": null,
        "visitorteam_formation": null
    },
    "scores": {
        "localteam_score": 3,
        "visitorteam_score": 0,
        "localteam_pen_score": null,
        "visitorteam_pen_score": null,
        "ht_score": "1-0",
        "ft_score": "3-0",
        "et_score": null
    },
    "time": {
        "status": "FT",
        "starting_at": {
            "date_time": "2019-01-18 17:00:00",
            "date": "2019-01-18",
            "time": "17:00:00",
            "timestamp": 1547830800,
            "timezone": "UTC"
        },
        "minute": 90,
        "second": null,
        "added_time": 0,
        "extra_minute": null,
        "injury_time": 1
    },
    "coaches": {
        "localteam_coach_id": 455581,
        "visitorteam_coach_id": 11676203
    },
    "standings": {
        "localteam_position": 6,
        "visitorteam_position": 12
    },
    "assistants": {
        "first_assistant_id": null,
        "second_assistant_id": null,
        "fourth_official_id": null
    },
    "leg": "1/1",
    "colors": {
        "localteam": {
            "color": null,
            "kit_colors": null
        },
        "visitorteam": {
            "color": null,
            "kit_colors": null
        }
    },
    "deleted": false,
    "localTeam": {
        "data": {
            "id": 1877,
            "legacy_id": 1715,
            "name": "Birkirkara",
            "short_code": null,
            "twitter": null,
            "country_id": 2756,
            "national_team": false,
            "founded": 1950,
            "logo_path": "https://cdn.sportmonks.com/images//soccer/teams/21/1877.png",
            "venue_id": 332558,
            "current_season_id": 13029
        }
    },
    "visitorTeam": {
        "data": {
            "id": 9824,
            "legacy_id": 1723,
            "name": "Pietà Hotspurs",
            "short_code": null,
            "twitter": null,
            "country_id": 2756,
            "national_team": false,
            "founded": null,
            "logo_path": "https://cdn.sportmonks.com/images//soccer/teams/0/9824.png",
            "venue_id": 5052,
            "current_season_id": 13029
        }
    },
    "league": {
        "data": {
            "id": 420,
            "active": true,
            "type": "domestic",
            "legacy_id": 152,
            "country_id": 2756,
            "logo_path": null,
            "name": "Premier League",
            "is_cup": false,
            "current_season_id": 16283,
            "current_round_id": 181738,
            "current_stage_id": 77444896,
            "live_standings": true,
            "coverage": {
                "predictions": 1,
                "topscorer_goals": false,
                "topscorer_assists": false,
                "topscorer_cards": false
            }
        }
    },
    "events": {
        "data": [
            {
                "id": 10411805001,
                "team_id": "9824",
                "type": "yellowcard",
                "fixture_id": 10411805,
                "player_id": null,
                "player_name": null,
                "related_player_id": null,
                "related_player_name": null,
                "minute": 25,
                "extra_minute": null,
                "reason": null,
                "injuried": null,
                "result": null
            },
            {
                "id": 10411805002,
                "team_id": "1877",
                "type": "goal",
                "fixture_id": 10411805,
                "player_id": 144612,
                "player_name": "M. Guillaumier",
                "related_player_id": null,
                "related_player_name": null,
                "minute": 26,
                "extra_minute": null,
                "reason": null,
                "injuried": null,
                "result": "1-0"
            },
            {
                "id": 10411805003,
                "team_id": "1877",
                "type": "substitution",
                "fixture_id": 10411805,
                "player_id": 113514,
                "player_name": "Jorginho",
                "related_player_id": 143790,
                "related_player_name": "L. Montebello",
                "minute": 45,
                "extra_minute": null,
                "reason": null,
                "injuried": null,
                "result": null
            },
            {
                "id": 10411805004,
                "team_id": "1877",
                "type": "yellowcard",
                "fixture_id": 10411805,
                "player_id": 113514,
                "player_name": null,
                "related_player_id": null,
                "related_player_name": null,
                "minute": 45,
                "extra_minute": 2,
                "reason": null,
                "injuried": null,
                "result": null
            },
            {
                "id": 10411805005,
                "team_id": "1877",
                "type": "goal",
                "fixture_id": 10411805,
                "player_id": 113514,
                "player_name": "Jorginho",
                "related_player_id": null,
                "related_player_name": null,
                "minute": 65,
                "extra_minute": null,
                "reason": null,
                "injuried": null,
                "result": "2-0"
            },
            {
                "id": 10411805006,
                "team_id": "1877",
                "type": "goal",
                "fixture_id": 10411805,
                "player_id": 220092,
                "player_name": "Danilo Quipapa",
                "related_player_id": null,
                "related_player_name": null,
                "minute": 82,
                "extra_minute": null,
                "reason": null,
                "injuried": null,
                "result": "3-0"
            }
        ]
    },
    "odds": {
        "data": []
    }
}