{
    "id": 5375116,
    "league_id": 420,
    "season_id": 8110,
    "stage_id": 56620,
    "round_id": null,
    "group_id": null,
    "aggregate_id": null,
    "venue_id": 974,
    "referee_id": null,
    "localteam_id": 1877,
    "visitorteam_id": 147,
    "winner_team_id": 147,
    "weather_report": null,
    "commentaries": null,
    "attendance": null,
    "pitch": "Good",
    "details": null,
    "neutral_venue": false,
    "winning_odds_calculated": true,
    "formations": {
        "localteam_formation": null,
        "visitorteam_formation": null
    },
    "scores": {
        "localteam_score": 0,
        "visitorteam_score": 3,
        "localteam_pen_score": null,
        "visitorteam_pen_score": null,
        "ht_score": "0-2",
        "ft_score": "0-3",
        "et_score": null
    },
    "time": {
        "status": "FT",
        "starting_at": {
            "date_time": "2017-09-29 18:00:00",
            "date": "2017-09-29",
            "time": "18:00:00",
            "timestamp": 1506708000,
            "timezone": "UTC"
        },
        "minute": 90,
        "second": null,
        "added_time": null,
        "extra_minute": null,
        "injury_time": 3
    },
    "coaches": {
        "localteam_coach_id": null,
        "visitorteam_coach_id": null
    },
    "standings": {
        "localteam_position": 9,
        "visitorteam_position": 4
    },
    "assistants": {
        "first_assistant_id": null,
        "second_assistant_id": null,
        "fourth_official_id": null
    },
    "leg": "1/1",
    "colors": null,
    "deleted": false,
    "localTeam": {
        "data": {
            "id": 1877,
            "legacy_id": 1715,
            "name": "Birkirkara",
            "short_code": null,
            "twitter": null,
            "country_id": 2756,
            "national_team": false,
            "founded": 1950,
            "logo_path": "https://cdn.sportmonks.com/images//soccer/teams/21/1877.png",
            "venue_id": 332558,
            "current_season_id": 13029
        }
    },
    "visitorTeam": {
        "data": {
            "id": 147,
            "legacy_id": 1716,
            "name": "Valletta",
            "short_code": null,
            "twitter": null,
            "country_id": 2756,
            "national_team": false,
            "founded": 1944,
            "logo_path": "https://cdn.sportmonks.com/images//soccer/teams/19/147.png",
            "venue_id": 4453,
            "current_season_id": 13029
        }
    },
    "league": {
        "data": {
            "id": 420,
            "active": true,
            "type": "domestic",
            "legacy_id": 152,
            "country_id": 2756,
            "logo_path": null,
            "name": "Premier League",
            "is_cup": false,
            "current_season_id": 16283,
            "current_round_id": 181738,
            "current_stage_id": 77444896,
            "live_standings": true,
            "coverage": {
                "predictions": 1,
                "topscorer_goals": false,
                "topscorer_assists": false,
                "topscorer_cards": false
            }
        }
    },
    "events": {
        "data": [
            {
                "id": 5375116001,
                "team_id": "1877",
                "type": "yellowcard",
                "fixture_id": 5375116,
                "player_id": 60313,
                "player_name": "L. Mulemo",
                "related_player_id": null,
                "related_player_name": null,
                "minute": 12,
                "extra_minute": null,
                "reason": null,
                "injuried": null,
                "result": null
            },
            {
                "id": 5375116002,
                "team_id": "147",
                "type": "goal",
                "fixture_id": 5375116,
                "player_id": 1615,
                "player_name": "M. Mifsud",
                "related_player_id": null,
                "related_player_name": null,
                "minute": 13,
                "extra_minute": null,
                "reason": null,
                "injuried": null,
                "result": "0-1"
            },
            {
                "id": 5375116003,
                "team_id": "147",
                "type": "goal",
                "fixture_id": 5375116,
                "player_id": 144456,
                "player_name": "K. Nwoko",
                "related_player_id": null,
                "related_player_name": null,
                "minute": 31,
                "extra_minute": null,
                "reason": null,
                "injuried": null,
                "result": "0-2"
            },
            {
                "id": 5375116004,
                "team_id": "147",
                "type": "substitution",
                "fixture_id": 5375116,
                "player_id": 144071,
                "player_name": "M. Piciollo",
                "related_player_id": 128388,
                "related_player_name": "C. Pani",
                "minute": 32,
                "extra_minute": null,
                "reason": null,
                "injuried": null,
                "result": null
            },
            {
                "id": 5375116005,
                "team_id": "147",
                "type": "substitution",
                "fixture_id": 5375116,
                "player_id": 142973,
                "player_name": "Denni",
                "related_player_id": 1615,
                "related_player_name": "M. Mifsud",
                "minute": 46,
                "extra_minute": null,
                "reason": null,
                "injuried": null,
                "result": null
            },
            {
                "id": 5375116006,
                "team_id": "1877",
                "type": "substitution",
                "fixture_id": 5375116,
                "player_id": 144248,
                "player_name": "A. Nilsson",
                "related_player_id": 144612,
                "related_player_name": "M. Guillaumier",
                "minute": 61,
                "extra_minute": null,
                "reason": null,
                "injuried": null,
                "result": null
            },
            {
                "id": 5375116007,
                "team_id": "1877",
                "type": "substitution",
                "fixture_id": 5375116,
                "player_id": 142848,
                "player_name": "E. Herrera",
                "related_player_id": 143123,
                "related_player_name": "R. Camenzuli",
                "minute": 61,
                "extra_minute": null,
                "reason": null,
                "injuried": null,
                "result": null
            },
            {
                "id": 5375116008,
                "team_id": "147",
                "type": "goal",
                "fixture_id": 5375116,
                "player_id": 142973,
                "player_name": "Denni",
                "related_player_id": null,
                "related_player_name": null,
                "minute": 62,
                "extra_minute": null,
                "reason": null,
                "injuried": null,
                "result": "0-3"
            },
            {
                "id": 5375116009,
                "team_id": "147",
                "type": "substitution",
                "fixture_id": 5375116,
                "player_id": 144067,
                "player_name": "N. Pulis",
                "related_player_id": 144066,
                "related_player_name": "J. Borg",
                "minute": 69,
                "extra_minute": null,
                "reason": null,
                "injuried": null,
                "result": null
            },
            {
                "id": 5375116010,
                "team_id": "1877",
                "type": "substitution",
                "fixture_id": 5375116,
                "player_id": 55799,
                "player_name": "E. N'For",
                "related_player_id": 144105,
                "related_player_name": "C. Attard",
                "minute": 75,
                "extra_minute": null,
                "reason": null,
                "injuried": null,
                "result": null
            },
            {
                "id": 5375116011,
                "team_id": "1877",
                "type": "yellowcard",
                "fixture_id": 5375116,
                "player_id": 55799,
                "player_name": "E. N'For",
                "related_player_id": null,
                "related_player_name": null,
                "minute": 79,
                "extra_minute": null,
                "reason": null,
                "injuried": null,
                "result": null
            },
            {
                "id": 5375116012,
                "team_id": "147",
                "type": "yellowcard",
                "fixture_id": 5375116,
                "player_id": 142973,
                "player_name": "Denni",
                "related_player_id": null,
                "related_player_name": null,
                "minute": 84,
                "extra_minute": null,
                "reason": null,
                "injuried": null,
                "result": null
            }
        ]
    },
    "odds": {
        "data": []
    }
}