{
    "id": 641070,
    "league_id": 1001,
    "season_id": 987,
    "stage_id": 1915,
    "round_id": 30845,
    "group_id": null,
    "aggregate_id": null,
    "venue_id": 3855,
    "referee_id": null,
    "localteam_id": 18138,
    "visitorteam_id": 7423,
    "winner_team_id": 18138,
    "weather_report": null,
    "commentaries": false,
    "attendance": null,
    "pitch": null,
    "details": null,
    "neutral_venue": false,
    "winning_odds_calculated": true,
    "formations": {
        "localteam_formation": null,
        "visitorteam_formation": null
    },
    "scores": {
        "localteam_score": 5,
        "visitorteam_score": 2,
        "localteam_pen_score": null,
        "visitorteam_pen_score": null,
        "ht_score": "3-2",
        "ft_score": "5-2",
        "et_score": null
    },
    "time": {
        "status": "FT",
        "starting_at": {
            "date_time": "2017-04-23 06:30:00",
            "date": "2017-04-23",
            "time": "06:30:00",
            "timestamp": 1492929000,
            "timezone": "UTC"
        },
        "minute": 90,
        "second": null,
        "added_time": null,
        "extra_minute": null,
        "injury_time": null
    },
    "coaches": {
        "localteam_coach_id": null,
        "visitorteam_coach_id": null
    },
    "standings": {
        "localteam_position": null,
        "visitorteam_position": null
    },
    "assistants": {
        "first_assistant_id": null,
        "second_assistant_id": null,
        "fourth_official_id": null
    },
    "leg": null,
    "colors": null,
    "deleted": false,
    "localTeam": {
        "data": {
            "id": 18138,
            "legacy_id": 703,
            "name": "Biu Chun",
            "short_code": null,
            "twitter": null,
            "country_id": 64306,
            "national_team": false,
            "founded": null,
            "logo_path": "https://cdn.sportmonks.com/images//soccer/teams/26/18138.png",
            "venue_id": 1,
            "current_season_id": 14986
        }
    },
    "visitorTeam": {
        "data": {
            "id": 7423,
            "legacy_id": null,
            "name": "BCGS Hong Kong Sapling",
            "short_code": null,
            "twitter": null,
            "country_id": 64306,
            "national_team": false,
            "founded": 2011,
            "logo_path": "https://cdn.sportmonks.com/images//soccer/teams/31/7423.png",
            "venue_id": 13843,
            "current_season_id": 8798
        }
    },
    "league": {
        "data": {
            "id": 1001,
            "active": true,
            "type": "domestic",
            "legacy_id": 350,
            "country_id": 64306,
            "logo_path": null,
            "name": "Premier League",
            "is_cup": false,
            "current_season_id": 16570,
            "current_round_id": 182670,
            "current_stage_id": 77445709,
            "live_standings": false,
            "coverage": {
                "predictions": 1,
                "topscorer_goals": false,
                "topscorer_assists": false,
                "topscorer_cards": false
            }
        }
    },
    "events": {
        "data": [
            {
                "id": 10148025,
                "team_id": "7423",
                "type": "goal",
                "fixture_id": 641070,
                "player_id": 314540,
                "player_name": "Everton Camargo",
                "related_player_id": null,
                "related_player_name": null,
                "minute": 1,
                "extra_minute": null,
                "reason": null,
                "injuried": null,
                "result": null
            },
            {
                "id": 10148033,
                "team_id": "18138",
                "type": "goal",
                "fixture_id": 641070,
                "player_id": 314240,
                "player_name": "Tarrés",
                "related_player_id": null,
                "related_player_name": null,
                "minute": 2,
                "extra_minute": null,
                "reason": null,
                "injuried": null,
                "result": null
            },
            {
                "id": 10148040,
                "team_id": "18138",
                "type": "goal",
                "fixture_id": 641070,
                "player_id": 91881,
                "player_name": "Denis",
                "related_player_id": null,
                "related_player_name": null,
                "minute": 5,
                "extra_minute": null,
                "reason": null,
                "injuried": null,
                "result": null
            },
            {
                "id": 10148048,
                "team_id": "7423",
                "type": "goal",
                "fixture_id": 641070,
                "player_id": 314540,
                "player_name": "Everton Camargo",
                "related_player_id": null,
                "related_player_name": null,
                "minute": 27,
                "extra_minute": null,
                "reason": null,
                "injuried": null,
                "result": null
            },
            {
                "id": 10148057,
                "team_id": "18138",
                "type": "goal",
                "fixture_id": 641070,
                "player_id": 313400,
                "player_name": "Ip Chung Long",
                "related_player_id": null,
                "related_player_name": null,
                "minute": 35,
                "extra_minute": null,
                "reason": null,
                "injuried": null,
                "result": null
            },
            {
                "id": 10148097,
                "team_id": "7423",
                "type": "substitution",
                "fixture_id": 641070,
                "player_id": 176873,
                "player_name": "M. Teodorovic",
                "related_player_id": 314446,
                "related_player_name": "Lau Chi Lok",
                "minute": 65,
                "extra_minute": null,
                "reason": null,
                "injuried": null,
                "result": null
            },
            {
                "id": 10148064,
                "team_id": "18138",
                "type": "goal",
                "fixture_id": 641070,
                "player_id": 314240,
                "player_name": "Tarrés",
                "related_player_id": null,
                "related_player_name": null,
                "minute": 77,
                "extra_minute": null,
                "reason": null,
                "injuried": null,
                "result": null
            },
            {
                "id": 10148103,
                "team_id": "7423",
                "type": "substitution",
                "fixture_id": 641070,
                "player_id": 67462,
                "player_name": "L. Vidić",
                "related_player_id": 314286,
                "related_player_name": "Gil-Hoon Lee",
                "minute": 78,
                "extra_minute": null,
                "reason": null,
                "injuried": null,
                "result": null
            },
            {
                "id": 10148109,
                "team_id": "7423",
                "type": "substitution",
                "fixture_id": 641070,
                "player_id": 314352,
                "player_name": "Liu Pui Fung",
                "related_player_id": 314364,
                "related_player_name": "Lau Tsz Kin",
                "minute": 78,
                "extra_minute": null,
                "reason": null,
                "injuried": null,
                "result": null
            },
            {
                "id": 10148084,
                "team_id": "18138",
                "type": "substitution",
                "fixture_id": 641070,
                "player_id": 313901,
                "player_name": "Chow Cheuk Fung",
                "related_player_id": 314360,
                "related_player_name": "Tse Long Hin",
                "minute": 82,
                "extra_minute": null,
                "reason": null,
                "injuried": null,
                "result": null
            },
            {
                "id": 10148077,
                "team_id": "7423",
                "type": "yellowcard",
                "fixture_id": 641070,
                "player_id": 177123,
                "player_name": "I. Miović",
                "related_player_id": null,
                "related_player_name": null,
                "minute": 83,
                "extra_minute": null,
                "reason": null,
                "injuried": null,
                "result": null
            },
            {
                "id": 10148071,
                "team_id": "18138",
                "type": "goal",
                "fixture_id": 641070,
                "player_id": 313400,
                "player_name": "Ip Chung Long",
                "related_player_id": null,
                "related_player_name": null,
                "minute": 89,
                "extra_minute": null,
                "reason": null,
                "injuried": null,
                "result": null
            },
            {
                "id": 10148090,
                "team_id": "18138",
                "type": "substitution",
                "fixture_id": 641070,
                "player_id": 314464,
                "player_name": "Tse Wai Chun",
                "related_player_id": 313400,
                "related_player_name": "Ip Chung Long",
                "minute": 90,
                "extra_minute": 1,
                "reason": null,
                "injuried": null,
                "result": null
            }
        ]
    },
    "odds": {
        "data": []
    }
}