{
    "id": 5953,
    "league_id": 8,
    "season_id": 13,
    "stage_id": 11,
    "round_id": 594,
    "group_id": null,
    "aggregate_id": null,
    "venue_id": 200,
    "referee_id": 122,
    "localteam_id": 27,
    "visitorteam_id": 65,
    "winner_team_id": 27,
    "weather_report": null,
    "commentaries": true,
    "attendance": 20254,
    "pitch": null,
    "details": null,
    "neutral_venue": false,
    "winning_odds_calculated": true,
    "formations": {
        "localteam_formation": "4-4-2",
        "visitorteam_formation": "4-3-3"
    },
    "scores": {
        "localteam_score": 1,
        "visitorteam_score": 0,
        "localteam_pen_score": null,
        "visitorteam_pen_score": null,
        "ht_score": "0-0",
        "ft_score": "1-0",
        "et_score": null
    },
    "time": {
        "status": "FT",
        "starting_at": {
            "date_time": "2017-01-14 15:00:00",
            "date": "2017-01-14",
            "time": "15:00:00",
            "timestamp": 1484406000,
            "timezone": "UTC"
        },
        "minute": 90,
        "second": null,
        "added_time": null,
        "extra_minute": null,
        "injury_time": null
    },
    "coaches": {
        "localteam_coach_id": 455461,
        "visitorteam_coach_id": 455474
    },
    "standings": {
        "localteam_position": null,
        "visitorteam_position": null
    },
    "assistants": {
        "first_assistant_id": null,
        "second_assistant_id": null,
        "fourth_official_id": null
    },
    "leg": "1/1",
    "colors": null,
    "deleted": false,
    "localTeam": {
        "data": {
            "id": 27,
            "legacy_id": 387,
            "name": "Burnley",
            "short_code": "BUR",
            "twitter": "@BurnleyOfficial",
            "country_id": 462,
            "national_team": false,
            "founded": 1882,
            "logo_path": "https://cdn.sportmonks.com/images//soccer/teams/27/27.png",
            "venue_id": 200,
            "current_season_id": 16036
        }
    },
    "visitorTeam": {
        "data": {
            "id": 65,
            "legacy_id": 376,
            "name": "Southampton",
            "short_code": "SOU",
            "twitter": "@SouthamptonFC",
            "country_id": 462,
            "national_team": false,
            "founded": 1885,
            "logo_path": "https://cdn.sportmonks.com/images//soccer/teams/1/65.png",
            "venue_id": 167,
            "current_season_id": 16036
        }
    },
    "league": {
        "data": {
            "id": 8,
            "active": true,
            "type": "domestic",
            "legacy_id": 29,
            "country_id": 462,
            "logo_path": "https://cdn.sportmonks.com/images/soccer/leagues/8.png",
            "name": "Premier League",
            "is_cup": false,
            "current_season_id": 16036,
            "current_round_id": 169657,
            "current_stage_id": 77443862,
            "live_standings": true,
            "coverage": {
                "predictions": 1,
                "topscorer_goals": true,
                "topscorer_assists": true,
                "topscorer_cards": true
            }
        }
    },
    "events": {
        "data": [
            {
                "id": 6908056,
                "team_id": "65",
                "type": "yellowcard",
                "fixture_id": 5953,
                "player_id": 1373,
                "player_name": "M. Yoshida",
                "related_player_id": null,
                "related_player_name": null,
                "minute": 23,
                "extra_minute": null,
                "reason": null,
                "injuried": null,
                "result": null
            },
            {
                "id": 6908048,
                "team_id": "27",
                "type": "yellowcard",
                "fixture_id": 5953,
                "player_id": 75,
                "player_name": "D. Marney",
                "related_player_id": null,
                "related_player_name": null,
                "minute": 50,
                "extra_minute": null,
                "reason": null,
                "injuried": null,
                "result": null
            },
            {
                "id": 6908064,
                "team_id": "65",
                "type": "yellowcard",
                "fixture_id": 5953,
                "player_id": 1505,
                "player_name": "Oriol Romeu",
                "related_player_id": null,
                "related_player_name": null,
                "minute": 68,
                "extra_minute": null,
                "reason": null,
                "injuried": null,
                "result": null
            },
            {
                "id": 6908099,
                "team_id": "65",
                "type": "substitution",
                "fixture_id": 5953,
                "player_id": 1152,
                "player_name": "J. Rodriguez",
                "related_player_id": 1351,
                "related_player_name": "D. Tadić",
                "minute": 68,
                "extra_minute": null,
                "reason": null,
                "injuried": null,
                "result": null
            },
            {
                "id": 6908072,
                "team_id": "27",
                "type": "substitution",
                "fixture_id": 5953,
                "player_id": 658,
                "player_name": "J. Barton",
                "related_player_id": 75,
                "related_player_name": "D. Marney",
                "minute": 73,
                "extra_minute": null,
                "reason": null,
                "injuried": false,
                "result": null
            },
            {
                "id": 6908080,
                "team_id": "27",
                "type": "substitution",
                "fixture_id": 5953,
                "player_id": 505,
                "player_name": "S. Vokes",
                "related_player_id": 4665,
                "related_player_name": "S. Defour",
                "minute": 74,
                "extra_minute": null,
                "reason": null,
                "injuried": null,
                "result": null
            },
            {
                "id": 6908040,
                "team_id": "27",
                "type": "goal",
                "fixture_id": 5953,
                "player_id": 658,
                "player_name": "J. Barton",
                "related_player_id": null,
                "related_player_name": null,
                "minute": 78,
                "extra_minute": null,
                "reason": null,
                "injuried": null,
                "result": null
            },
            {
                "id": 6908107,
                "team_id": "65",
                "type": "substitution",
                "fixture_id": 5953,
                "player_id": 5206,
                "player_name": "J. Sims",
                "related_player_id": 979,
                "related_player_name": "N. Redmond",
                "minute": 80,
                "extra_minute": null,
                "reason": null,
                "injuried": null,
                "result": null
            },
            {
                "id": 6908088,
                "team_id": "27",
                "type": "substitution",
                "fixture_id": 5953,
                "player_id": 1639,
                "player_name": "J. Tarkowski",
                "related_player_id": 1625,
                "related_player_name": "A. Gray",
                "minute": 87,
                "extra_minute": null,
                "reason": null,
                "injuried": null,
                "result": null
            }
        ]
    },
    "odds": {
        "data": []
    }
}