{
    "id": 6905,
    "league_id": 8,
    "season_id": 13,
    "stage_id": 11,
    "round_id": 681,
    "group_id": null,
    "aggregate_id": null,
    "venue_id": 200,
    "referee_id": 119,
    "localteam_id": 27,
    "visitorteam_id": 6,
    "winner_team_id": 6,
    "weather_report": null,
    "commentaries": true,
    "attendance": null,
    "pitch": null,
    "details": null,
    "neutral_venue": false,
    "winning_odds_calculated": true,
    "formations": {
        "localteam_formation": "4-4-2",
        "visitorteam_formation": "3-4-2-1"
    },
    "scores": {
        "localteam_score": 0,
        "visitorteam_score": 2,
        "localteam_pen_score": null,
        "visitorteam_pen_score": null,
        "ht_score": "0-0",
        "ft_score": "0-2",
        "et_score": null
    },
    "time": {
        "status": "FT",
        "starting_at": {
            "date_time": "2017-04-01 14:00:00",
            "date": "2017-04-01",
            "time": "14:00:00",
            "timestamp": 1491055200,
            "timezone": "UTC"
        },
        "minute": 90,
        "second": null,
        "added_time": null,
        "extra_minute": null,
        "injury_time": null
    },
    "coaches": {
        "localteam_coach_id": 455461,
        "visitorteam_coach_id": 455358
    },
    "standings": {
        "localteam_position": null,
        "visitorteam_position": null
    },
    "assistants": {
        "first_assistant_id": null,
        "second_assistant_id": null,
        "fourth_official_id": null
    },
    "leg": "1/1",
    "colors": null,
    "deleted": false,
    "localTeam": {
        "data": {
            "id": 27,
            "legacy_id": 387,
            "name": "Burnley",
            "short_code": "BUR",
            "twitter": "@BurnleyOfficial",
            "country_id": 462,
            "national_team": false,
            "founded": 1882,
            "logo_path": "https://cdn.sportmonks.com/images//soccer/teams/27/27.png",
            "venue_id": 200,
            "current_season_id": 16036
        }
    },
    "visitorTeam": {
        "data": {
            "id": 6,
            "legacy_id": 148,
            "name": "Tottenham Hotspur",
            "short_code": "TOT",
            "twitter": "@SpursOfficial",
            "country_id": 462,
            "national_team": false,
            "founded": 1882,
            "logo_path": "https://cdn.sportmonks.com/images//soccer/teams/6/6.png",
            "venue_id": 281313,
            "current_season_id": 16036
        }
    },
    "league": {
        "data": {
            "id": 8,
            "active": true,
            "type": "domestic",
            "legacy_id": 29,
            "country_id": 462,
            "logo_path": "https://cdn.sportmonks.com/images/soccer/leagues/8.png",
            "name": "Premier League",
            "is_cup": false,
            "current_season_id": 16036,
            "current_round_id": 169657,
            "current_stage_id": 77443862,
            "live_standings": true,
            "coverage": {
                "predictions": 1,
                "topscorer_goals": true,
                "topscorer_assists": true,
                "topscorer_cards": true
            }
        }
    },
    "events": {
        "data": [
            {
                "id": 6916636,
                "team_id": "6",
                "type": "substitution",
                "fixture_id": 6905,
                "player_id": 852,
                "player_name": "M. Dembélé",
                "related_player_id": 1172,
                "related_player_name": "V. Wanyama",
                "minute": 44,
                "extra_minute": null,
                "reason": null,
                "injuried": null,
                "result": null
            },
            {
                "id": 6916644,
                "team_id": "6",
                "type": "substitution",
                "fixture_id": 6905,
                "player_id": 1380,
                "player_name": "M. Sissoko",
                "related_player_id": 1711,
                "related_player_name": "H. Winks",
                "minute": 45,
                "extra_minute": 2,
                "reason": null,
                "injuried": null,
                "result": null
            },
            {
                "id": 6916599,
                "team_id": "27",
                "type": "yellowcard",
                "fixture_id": 6905,
                "player_id": 881,
                "player_name": "M. Keane",
                "related_player_id": null,
                "related_player_name": null,
                "minute": 47,
                "extra_minute": null,
                "reason": null,
                "injuried": null,
                "result": null
            },
            {
                "id": 6916614,
                "team_id": "27",
                "type": "substitution",
                "fixture_id": 6905,
                "player_id": 505,
                "player_name": "S. Vokes",
                "related_player_id": 1625,
                "related_player_name": "A. Gray",
                "minute": 56,
                "extra_minute": null,
                "reason": null,
                "injuried": null,
                "result": null
            },
            {
                "id": 6916583,
                "team_id": "6",
                "type": "goal",
                "fixture_id": 6905,
                "player_id": 916,
                "player_name": "E. Dier",
                "related_player_id": null,
                "related_player_name": null,
                "minute": 66,
                "extra_minute": null,
                "reason": null,
                "injuried": null,
                "result": null
            },
            {
                "id": 6916652,
                "team_id": "6",
                "type": "substitution",
                "fixture_id": 6905,
                "player_id": 4313,
                "player_name": "Heung-Min Son",
                "related_player_id": 1690,
                "related_player_name": "V. Janssen",
                "minute": 73,
                "extra_minute": null,
                "reason": null,
                "injuried": null,
                "result": null
            },
            {
                "id": 6916621,
                "team_id": "27",
                "type": "substitution",
                "fixture_id": 6905,
                "player_id": 1101,
                "player_name": "R. Brady",
                "related_player_id": 1378,
                "related_player_name": "G. Boyd",
                "minute": 74,
                "extra_minute": null,
                "reason": null,
                "injuried": null,
                "result": null
            },
            {
                "id": 6916591,
                "team_id": "6",
                "type": "goal",
                "fixture_id": 6905,
                "player_id": 4313,
                "player_name": "Heung-Min Son",
                "related_player_id": 922,
                "related_player_name": "D. Alli",
                "minute": 77,
                "extra_minute": null,
                "reason": null,
                "injuried": null,
                "result": null
            },
            {
                "id": 6916628,
                "team_id": "27",
                "type": "substitution",
                "fixture_id": 6905,
                "player_id": 4665,
                "player_name": "S. Defour",
                "related_player_id": 1442,
                "related_player_name": "S. Arfield",
                "minute": 78,
                "extra_minute": null,
                "reason": null,
                "injuried": null,
                "result": null
            },
            {
                "id": 6916606,
                "team_id": "27",
                "type": "yellowcard",
                "fixture_id": 6905,
                "player_id": 1448,
                "player_name": "A. Barnes",
                "related_player_id": null,
                "related_player_name": null,
                "minute": 79,
                "extra_minute": null,
                "reason": null,
                "injuried": null,
                "result": null
            }
        ]
    },
    "odds": {
        "data": []
    }
}