{
    "id": 7371,
    "league_id": 8,
    "season_id": 13,
    "stage_id": 11,
    "round_id": 721,
    "group_id": null,
    "aggregate_id": null,
    "venue_id": 200,
    "referee_id": 15,
    "localteam_id": 27,
    "visitorteam_id": 14,
    "winner_team_id": 14,
    "weather_report": null,
    "commentaries": true,
    "attendance": null,
    "pitch": null,
    "details": null,
    "neutral_venue": false,
    "winning_odds_calculated": true,
    "formations": {
        "localteam_formation": "4-4-2",
        "visitorteam_formation": "4-3-3"
    },
    "scores": {
        "localteam_score": 0,
        "visitorteam_score": 2,
        "localteam_pen_score": null,
        "visitorteam_pen_score": null,
        "ht_score": "0-2",
        "ft_score": "0-2",
        "et_score": null
    },
    "time": {
        "status": "FT",
        "starting_at": {
            "date_time": "2017-04-23 13:15:00",
            "date": "2017-04-23",
            "time": "13:15:00",
            "timestamp": 1492953300,
            "timezone": "UTC"
        },
        "minute": 90,
        "second": null,
        "added_time": null,
        "extra_minute": null,
        "injury_time": null
    },
    "coaches": {
        "localteam_coach_id": 455461,
        "visitorteam_coach_id": 455375
    },
    "standings": {
        "localteam_position": null,
        "visitorteam_position": null
    },
    "assistants": {
        "first_assistant_id": null,
        "second_assistant_id": null,
        "fourth_official_id": null
    },
    "leg": "1/1",
    "colors": null,
    "deleted": false,
    "localTeam": {
        "data": {
            "id": 27,
            "legacy_id": 387,
            "name": "Burnley",
            "short_code": "BUR",
            "twitter": "@BurnleyOfficial",
            "country_id": 462,
            "national_team": false,
            "founded": 1882,
            "logo_path": "https://cdn.sportmonks.com/images//soccer/teams/27/27.png",
            "venue_id": 200,
            "current_season_id": 16036
        }
    },
    "visitorTeam": {
        "data": {
            "id": 14,
            "legacy_id": 375,
            "name": "Manchester United",
            "short_code": "MUN",
            "twitter": "@ManUtd",
            "country_id": 462,
            "national_team": false,
            "founded": 1878,
            "logo_path": "https://cdn.sportmonks.com/images//soccer/teams/14/14.png",
            "venue_id": 206,
            "current_season_id": 16036
        }
    },
    "league": {
        "data": {
            "id": 8,
            "active": true,
            "type": "domestic",
            "legacy_id": 29,
            "country_id": 462,
            "logo_path": "https://cdn.sportmonks.com/images/soccer/leagues/8.png",
            "name": "Premier League",
            "is_cup": false,
            "current_season_id": 16036,
            "current_round_id": 169657,
            "current_stage_id": 77443862,
            "live_standings": true,
            "coverage": {
                "predictions": 1,
                "topscorer_goals": true,
                "topscorer_assists": true,
                "topscorer_cards": true
            }
        }
    },
    "events": {
        "data": [
            {
                "id": 6920547,
                "team_id": "14",
                "type": "goal",
                "fixture_id": 7371,
                "player_id": 1829,
                "player_name": "A. Martial",
                "related_player_id": 824,
                "related_player_name": "Ander Herrera",
                "minute": 21,
                "extra_minute": null,
                "reason": null,
                "injuried": null,
                "result": null
            },
            {
                "id": 6920555,
                "team_id": "14",
                "type": "goal",
                "fixture_id": 7371,
                "player_id": 579,
                "player_name": "W. Rooney",
                "related_player_id": 1829,
                "related_player_name": "A. Martial",
                "minute": 39,
                "extra_minute": null,
                "reason": null,
                "injuried": null,
                "result": null
            },
            {
                "id": 6920584,
                "team_id": "27",
                "type": "substitution",
                "fixture_id": 7371,
                "player_id": 1639,
                "player_name": "J. Tarkowski",
                "related_player_id": 1460,
                "related_player_name": "B. Mee",
                "minute": 46,
                "extra_minute": null,
                "reason": null,
                "injuried": null,
                "result": null
            },
            {
                "id": 6920592,
                "team_id": "27",
                "type": "substitution",
                "fixture_id": 7371,
                "player_id": 1611,
                "player_name": "J. Guðmunds­son",
                "related_player_id": 1378,
                "related_player_name": "G. Boyd",
                "minute": 62,
                "extra_minute": null,
                "reason": null,
                "injuried": null,
                "result": null
            },
            {
                "id": 6920562,
                "team_id": "27",
                "type": "yellowcard",
                "fixture_id": 7371,
                "player_id": 896,
                "player_name": "M. Lowton",
                "related_player_id": null,
                "related_player_name": null,
                "minute": 65,
                "extra_minute": null,
                "reason": null,
                "injuried": null,
                "result": null
            },
            {
                "id": 6920605,
                "team_id": "14",
                "type": "substitution",
                "fixture_id": 7371,
                "player_id": 1878,
                "player_name": "M. Rashford",
                "related_player_id": 820,
                "related_player_name": "J. Lingard",
                "minute": 70,
                "extra_minute": null,
                "reason": null,
                "injuried": null,
                "result": null
            },
            {
                "id": 6920597,
                "team_id": "27",
                "type": "substitution",
                "fixture_id": 7371,
                "player_id": 5381,
                "player_name": "D. Agyei",
                "related_player_id": 1448,
                "related_player_name": "A. Barnes",
                "minute": 75,
                "extra_minute": null,
                "reason": null,
                "injuried": null,
                "result": null
            },
            {
                "id": 6920576,
                "team_id": "14",
                "type": "yellowcard",
                "fixture_id": 7371,
                "player_id": 579,
                "player_name": "W. Rooney",
                "related_player_id": null,
                "related_player_name": null,
                "minute": 78,
                "extra_minute": null,
                "reason": null,
                "injuried": null,
                "result": null
            },
            {
                "id": 6920613,
                "team_id": "14",
                "type": "substitution",
                "fixture_id": 7371,
                "player_id": 1835,
                "player_name": "H. Mkhitaryan",
                "related_player_id": 1829,
                "related_player_name": "A. Martial",
                "minute": 80,
                "extra_minute": null,
                "reason": null,
                "injuried": null,
                "result": null
            },
            {
                "id": 6920569,
                "team_id": "27",
                "type": "yellowcard",
                "fixture_id": 7371,
                "player_id": 2361,
                "player_name": "J. Hendrick",
                "related_player_id": null,
                "related_player_name": null,
                "minute": 88,
                "extra_minute": null,
                "reason": null,
                "injuried": null,
                "result": null
            },
            {
                "id": 6920620,
                "team_id": "14",
                "type": "substitution",
                "fixture_id": 7371,
                "player_id": 645,
                "player_name": "M. Carrick",
                "related_player_id": 1992,
                "related_player_name": "P. Pogba",
                "minute": 90,
                "extra_minute": null,
                "reason": null,
                "injuried": null,
                "result": null
            }
        ]
    },
    "odds": {
        "data": []
    }
}