{
    "id": 6997,
    "league_id": 8,
    "season_id": 13,
    "stage_id": 11,
    "round_id": 692,
    "group_id": null,
    "aggregate_id": null,
    "venue_id": 200,
    "referee_id": 116,
    "localteam_id": 27,
    "visitorteam_id": 26,
    "winner_team_id": 27,
    "weather_report": null,
    "commentaries": true,
    "attendance": null,
    "pitch": null,
    "details": null,
    "neutral_venue": false,
    "winning_odds_calculated": true,
    "formations": {
        "localteam_formation": "4-4-2",
        "visitorteam_formation": "3-4-2-1"
    },
    "scores": {
        "localteam_score": 1,
        "visitorteam_score": 0,
        "localteam_pen_score": null,
        "visitorteam_pen_score": null,
        "ht_score": "0-0",
        "ft_score": "1-0",
        "et_score": null
    },
    "time": {
        "status": "FT",
        "starting_at": {
            "date_time": "2017-04-04 18:45:00",
            "date": "2017-04-04",
            "time": "18:45:00",
            "timestamp": 1491331500,
            "timezone": "UTC"
        },
        "minute": 90,
        "second": null,
        "added_time": null,
        "extra_minute": null,
        "injury_time": null
    },
    "coaches": {
        "localteam_coach_id": 455461,
        "visitorteam_coach_id": 455458
    },
    "standings": {
        "localteam_position": null,
        "visitorteam_position": null
    },
    "assistants": {
        "first_assistant_id": null,
        "second_assistant_id": null,
        "fourth_official_id": null
    },
    "leg": "1/1",
    "colors": null,
    "deleted": false,
    "localTeam": {
        "data": {
            "id": 27,
            "legacy_id": 387,
            "name": "Burnley",
            "short_code": "BUR",
            "twitter": "@BurnleyOfficial",
            "country_id": 462,
            "national_team": false,
            "founded": 1882,
            "logo_path": "https://cdn.sportmonks.com/images//soccer/teams/27/27.png",
            "venue_id": 200,
            "current_season_id": 16036
        }
    },
    "visitorTeam": {
        "data": {
            "id": 26,
            "legacy_id": 379,
            "name": "Stoke City",
            "short_code": "STK",
            "twitter": "@stokecity",
            "country_id": 462,
            "national_team": false,
            "founded": 1868,
            "logo_path": "https://cdn.sportmonks.com/images//soccer/teams/26/26.png",
            "venue_id": 207,
            "current_season_id": 16211
        }
    },
    "league": {
        "data": {
            "id": 8,
            "active": true,
            "type": "domestic",
            "legacy_id": 29,
            "country_id": 462,
            "logo_path": "https://cdn.sportmonks.com/images/soccer/leagues/8.png",
            "name": "Premier League",
            "is_cup": false,
            "current_season_id": 16036,
            "current_round_id": 169657,
            "current_stage_id": 77443862,
            "live_standings": true,
            "coverage": {
                "predictions": 1,
                "topscorer_goals": true,
                "topscorer_assists": true,
                "topscorer_cards": true
            }
        }
    },
    "events": {
        "data": [
            {
                "id": 6917373,
                "team_id": "27",
                "type": "yellowcard",
                "fixture_id": 6997,
                "player_id": 525,
                "player_name": "S. Ward",
                "related_player_id": null,
                "related_player_name": null,
                "minute": 24,
                "extra_minute": null,
                "reason": null,
                "injuried": null,
                "result": null
            },
            {
                "id": 6917381,
                "team_id": "27",
                "type": "yellowcard",
                "fixture_id": 6997,
                "player_id": 658,
                "player_name": "J. Barton",
                "related_player_id": null,
                "related_player_name": null,
                "minute": 30,
                "extra_minute": null,
                "reason": null,
                "injuried": null,
                "result": null
            },
            {
                "id": 6917415,
                "team_id": "27",
                "type": "substitution",
                "fixture_id": 6997,
                "player_id": 1101,
                "player_name": "R. Brady",
                "related_player_id": 4665,
                "related_player_name": "S. Defour",
                "minute": 57,
                "extra_minute": null,
                "reason": null,
                "injuried": null,
                "result": null
            },
            {
                "id": 6917365,
                "team_id": "27",
                "type": "goal",
                "fixture_id": 6997,
                "player_id": 1378,
                "player_name": "G. Boyd",
                "related_player_id": 2361,
                "related_player_name": "J. Hendrick",
                "minute": 58,
                "extra_minute": null,
                "reason": null,
                "injuried": null,
                "result": null
            },
            {
                "id": 6917439,
                "team_id": "26",
                "type": "substitution",
                "fixture_id": 6997,
                "player_id": 239,
                "player_name": "P. Crouch",
                "related_player_id": 1178,
                "related_player_name": "S. Berahino",
                "minute": 71,
                "extra_minute": null,
                "reason": null,
                "injuried": null,
                "result": null
            },
            {
                "id": 6917407,
                "team_id": "26",
                "type": "yellowcard",
                "fixture_id": 6997,
                "player_id": 539,
                "player_name": "C. Adam",
                "related_player_id": null,
                "related_player_name": null,
                "minute": 76,
                "extra_minute": null,
                "reason": null,
                "injuried": null,
                "result": null
            },
            {
                "id": 6917423,
                "team_id": "27",
                "type": "substitution",
                "fixture_id": 6997,
                "player_id": 1448,
                "player_name": "A. Barnes",
                "related_player_id": 1625,
                "related_player_name": "A. Gray",
                "minute": 78,
                "extra_minute": null,
                "reason": null,
                "injuried": null,
                "result": null
            },
            {
                "id": 6917431,
                "team_id": "27",
                "type": "substitution",
                "fixture_id": 6997,
                "player_id": 1639,
                "player_name": "J. Tarkowski",
                "related_player_id": 505,
                "related_player_name": "S. Vokes",
                "minute": 85,
                "extra_minute": null,
                "reason": null,
                "injuried": null,
                "result": null
            },
            {
                "id": 6917448,
                "team_id": "26",
                "type": "substitution",
                "fixture_id": 6997,
                "player_id": 1455,
                "player_name": "I. Afellay",
                "related_player_id": 830,
                "related_player_name": "J. Allen",
                "minute": 85,
                "extra_minute": null,
                "reason": null,
                "injuried": null,
                "result": null
            },
            {
                "id": 6917399,
                "team_id": "26",
                "type": "yellowcard",
                "fixture_id": 6997,
                "player_id": 4813,
                "player_name": "B. Martins Indi",
                "related_player_id": null,
                "related_player_name": null,
                "minute": 88,
                "extra_minute": null,
                "reason": null,
                "injuried": null,
                "result": null
            },
            {
                "id": 6917391,
                "team_id": "27",
                "type": "yellowcard",
                "fixture_id": 6997,
                "player_id": 1378,
                "player_name": "G. Boyd",
                "related_player_id": null,
                "related_player_name": null,
                "minute": 90,
                "extra_minute": null,
                "reason": null,
                "injuried": null,
                "result": null
            }
        ]
    },
    "odds": {
        "data": []
    }
}