{
    "id": 7086,
    "league_id": 8,
    "season_id": 13,
    "stage_id": 11,
    "round_id": 692,
    "group_id": null,
    "aggregate_id": null,
    "venue_id": 321614,
    "referee_id": 118,
    "localteam_id": 18,
    "visitorteam_id": 9,
    "winner_team_id": 18,
    "weather_report": null,
    "commentaries": true,
    "attendance": null,
    "pitch": null,
    "details": null,
    "neutral_venue": false,
    "winning_odds_calculated": true,
    "formations": {
        "localteam_formation": "3-4-2-1",
        "visitorteam_formation": "4-2-3-1"
    },
    "scores": {
        "localteam_score": 2,
        "visitorteam_score": 1,
        "localteam_pen_score": null,
        "visitorteam_pen_score": null,
        "ht_score": "2-1",
        "ft_score": "2-1",
        "et_score": null
    },
    "time": {
        "status": "FT",
        "starting_at": {
            "date_time": "2017-04-05 19:00:00",
            "date": "2017-04-05",
            "time": "19:00:00",
            "timestamp": 1491418800,
            "timezone": "UTC"
        },
        "minute": 90,
        "second": null,
        "added_time": null,
        "extra_minute": null,
        "injury_time": null
    },
    "coaches": {
        "localteam_coach_id": 455384,
        "visitorteam_coach_id": 455361
    },
    "standings": {
        "localteam_position": null,
        "visitorteam_position": null
    },
    "assistants": {
        "first_assistant_id": null,
        "second_assistant_id": null,
        "fourth_official_id": null
    },
    "leg": "1/1",
    "colors": null,
    "deleted": false,
    "localTeam": {
        "data": {
            "id": 18,
            "legacy_id": 133,
            "name": "Chelsea",
            "short_code": "CHE",
            "twitter": "@ChelseaFC",
            "country_id": 462,
            "national_team": false,
            "founded": 1905,
            "logo_path": "https://cdn.sportmonks.com/images//soccer/teams/18/18.png",
            "venue_id": 321614,
            "current_season_id": 16036
        }
    },
    "visitorTeam": {
        "data": {
            "id": 9,
            "legacy_id": 127,
            "name": "Manchester City",
            "short_code": "MCI",
            "twitter": "@ManCity",
            "country_id": 462,
            "national_team": false,
            "founded": 1880,
            "logo_path": "https://cdn.sportmonks.com/images//soccer/teams/9/9.png",
            "venue_id": 151,
            "current_season_id": 16036
        }
    },
    "league": {
        "data": {
            "id": 8,
            "active": true,
            "type": "domestic",
            "legacy_id": 29,
            "country_id": 462,
            "logo_path": "https://cdn.sportmonks.com/images/soccer/leagues/8.png",
            "name": "Premier League",
            "is_cup": false,
            "current_season_id": 16036,
            "current_round_id": 169657,
            "current_stage_id": 77443862,
            "live_standings": true,
            "coverage": {
                "predictions": 1,
                "topscorer_goals": true,
                "topscorer_assists": true,
                "topscorer_cards": true
            }
        }
    },
    "events": {
        "data": [
            {
                "id": 6918143,
                "team_id": "18",
                "type": "goal",
                "fixture_id": 7086,
                "player_id": 1331,
                "player_name": "E. Hazard",
                "related_player_id": 1330,
                "related_player_name": "Azpilicueta",
                "minute": 10,
                "extra_minute": null,
                "reason": null,
                "injuried": null,
                "result": null
            },
            {
                "id": 6918151,
                "team_id": "9",
                "type": "goal",
                "fixture_id": 7086,
                "player_id": 1359,
                "player_name": "S. Agüero",
                "related_player_id": null,
                "related_player_name": null,
                "minute": 26,
                "extra_minute": null,
                "reason": null,
                "injuried": null,
                "result": null
            },
            {
                "id": 6918159,
                "team_id": "18",
                "type": "goal",
                "fixture_id": 7086,
                "player_id": 1331,
                "player_name": "E. Hazard",
                "related_player_id": null,
                "related_player_name": null,
                "minute": 35,
                "extra_minute": null,
                "reason": null,
                "injuried": null,
                "result": null
            },
            {
                "id": 6918201,
                "team_id": "18",
                "type": "substitution",
                "fixture_id": 7086,
                "player_id": 1335,
                "player_name": "N. Matić",
                "related_player_id": 1316,
                "related_player_name": "K. Zouma",
                "minute": 46,
                "extra_minute": null,
                "reason": null,
                "injuried": null,
                "result": null
            },
            {
                "id": 6918182,
                "team_id": "9",
                "type": "yellowcard",
                "fixture_id": 7086,
                "player_id": 85,
                "player_name": "G. Clichy",
                "related_player_id": null,
                "related_player_name": null,
                "minute": 52,
                "extra_minute": null,
                "reason": null,
                "injuried": null,
                "result": null
            },
            {
                "id": 6918193,
                "team_id": "9",
                "type": "yellowcard",
                "fixture_id": 7086,
                "player_id": 166,
                "player_name": "F. Delph",
                "related_player_id": null,
                "related_player_name": null,
                "minute": 77,
                "extra_minute": null,
                "reason": "Foul",
                "injuried": null,
                "result": null
            },
            {
                "id": 6918225,
                "team_id": "9",
                "type": "substitution",
                "fixture_id": 7086,
                "player_id": 802,
                "player_name": "R. Sterling",
                "related_player_id": 1371,
                "related_player_name": "K. De Bruyne",
                "minute": 79,
                "extra_minute": null,
                "reason": null,
                "injuried": null,
                "result": null
            },
            {
                "id": 6918209,
                "team_id": "18",
                "type": "substitution",
                "fixture_id": 7086,
                "player_id": 1317,
                "player_name": "Willian",
                "related_player_id": 510,
                "related_player_name": "Fàbregas",
                "minute": 81,
                "extra_minute": null,
                "reason": null,
                "injuried": null,
                "result": null
            },
            {
                "id": 6918174,
                "team_id": "9",
                "type": "yellowcard",
                "fixture_id": 7086,
                "player_id": 236,
                "player_name": "V. Kompany",
                "related_player_id": null,
                "related_player_name": null,
                "minute": 83,
                "extra_minute": null,
                "reason": null,
                "injuried": null,
                "result": null
            },
            {
                "id": 6918233,
                "team_id": "9",
                "type": "substitution",
                "fixture_id": 7086,
                "player_id": 1792,
                "player_name": "Nolito",
                "related_player_id": 4783,
                "related_player_name": "L. Sané",
                "minute": 85,
                "extra_minute": null,
                "reason": null,
                "injuried": null,
                "result": null
            },
            {
                "id": 6918166,
                "team_id": "18",
                "type": "yellowcard",
                "fixture_id": 7086,
                "player_id": 1193,
                "player_name": "N. Kanté",
                "related_player_id": null,
                "related_player_name": null,
                "minute": 90,
                "extra_minute": 3,
                "reason": null,
                "injuried": null,
                "result": null
            },
            {
                "id": 6918217,
                "team_id": "18",
                "type": "substitution",
                "fixture_id": 7086,
                "player_id": 1953,
                "player_name": "R. Loftus-Cheek",
                "related_player_id": 1331,
                "related_player_name": "E. Hazard",
                "minute": 90,
                "extra_minute": null,
                "reason": null,
                "injuried": null,
                "result": null
            }
        ]
    },
    "odds": {
        "data": []
    }
}