{
    "id": 6915,
    "league_id": 8,
    "season_id": 13,
    "stage_id": 11,
    "round_id": 681,
    "group_id": null,
    "aggregate_id": null,
    "venue_id": 321614,
    "referee_id": 1,
    "localteam_id": 18,
    "visitorteam_id": 51,
    "winner_team_id": 51,
    "weather_report": null,
    "commentaries": true,
    "attendance": null,
    "pitch": null,
    "details": null,
    "neutral_venue": false,
    "winning_odds_calculated": true,
    "formations": {
        "localteam_formation": "3-4-2-1",
        "visitorteam_formation": "4-2-3-1"
    },
    "scores": {
        "localteam_score": 1,
        "visitorteam_score": 2,
        "localteam_pen_score": null,
        "visitorteam_pen_score": null,
        "ht_score": "1-2",
        "ft_score": "1-2",
        "et_score": null
    },
    "time": {
        "status": "FT",
        "starting_at": {
            "date_time": "2017-04-01 14:00:00",
            "date": "2017-04-01",
            "time": "14:00:00",
            "timestamp": 1491055200,
            "timezone": "UTC"
        },
        "minute": 90,
        "second": null,
        "added_time": null,
        "extra_minute": null,
        "injury_time": null
    },
    "coaches": {
        "localteam_coach_id": 455384,
        "visitorteam_coach_id": 523910
    },
    "standings": {
        "localteam_position": null,
        "visitorteam_position": null
    },
    "assistants": {
        "first_assistant_id": null,
        "second_assistant_id": null,
        "fourth_official_id": null
    },
    "leg": "1/1",
    "colors": null,
    "deleted": false,
    "localTeam": {
        "data": {
            "id": 18,
            "legacy_id": 133,
            "name": "Chelsea",
            "short_code": "CHE",
            "twitter": "@ChelseaFC",
            "country_id": 462,
            "national_team": false,
            "founded": 1905,
            "logo_path": "https://cdn.sportmonks.com/images//soccer/teams/18/18.png",
            "venue_id": 321614,
            "current_season_id": 16036
        }
    },
    "visitorTeam": {
        "data": {
            "id": 51,
            "legacy_id": 381,
            "name": "Crystal Palace",
            "short_code": "CRY",
            "twitter": "@CPFC",
            "country_id": 462,
            "national_team": false,
            "founded": 1905,
            "logo_path": "https://cdn.sportmonks.com/images//soccer/teams/19/51.png",
            "venue_id": 201,
            "current_season_id": 16036
        }
    },
    "league": {
        "data": {
            "id": 8,
            "active": true,
            "type": "domestic",
            "legacy_id": 29,
            "country_id": 462,
            "logo_path": "https://cdn.sportmonks.com/images/soccer/leagues/8.png",
            "name": "Premier League",
            "is_cup": false,
            "current_season_id": 16036,
            "current_round_id": 169657,
            "current_stage_id": 77443862,
            "live_standings": true,
            "coverage": {
                "predictions": 1,
                "topscorer_goals": true,
                "topscorer_assists": true,
                "topscorer_cards": true
            }
        }
    },
    "events": {
        "data": [
            {
                "id": 6916660,
                "team_id": "18",
                "type": "goal",
                "fixture_id": 6915,
                "player_id": 510,
                "player_name": "Fàbregas",
                "related_player_id": 1331,
                "related_player_name": "E. Hazard",
                "minute": 5,
                "extra_minute": null,
                "reason": null,
                "injuried": null,
                "result": null
            },
            {
                "id": 6916670,
                "team_id": "51",
                "type": "goal",
                "fixture_id": 6915,
                "player_id": 1108,
                "player_name": "W. Zaha",
                "related_player_id": 853,
                "related_player_name": "C. Benteke",
                "minute": 9,
                "extra_minute": null,
                "reason": null,
                "injuried": null,
                "result": null
            },
            {
                "id": 6916678,
                "team_id": "51",
                "type": "goal",
                "fixture_id": 6915,
                "player_id": 853,
                "player_name": "C. Benteke",
                "related_player_id": 1108,
                "related_player_name": "W. Zaha",
                "minute": 11,
                "extra_minute": null,
                "reason": null,
                "injuried": null,
                "result": null
            },
            {
                "id": 6916752,
                "team_id": "51",
                "type": "substitution",
                "fixture_id": 6915,
                "player_id": 621,
                "player_name": "S. Dann",
                "related_player_id": 336,
                "related_player_name": "J. Tomkins",
                "minute": 46,
                "extra_minute": null,
                "reason": null,
                "injuried": null,
                "result": null
            },
            {
                "id": 6916703,
                "team_id": "18",
                "type": "yellowcard",
                "fixture_id": 6915,
                "player_id": 1339,
                "player_name": "Diego Costa",
                "related_player_id": null,
                "related_player_name": null,
                "minute": 50,
                "extra_minute": null,
                "reason": null,
                "injuried": null,
                "result": null
            },
            {
                "id": 6916727,
                "team_id": "18",
                "type": "substitution",
                "fixture_id": 6915,
                "player_id": 1317,
                "player_name": "Willian",
                "related_player_id": 1335,
                "related_player_name": "N. Matić",
                "minute": 59,
                "extra_minute": null,
                "reason": null,
                "injuried": null,
                "result": null
            },
            {
                "id": 6916763,
                "team_id": "51",
                "type": "substitution",
                "fixture_id": 6915,
                "player_id": 1110,
                "player_name": "D. Delaney",
                "related_player_id": 621,
                "related_player_name": "S. Dann",
                "minute": 60,
                "extra_minute": null,
                "reason": null,
                "injuried": null,
                "result": null
            },
            {
                "id": 6916772,
                "team_id": "51",
                "type": "substitution",
                "fixture_id": 6915,
                "player_id": 729,
                "player_name": "M. Kelly",
                "related_player_id": 1249,
                "related_player_name": "A. Townsend",
                "minute": 60,
                "extra_minute": null,
                "reason": null,
                "injuried": null,
                "result": null
            },
            {
                "id": 6916718,
                "team_id": "51",
                "type": "yellowcard",
                "fixture_id": 6915,
                "player_id": 853,
                "player_name": "C. Benteke",
                "related_player_id": null,
                "related_player_name": null,
                "minute": 68,
                "extra_minute": null,
                "reason": null,
                "injuried": null,
                "result": null
            },
            {
                "id": 6916711,
                "team_id": "51",
                "type": "yellowcard",
                "fixture_id": 6915,
                "player_id": 5371,
                "player_name": "L. Milivojević",
                "related_player_id": null,
                "related_player_name": null,
                "minute": 73,
                "extra_minute": null,
                "reason": null,
                "injuried": null,
                "result": null
            },
            {
                "id": 6916736,
                "team_id": "18",
                "type": "substitution",
                "fixture_id": 6915,
                "player_id": 1921,
                "player_name": "M. Batshuayi",
                "related_player_id": 1128,
                "related_player_name": "Marcos Alonso",
                "minute": 74,
                "extra_minute": null,
                "reason": null,
                "injuried": null,
                "result": null
            },
            {
                "id": 6916686,
                "team_id": "18",
                "type": "yellowcard",
                "fixture_id": 6915,
                "player_id": 334,
                "player_name": "G. Cahill",
                "related_player_id": null,
                "related_player_name": null,
                "minute": 79,
                "extra_minute": null,
                "reason": null,
                "injuried": null,
                "result": null
            },
            {
                "id": 6916695,
                "team_id": "18",
                "type": "yellowcard",
                "fixture_id": 6915,
                "player_id": 1333,
                "player_name": "David Luiz",
                "related_player_id": null,
                "related_player_name": null,
                "minute": 83,
                "extra_minute": null,
                "reason": null,
                "injuried": null,
                "result": null
            },
            {
                "id": 6916743,
                "team_id": "18",
                "type": "substitution",
                "fixture_id": 6915,
                "player_id": 1953,
                "player_name": "R. Loftus-Cheek",
                "related_player_id": 510,
                "related_player_name": "Fàbregas",
                "minute": 90,
                "extra_minute": 7,
                "reason": null,
                "injuried": null,
                "result": null
            }
        ]
    },
    "odds": {
        "data": []
    }
}