{
    "id": 7392,
    "league_id": 8,
    "season_id": 13,
    "stage_id": 11,
    "round_id": 721,
    "group_id": null,
    "aggregate_id": null,
    "venue_id": 321614,
    "referee_id": 121,
    "localteam_id": 18,
    "visitorteam_id": 65,
    "winner_team_id": 18,
    "weather_report": null,
    "commentaries": true,
    "attendance": null,
    "pitch": null,
    "details": null,
    "neutral_venue": false,
    "winning_odds_calculated": true,
    "formations": {
        "localteam_formation": "3-4-2-1",
        "visitorteam_formation": "4-1-4-1"
    },
    "scores": {
        "localteam_score": 4,
        "visitorteam_score": 2,
        "localteam_pen_score": null,
        "visitorteam_pen_score": null,
        "ht_score": "2-1",
        "ft_score": "4-2",
        "et_score": null
    },
    "time": {
        "status": "FT",
        "starting_at": {
            "date_time": "2017-04-25 18:45:00",
            "date": "2017-04-25",
            "time": "18:45:00",
            "timestamp": 1493145900,
            "timezone": "UTC"
        },
        "minute": 90,
        "second": null,
        "added_time": null,
        "extra_minute": null,
        "injury_time": null
    },
    "coaches": {
        "localteam_coach_id": 455384,
        "visitorteam_coach_id": 455474
    },
    "standings": {
        "localteam_position": null,
        "visitorteam_position": null
    },
    "assistants": {
        "first_assistant_id": null,
        "second_assistant_id": null,
        "fourth_official_id": null
    },
    "leg": "1/1",
    "colors": null,
    "deleted": false,
    "localTeam": {
        "data": {
            "id": 18,
            "legacy_id": 133,
            "name": "Chelsea",
            "short_code": "CHE",
            "twitter": "@ChelseaFC",
            "country_id": 462,
            "national_team": false,
            "founded": 1905,
            "logo_path": "https://cdn.sportmonks.com/images//soccer/teams/18/18.png",
            "venue_id": 321614,
            "current_season_id": 16036
        }
    },
    "visitorTeam": {
        "data": {
            "id": 65,
            "legacy_id": 376,
            "name": "Southampton",
            "short_code": "SOU",
            "twitter": "@SouthamptonFC",
            "country_id": 462,
            "national_team": false,
            "founded": 1885,
            "logo_path": "https://cdn.sportmonks.com/images//soccer/teams/1/65.png",
            "venue_id": 167,
            "current_season_id": 16036
        }
    },
    "league": {
        "data": {
            "id": 8,
            "active": true,
            "type": "domestic",
            "legacy_id": 29,
            "country_id": 462,
            "logo_path": "https://cdn.sportmonks.com/images/soccer/leagues/8.png",
            "name": "Premier League",
            "is_cup": false,
            "current_season_id": 16036,
            "current_round_id": 169657,
            "current_stage_id": 77443862,
            "live_standings": true,
            "coverage": {
                "predictions": 1,
                "topscorer_goals": true,
                "topscorer_assists": true,
                "topscorer_cards": true
            }
        }
    },
    "events": {
        "data": [
            {
                "id": 6920721,
                "team_id": "18",
                "type": "goal",
                "fixture_id": 7392,
                "player_id": 1331,
                "player_name": "E. Hazard",
                "related_player_id": 1339,
                "related_player_name": "Diego Costa",
                "minute": 5,
                "extra_minute": null,
                "reason": null,
                "injuried": null,
                "result": null
            },
            {
                "id": 6920727,
                "team_id": "65",
                "type": "goal",
                "fixture_id": 7392,
                "player_id": 1505,
                "player_name": "Oriol Romeu",
                "related_player_id": null,
                "related_player_name": null,
                "minute": 24,
                "extra_minute": null,
                "reason": null,
                "injuried": null,
                "result": null
            },
            {
                "id": 6920775,
                "team_id": "18",
                "type": "yellowcard",
                "fixture_id": 7392,
                "player_id": 1193,
                "player_name": "N. Kanté",
                "related_player_id": null,
                "related_player_name": null,
                "minute": 40,
                "extra_minute": null,
                "reason": null,
                "injuried": null,
                "result": null
            },
            {
                "id": 6920737,
                "team_id": "18",
                "type": "goal",
                "fixture_id": 7392,
                "player_id": 334,
                "player_name": "G. Cahill",
                "related_player_id": 1128,
                "related_player_name": "Marcos Alonso",
                "minute": 45,
                "extra_minute": 1,
                "reason": null,
                "injuried": null,
                "result": null
            },
            {
                "id": 6920768,
                "team_id": "18",
                "type": "yellowcard",
                "fixture_id": 7392,
                "player_id": 510,
                "player_name": "Fàbregas",
                "related_player_id": null,
                "related_player_name": null,
                "minute": 49,
                "extra_minute": null,
                "reason": null,
                "injuried": null,
                "result": null
            },
            {
                "id": 6920746,
                "team_id": "18",
                "type": "goal",
                "fixture_id": 7392,
                "player_id": 1339,
                "player_name": "Diego Costa",
                "related_player_id": 510,
                "related_player_name": "Fàbregas",
                "minute": 53,
                "extra_minute": null,
                "reason": null,
                "injuried": null,
                "result": null
            },
            {
                "id": 6920789,
                "team_id": "65",
                "type": "yellowcard",
                "fixture_id": 7392,
                "player_id": 1505,
                "player_name": "Oriol Romeu",
                "related_player_id": null,
                "related_player_name": null,
                "minute": 60,
                "extra_minute": null,
                "reason": null,
                "injuried": null,
                "result": null
            },
            {
                "id": 6920821,
                "team_id": "65",
                "type": "substitution",
                "fixture_id": 7392,
                "player_id": 979,
                "player_name": "N. Redmond",
                "related_player_id": 5071,
                "related_player_name": "S. Boufal",
                "minute": 68,
                "extra_minute": null,
                "reason": null,
                "injuried": null,
                "result": null
            },
            {
                "id": 6920783,
                "team_id": "65",
                "type": "yellowcard",
                "fixture_id": 7392,
                "player_id": 1351,
                "player_name": "D. Tadić",
                "related_player_id": null,
                "related_player_name": null,
                "minute": 73,
                "extra_minute": null,
                "reason": null,
                "injuried": null,
                "result": null
            },
            {
                "id": 6920797,
                "team_id": "18",
                "type": "substitution",
                "fixture_id": 7392,
                "player_id": 1923,
                "player_name": "Pedro",
                "related_player_id": 510,
                "related_player_name": "Fàbregas",
                "minute": 77,
                "extra_minute": null,
                "reason": null,
                "injuried": null,
                "result": null
            },
            {
                "id": 6920828,
                "team_id": "65",
                "type": "substitution",
                "fixture_id": 7392,
                "player_id": 722,
                "player_name": "S. Long",
                "related_player_id": 1155,
                "related_player_name": "J. Ward-Prowse",
                "minute": 82,
                "extra_minute": null,
                "reason": null,
                "injuried": null,
                "result": null
            },
            {
                "id": 6920805,
                "team_id": "18",
                "type": "substitution",
                "fixture_id": 7392,
                "player_id": 88,
                "player_name": "J. Terry",
                "related_player_id": 496,
                "related_player_name": "V. Moses",
                "minute": 86,
                "extra_minute": null,
                "reason": null,
                "injuried": null,
                "result": null
            },
            {
                "id": 6920835,
                "team_id": "65",
                "type": "substitution",
                "fixture_id": 7392,
                "player_id": 1152,
                "player_name": "J. Rodriguez",
                "related_player_id": 5361,
                "related_player_name": "M. Gabbiadini",
                "minute": 86,
                "extra_minute": null,
                "reason": null,
                "injuried": null,
                "result": null
            },
            {
                "id": 6920753,
                "team_id": "18",
                "type": "goal",
                "fixture_id": 7392,
                "player_id": 1339,
                "player_name": "Diego Costa",
                "related_player_id": 1923,
                "related_player_name": "Pedro",
                "minute": 89,
                "extra_minute": null,
                "reason": null,
                "injuried": null,
                "result": null
            },
            {
                "id": 6920761,
                "team_id": "65",
                "type": "goal",
                "fixture_id": 7392,
                "player_id": 1350,
                "player_name": "R. Bertrand",
                "related_player_id": 1362,
                "related_player_name": "Cédric Soares",
                "minute": 90,
                "extra_minute": 4,
                "reason": null,
                "injuried": null,
                "result": null
            },
            {
                "id": 6920813,
                "team_id": "18",
                "type": "substitution",
                "fixture_id": 7392,
                "player_id": 1317,
                "player_name": "Willian",
                "related_player_id": 1331,
                "related_player_name": "E. Hazard",
                "minute": 90,
                "extra_minute": null,
                "reason": null,
                "injuried": null,
                "result": null
            }
        ]
    },
    "odds": {
        "data": []
    }
}