{
    "id": 6151,
    "league_id": 8,
    "season_id": 13,
    "stage_id": 11,
    "round_id": 603,
    "group_id": null,
    "aggregate_id": null,
    "venue_id": 321614,
    "referee_id": 120,
    "localteam_id": 18,
    "visitorteam_id": 22,
    "winner_team_id": 18,
    "weather_report": null,
    "commentaries": true,
    "attendance": 41605,
    "pitch": null,
    "details": null,
    "neutral_venue": false,
    "winning_odds_calculated": true,
    "formations": {
        "localteam_formation": "3-4-3",
        "visitorteam_formation": "3-4-2-1"
    },
    "scores": {
        "localteam_score": 2,
        "visitorteam_score": 0,
        "localteam_pen_score": null,
        "visitorteam_pen_score": null,
        "ht_score": "1-0",
        "ft_score": "2-0",
        "et_score": null
    },
    "time": {
        "status": "FT",
        "starting_at": {
            "date_time": "2017-01-22 16:30:00",
            "date": "2017-01-22",
            "time": "16:30:00",
            "timestamp": 1485102600,
            "timezone": "UTC"
        },
        "minute": 90,
        "second": null,
        "added_time": null,
        "extra_minute": null,
        "injury_time": null
    },
    "coaches": {
        "localteam_coach_id": 455384,
        "visitorteam_coach_id": 455424
    },
    "standings": {
        "localteam_position": null,
        "visitorteam_position": null
    },
    "assistants": {
        "first_assistant_id": null,
        "second_assistant_id": null,
        "fourth_official_id": null
    },
    "leg": "1/1",
    "colors": null,
    "deleted": false,
    "localTeam": {
        "data": {
            "id": 18,
            "legacy_id": 133,
            "name": "Chelsea",
            "short_code": "CHE",
            "twitter": "@ChelseaFC",
            "country_id": 462,
            "national_team": false,
            "founded": 1905,
            "logo_path": "https://cdn.sportmonks.com/images//soccer/teams/18/18.png",
            "venue_id": 321614,
            "current_season_id": 16036
        }
    },
    "visitorTeam": {
        "data": {
            "id": 22,
            "legacy_id": 384,
            "name": "Hull City",
            "short_code": "HUL",
            "twitter": "@HullCity",
            "country_id": 462,
            "national_team": false,
            "founded": 1904,
            "logo_path": "https://cdn.sportmonks.com/images//soccer/teams/22/22.png",
            "venue_id": 199,
            "current_season_id": 16211
        }
    },
    "league": {
        "data": {
            "id": 8,
            "active": true,
            "type": "domestic",
            "legacy_id": 29,
            "country_id": 462,
            "logo_path": "https://cdn.sportmonks.com/images/soccer/leagues/8.png",
            "name": "Premier League",
            "is_cup": false,
            "current_season_id": 16036,
            "current_round_id": 169657,
            "current_stage_id": 77443862,
            "live_standings": true,
            "coverage": {
                "predictions": 1,
                "topscorer_goals": true,
                "topscorer_assists": true,
                "topscorer_cards": true
            }
        }
    },
    "events": {
        "data": [
            {
                "id": 6909733,
                "team_id": "22",
                "type": "yellowcard",
                "fixture_id": 6151,
                "player_id": 259,
                "player_name": "M. Dawson",
                "related_player_id": null,
                "related_player_name": null,
                "minute": 7,
                "extra_minute": null,
                "reason": null,
                "injuried": null,
                "result": null
            },
            {
                "id": 6909786,
                "team_id": "22",
                "type": "substitution",
                "fixture_id": 6151,
                "player_id": 766,
                "player_name": "D. Meyler",
                "related_player_id": 938,
                "related_player_name": "R. Mason",
                "minute": 21,
                "extra_minute": null,
                "reason": null,
                "injuried": null,
                "result": null
            },
            {
                "id": 6909741,
                "team_id": "22",
                "type": "yellowcard",
                "fixture_id": 6151,
                "player_id": 193,
                "player_name": "C. Davies",
                "related_player_id": null,
                "related_player_name": null,
                "minute": 26,
                "extra_minute": null,
                "reason": null,
                "injuried": null,
                "result": null
            },
            {
                "id": 6909725,
                "team_id": "18",
                "type": "yellowcard",
                "fixture_id": 6151,
                "player_id": 1193,
                "player_name": "N. Kanté",
                "related_player_id": null,
                "related_player_name": null,
                "minute": 43,
                "extra_minute": null,
                "reason": null,
                "injuried": null,
                "result": null
            },
            {
                "id": 6909709,
                "team_id": "18",
                "type": "goal",
                "fixture_id": 6151,
                "player_id": 1339,
                "player_name": "Diego Costa",
                "related_player_id": 496,
                "related_player_name": "V. Moses",
                "minute": 45,
                "extra_minute": 7,
                "reason": null,
                "injuried": null,
                "result": null
            },
            {
                "id": 6909748,
                "team_id": "22",
                "type": "yellowcard",
                "fixture_id": 6151,
                "player_id": 1078,
                "player_name": "A. Robertson",
                "related_player_id": null,
                "related_player_name": null,
                "minute": 52,
                "extra_minute": null,
                "reason": null,
                "injuried": null,
                "result": null
            },
            {
                "id": 6909794,
                "team_id": "22",
                "type": "substitution",
                "fixture_id": 6151,
                "player_id": 4607,
                "player_name": "O. Niasse",
                "related_player_id": 193,
                "related_player_name": "C. Davies",
                "minute": 59,
                "extra_minute": null,
                "reason": null,
                "injuried": null,
                "result": null
            },
            {
                "id": 6909758,
                "team_id": "18",
                "type": "substitution",
                "fixture_id": 6151,
                "player_id": 510,
                "player_name": "Fàbregas",
                "related_player_id": 1331,
                "related_player_name": "E. Hazard",
                "minute": 71,
                "extra_minute": null,
                "reason": null,
                "injuried": null,
                "result": null
            },
            {
                "id": 6909768,
                "team_id": "18",
                "type": "substitution",
                "fixture_id": 6151,
                "player_id": 1317,
                "player_name": "Willian",
                "related_player_id": 1923,
                "related_player_name": "Pedro",
                "minute": 71,
                "extra_minute": null,
                "reason": null,
                "injuried": null,
                "result": null
            },
            {
                "id": 6909802,
                "team_id": "22",
                "type": "substitution",
                "fixture_id": 6151,
                "player_id": 1567,
                "player_name": "A. Diomande",
                "related_player_id": 1568,
                "related_player_name": "A. Hernández",
                "minute": 75,
                "extra_minute": null,
                "reason": null,
                "injuried": null,
                "result": null
            },
            {
                "id": 6909717,
                "team_id": "18",
                "type": "goal",
                "fixture_id": 6151,
                "player_id": 334,
                "player_name": "G. Cahill",
                "related_player_id": 510,
                "related_player_name": "Fàbregas",
                "minute": 81,
                "extra_minute": null,
                "reason": null,
                "injuried": null,
                "result": null
            },
            {
                "id": 6909778,
                "team_id": "18",
                "type": "substitution",
                "fixture_id": 6151,
                "player_id": 1921,
                "player_name": "M. Batshuayi",
                "related_player_id": 1339,
                "related_player_name": "Diego Costa",
                "minute": 87,
                "extra_minute": null,
                "reason": null,
                "injuried": null,
                "result": null
            }
        ]
    },
    "odds": {
        "data": []
    }
}