{
    "id": 7230,
    "league_id": 8,
    "season_id": 13,
    "stage_id": 11,
    "round_id": 710,
    "group_id": null,
    "aggregate_id": null,
    "venue_id": 201,
    "referee_id": 118,
    "localteam_id": 51,
    "visitorteam_id": 42,
    "winner_team_id": null,
    "weather_report": null,
    "commentaries": true,
    "attendance": null,
    "pitch": null,
    "details": null,
    "neutral_venue": false,
    "winning_odds_calculated": true,
    "formations": {
        "localteam_formation": "4-2-3-1",
        "visitorteam_formation": "4-4-2"
    },
    "scores": {
        "localteam_score": 2,
        "visitorteam_score": 2,
        "localteam_pen_score": null,
        "visitorteam_pen_score": null,
        "ht_score": "0-1",
        "ft_score": "2-2",
        "et_score": null
    },
    "time": {
        "status": "FT",
        "starting_at": {
            "date_time": "2017-04-15 14:00:00",
            "date": "2017-04-15",
            "time": "14:00:00",
            "timestamp": 1492264800,
            "timezone": "UTC"
        },
        "minute": 90,
        "second": null,
        "added_time": null,
        "extra_minute": null,
        "injury_time": null
    },
    "coaches": {
        "localteam_coach_id": 523910,
        "visitorteam_coach_id": 455473
    },
    "standings": {
        "localteam_position": null,
        "visitorteam_position": null
    },
    "assistants": {
        "first_assistant_id": null,
        "second_assistant_id": null,
        "fourth_official_id": null
    },
    "leg": "1/1",
    "colors": null,
    "deleted": false,
    "localTeam": {
        "data": {
            "id": 51,
            "legacy_id": 381,
            "name": "Crystal Palace",
            "short_code": "CRY",
            "twitter": "@CPFC",
            "country_id": 462,
            "national_team": false,
            "founded": 1905,
            "logo_path": "https://cdn.sportmonks.com/images//soccer/teams/19/51.png",
            "venue_id": 201,
            "current_season_id": 16036
        }
    },
    "visitorTeam": {
        "data": {
            "id": 42,
            "legacy_id": 388,
            "name": "Leicester City",
            "short_code": "LEI",
            "twitter": "@LCFC",
            "country_id": 462,
            "national_team": false,
            "founded": 1884,
            "logo_path": "https://cdn.sportmonks.com/images//soccer/teams/10/42.png",
            "venue_id": 117,
            "current_season_id": 16036
        }
    },
    "league": {
        "data": {
            "id": 8,
            "active": true,
            "type": "domestic",
            "legacy_id": 29,
            "country_id": 462,
            "logo_path": "https://cdn.sportmonks.com/images/soccer/leagues/8.png",
            "name": "Premier League",
            "is_cup": false,
            "current_season_id": 16036,
            "current_round_id": 169657,
            "current_stage_id": 77443862,
            "live_standings": true,
            "coverage": {
                "predictions": 1,
                "topscorer_goals": true,
                "topscorer_assists": true,
                "topscorer_cards": true
            }
        }
    },
    "events": {
        "data": [
            {
                "id": 6919371,
                "team_id": "42",
                "type": "goal",
                "fixture_id": 7230,
                "player_id": 238,
                "player_name": "R. Huth",
                "related_player_id": 1191,
                "related_player_name": "C. Fuchs",
                "minute": 6,
                "extra_minute": null,
                "reason": null,
                "injuried": null,
                "result": null
            },
            {
                "id": 6919403,
                "team_id": "42",
                "type": "yellowcard",
                "fixture_id": 7230,
                "player_id": 1027,
                "player_name": "D. Simpson",
                "related_player_id": null,
                "related_player_name": null,
                "minute": 34,
                "extra_minute": null,
                "reason": null,
                "injuried": null,
                "result": null
            },
            {
                "id": 6919379,
                "team_id": "42",
                "type": "goal",
                "fixture_id": 7230,
                "player_id": 1182,
                "player_name": "J. Vardy",
                "related_player_id": 971,
                "related_player_name": "R. Mahrez",
                "minute": 52,
                "extra_minute": null,
                "reason": null,
                "injuried": null,
                "result": null
            },
            {
                "id": 6919387,
                "team_id": "51",
                "type": "goal",
                "fixture_id": 7230,
                "player_id": 1115,
                "player_name": "Y. Cabaye",
                "related_player_id": null,
                "related_player_name": null,
                "minute": 54,
                "extra_minute": null,
                "reason": null,
                "injuried": null,
                "result": null
            },
            {
                "id": 6919410,
                "team_id": "42",
                "type": "yellowcard",
                "fixture_id": 7230,
                "player_id": 956,
                "player_name": "A. King",
                "related_player_id": null,
                "related_player_name": null,
                "minute": 63,
                "extra_minute": null,
                "reason": null,
                "injuried": null,
                "result": null
            },
            {
                "id": 6919433,
                "team_id": "42",
                "type": "substitution",
                "fixture_id": 7230,
                "player_id": 921,
                "player_name": "D. Drinkwater",
                "related_player_id": 956,
                "related_player_name": "A. King",
                "minute": 64,
                "extra_minute": null,
                "reason": null,
                "injuried": null,
                "result": null
            },
            {
                "id": 6919418,
                "team_id": "51",
                "type": "substitution",
                "fixture_id": 7230,
                "player_id": 712,
                "player_name": "P. van Aanholt",
                "related_player_id": 927,
                "related_player_name": "J. Schlupp",
                "minute": 69,
                "extra_minute": null,
                "reason": null,
                "injuried": false,
                "result": null
            },
            {
                "id": 6919395,
                "team_id": "51",
                "type": "goal",
                "fixture_id": 7230,
                "player_id": 853,
                "player_name": "C. Benteke",
                "related_player_id": 1249,
                "related_player_name": "A. Townsend",
                "minute": 70,
                "extra_minute": null,
                "reason": null,
                "injuried": null,
                "result": null
            },
            {
                "id": 6919441,
                "team_id": "42",
                "type": "substitution",
                "fixture_id": 7230,
                "player_id": 1572,
                "player_name": "D. Gray",
                "related_player_id": 971,
                "related_player_name": "R. Mahrez",
                "minute": 75,
                "extra_minute": null,
                "reason": null,
                "injuried": null,
                "result": null
            },
            {
                "id": 6919448,
                "team_id": "42",
                "type": "substitution",
                "fixture_id": 7230,
                "player_id": 1601,
                "player_name": "B. Chilwell",
                "related_player_id": 1190,
                "related_player_name": "Y. Benalouane",
                "minute": 76,
                "extra_minute": null,
                "reason": null,
                "injuried": null,
                "result": null
            },
            {
                "id": 6919426,
                "team_id": "51",
                "type": "substitution",
                "fixture_id": 7230,
                "player_id": 498,
                "player_name": "J. McArthur",
                "related_player_id": 1108,
                "related_player_name": "W. Zaha",
                "minute": 84,
                "extra_minute": null,
                "reason": null,
                "injuried": null,
                "result": null
            }
        ]
    },
    "odds": {
        "data": []
    }
}