{
    "id": 6771,
    "league_id": 8,
    "season_id": 13,
    "stage_id": 11,
    "round_id": 663,
    "group_id": null,
    "aggregate_id": null,
    "venue_id": 201,
    "referee_id": 4,
    "localteam_id": 51,
    "visitorteam_id": 6,
    "winner_team_id": 6,
    "weather_report": null,
    "commentaries": true,
    "attendance": 25596,
    "pitch": null,
    "details": null,
    "neutral_venue": false,
    "winning_odds_calculated": true,
    "formations": {
        "localteam_formation": "4-1-4-1",
        "visitorteam_formation": "3-4-2-1"
    },
    "scores": {
        "localteam_score": 0,
        "visitorteam_score": 1,
        "localteam_pen_score": null,
        "visitorteam_pen_score": null,
        "ht_score": "0-0",
        "ft_score": "0-1",
        "et_score": null
    },
    "time": {
        "status": "FT",
        "starting_at": {
            "date_time": "2017-04-26 19:00:00",
            "date": "2017-04-26",
            "time": "19:00:00",
            "timestamp": 1493233200,
            "timezone": "UTC"
        },
        "minute": 90,
        "second": null,
        "added_time": null,
        "extra_minute": null,
        "injury_time": null
    },
    "coaches": {
        "localteam_coach_id": 523910,
        "visitorteam_coach_id": 455358
    },
    "standings": {
        "localteam_position": null,
        "visitorteam_position": null
    },
    "assistants": {
        "first_assistant_id": null,
        "second_assistant_id": null,
        "fourth_official_id": null
    },
    "leg": "1/1",
    "colors": null,
    "deleted": false,
    "localTeam": {
        "data": {
            "id": 51,
            "legacy_id": 381,
            "name": "Crystal Palace",
            "short_code": "CRY",
            "twitter": "@CPFC",
            "country_id": 462,
            "national_team": false,
            "founded": 1905,
            "logo_path": "https://cdn.sportmonks.com/images//soccer/teams/19/51.png",
            "venue_id": 201,
            "current_season_id": 16036
        }
    },
    "visitorTeam": {
        "data": {
            "id": 6,
            "legacy_id": 148,
            "name": "Tottenham Hotspur",
            "short_code": "TOT",
            "twitter": "@SpursOfficial",
            "country_id": 462,
            "national_team": false,
            "founded": 1882,
            "logo_path": "https://cdn.sportmonks.com/images//soccer/teams/6/6.png",
            "venue_id": 281313,
            "current_season_id": 16036
        }
    },
    "league": {
        "data": {
            "id": 8,
            "active": true,
            "type": "domestic",
            "legacy_id": 29,
            "country_id": 462,
            "logo_path": "https://cdn.sportmonks.com/images/soccer/leagues/8.png",
            "name": "Premier League",
            "is_cup": false,
            "current_season_id": 16036,
            "current_round_id": 169657,
            "current_stage_id": 77443862,
            "live_standings": true,
            "coverage": {
                "predictions": 1,
                "topscorer_goals": true,
                "topscorer_assists": true,
                "topscorer_cards": true
            }
        }
    },
    "events": {
        "data": [
            {
                "id": 6915240,
                "team_id": "6",
                "type": "yellowcard",
                "fixture_id": 6771,
                "player_id": 1172,
                "player_name": "V. Wanyama",
                "related_player_id": null,
                "related_player_name": null,
                "minute": 26,
                "extra_minute": null,
                "reason": null,
                "injuried": null,
                "result": null
            },
            {
                "id": 6915281,
                "team_id": "6",
                "type": "substitution",
                "fixture_id": 6771,
                "player_id": 4313,
                "player_name": "Heung-Min Son",
                "related_player_id": 852,
                "related_player_name": "M. Dembélé",
                "minute": 46,
                "extra_minute": null,
                "reason": null,
                "injuried": null,
                "result": null
            },
            {
                "id": 6915289,
                "team_id": "6",
                "type": "substitution",
                "fixture_id": 6771,
                "player_id": 1380,
                "player_name": "M. Sissoko",
                "related_player_id": 1172,
                "related_player_name": "V. Wanyama",
                "minute": 46,
                "extra_minute": null,
                "reason": null,
                "injuried": null,
                "result": null
            },
            {
                "id": 6915232,
                "team_id": "6",
                "type": "yellowcard",
                "fixture_id": 6771,
                "player_id": 911,
                "player_name": "K. Walker",
                "related_player_id": null,
                "related_player_name": null,
                "minute": 47,
                "extra_minute": null,
                "reason": null,
                "injuried": null,
                "result": null
            },
            {
                "id": 6915258,
                "team_id": "51",
                "type": "substitution",
                "fixture_id": 6771,
                "player_id": 1110,
                "player_name": "D. Delaney",
                "related_player_id": 1386,
                "related_player_name": "M. Sakho",
                "minute": 57,
                "extra_minute": null,
                "reason": null,
                "injuried": true,
                "result": null
            },
            {
                "id": 6915249,
                "team_id": "6",
                "type": "yellowcard",
                "fixture_id": 6771,
                "player_id": 997,
                "player_name": "H. Kane",
                "related_player_id": null,
                "related_player_name": null,
                "minute": 60,
                "extra_minute": null,
                "reason": null,
                "injuried": null,
                "result": null
            },
            {
                "id": 6915266,
                "team_id": "51",
                "type": "substitution",
                "fixture_id": 6771,
                "player_id": 1115,
                "player_name": "Y. Cabaye",
                "related_player_id": 498,
                "related_player_name": "J. McArthur",
                "minute": 64,
                "extra_minute": null,
                "reason": null,
                "injuried": null,
                "result": null
            },
            {
                "id": 6915207,
                "team_id": "51",
                "type": "yellowcard",
                "fixture_id": 6771,
                "player_id": 692,
                "player_name": "J. Ward",
                "related_player_id": null,
                "related_player_name": null,
                "minute": 66,
                "extra_minute": null,
                "reason": null,
                "injuried": null,
                "result": null
            },
            {
                "id": 6915199,
                "team_id": "6",
                "type": "goal",
                "fixture_id": 6771,
                "player_id": 992,
                "player_name": "C. Eriksen",
                "related_player_id": 997,
                "related_player_name": "H. Kane",
                "minute": 78,
                "extra_minute": null,
                "reason": null,
                "injuried": null,
                "result": null
            },
            {
                "id": 6915215,
                "team_id": "51",
                "type": "yellowcard",
                "fixture_id": 6771,
                "player_id": 5371,
                "player_name": "L. Milivojević",
                "related_player_id": null,
                "related_player_name": null,
                "minute": 79,
                "extra_minute": null,
                "reason": "Foul",
                "injuried": null,
                "result": null
            },
            {
                "id": 6915274,
                "team_id": "51",
                "type": "substitution",
                "fixture_id": 6771,
                "player_id": 313,
                "player_name": "F. Campbell",
                "related_player_id": 853,
                "related_player_name": "C. Benteke",
                "minute": 81,
                "extra_minute": null,
                "reason": null,
                "injuried": null,
                "result": null
            },
            {
                "id": 6915224,
                "team_id": "51",
                "type": "yellowcard",
                "fixture_id": 6771,
                "player_id": 1108,
                "player_name": "W. Zaha",
                "related_player_id": null,
                "related_player_name": null,
                "minute": 90,
                "extra_minute": 7,
                "reason": null,
                "injuried": null,
                "result": null
            },
            {
                "id": 6915297,
                "team_id": "6",
                "type": "substitution",
                "fixture_id": 6771,
                "player_id": 1016,
                "player_name": "K. Trippier",
                "related_player_id": 922,
                "related_player_name": "D. Alli",
                "minute": 90,
                "extra_minute": 6,
                "reason": null,
                "injuried": null,
                "result": null
            }
        ]
    },
    "odds": {
        "data": []
    }
}