{
    "id": 10403644,
    "league_id": 1001,
    "season_id": 13176,
    "stage_id": 7743326,
    "round_id": 152361,
    "group_id": null,
    "aggregate_id": null,
    "venue_id": 13843,
    "referee_id": 35253,
    "localteam_id": 235775,
    "visitorteam_id": 7463,
    "winner_team_id": 10049,
    "weather_report": null,
    "commentaries": null,
    "attendance": null,
    "pitch": null,
    "details": null,
    "neutral_venue": false,
    "winning_odds_calculated": true,
    "formations": {
        "localteam_formation": null,
        "visitorteam_formation": null
    },
    "scores": {
        "localteam_score": 4,
        "visitorteam_score": 1,
        "localteam_pen_score": null,
        "visitorteam_pen_score": null,
        "ht_score": "1-1",
        "ft_score": "4-1",
        "et_score": null
    },
    "time": {
        "status": "FT",
        "starting_at": {
            "date_time": "2019-02-17 06:30:00",
            "date": "2019-02-17",
            "time": "06:30:00",
            "timestamp": 1550385000,
            "timezone": "UTC"
        },
        "minute": 90,
        "second": null,
        "added_time": null,
        "extra_minute": null,
        "injury_time": 4
    },
    "coaches": {
        "localteam_coach_id": 313832,
        "visitorteam_coach_id": 313876
    },
    "standings": {
        "localteam_position": null,
        "visitorteam_position": 7
    },
    "assistants": {
        "first_assistant_id": null,
        "second_assistant_id": null,
        "fourth_official_id": null
    },
    "leg": "1/1",
    "colors": {
        "localteam": {
            "color": null,
            "kit_colors": null
        },
        "visitorteam": {
            "color": null,
            "kit_colors": null
        }
    },
    "deleted": false,
    "localTeam": {
        "data": {
            "id": 235775,
            "legacy_id": null,
            "name": "Dreams",
            "short_code": null,
            "twitter": null,
            "country_id": 64306,
            "national_team": false,
            "founded": null,
            "logo_path": null,
            "venue_id": null,
            "current_season_id": null
        }
    },
    "visitorTeam": {
        "data": {
            "id": 7463,
            "legacy_id": 6246,
            "name": "Yuen Long",
            "short_code": null,
            "twitter": null,
            "country_id": 64306,
            "national_team": false,
            "founded": 1959,
            "logo_path": "https://cdn.sportmonks.com/images//soccer/teams/7/7463.png",
            "venue_id": 4830,
            "current_season_id": 13176
        }
    },
    "league": {
        "data": {
            "id": 1001,
            "active": true,
            "type": "domestic",
            "legacy_id": 350,
            "country_id": 64306,
            "logo_path": null,
            "name": "Premier League",
            "is_cup": false,
            "current_season_id": 16570,
            "current_round_id": 182670,
            "current_stage_id": 77445709,
            "live_standings": false,
            "coverage": {
                "predictions": 1,
                "topscorer_goals": false,
                "topscorer_assists": false,
                "topscorer_cards": false
            }
        }
    },
    "events": {
        "data": [
            {
                "id": 10403644001,
                "team_id": "235775",
                "type": "yellowcard",
                "fixture_id": 10403644,
                "player_id": 187554,
                "player_name": "Pablo Gallardo",
                "related_player_id": null,
                "related_player_name": null,
                "minute": 4,
                "extra_minute": null,
                "reason": null,
                "injuried": null,
                "result": null
            },
            {
                "id": 10403644002,
                "team_id": "7463",
                "type": "yellowcard",
                "fixture_id": 10403644,
                "player_id": 796497,
                "player_name": "Wang Ruei",
                "related_player_id": null,
                "related_player_name": null,
                "minute": 25,
                "extra_minute": null,
                "reason": null,
                "injuried": null,
                "result": null
            },
            {
                "id": 10403644003,
                "team_id": "235775",
                "type": "goal",
                "fixture_id": 10403644,
                "player_id": 153485,
                "player_name": "Gondra",
                "related_player_id": null,
                "related_player_name": null,
                "minute": 26,
                "extra_minute": null,
                "reason": null,
                "injuried": null,
                "result": "1-0"
            },
            {
                "id": 10403644004,
                "team_id": "7463",
                "type": "goal",
                "fixture_id": 10403644,
                "player_id": 22158870,
                "player_name": "Chan Kwong Ho",
                "related_player_id": null,
                "related_player_name": null,
                "minute": 36,
                "extra_minute": null,
                "reason": null,
                "injuried": null,
                "result": "1-1"
            },
            {
                "id": 10403644005,
                "team_id": "235775",
                "type": "substitution",
                "fixture_id": 10403644,
                "player_id": 15434394,
                "player_name": "S. Kitamura",
                "related_player_id": 314561,
                "related_player_name": "Lam Hin Ting",
                "minute": 43,
                "extra_minute": null,
                "reason": null,
                "injuried": null,
                "result": null
            },
            {
                "id": 10403644006,
                "team_id": "235775",
                "type": "penalty",
                "fixture_id": 10403644,
                "player_id": 153485,
                "player_name": "Gondra",
                "related_player_id": null,
                "related_player_name": null,
                "minute": 49,
                "extra_minute": null,
                "reason": null,
                "injuried": null,
                "result": "2-1"
            },
            {
                "id": 10403644007,
                "team_id": "7463",
                "type": "yellowred",
                "fixture_id": 10403644,
                "player_id": 796497,
                "player_name": "Wang Ruei",
                "related_player_id": null,
                "related_player_name": null,
                "minute": 55,
                "extra_minute": null,
                "reason": null,
                "injuried": null,
                "result": null
            },
            {
                "id": 10403644008,
                "team_id": "7463",
                "type": "substitution",
                "fixture_id": 10403644,
                "player_id": 314120,
                "player_name": "Chan Pak Hang",
                "related_player_id": 22158871,
                "related_player_name": "Lee Oi Hin",
                "minute": 57,
                "extra_minute": null,
                "reason": null,
                "injuried": null,
                "result": null
            },
            {
                "id": 10403644009,
                "team_id": "235775",
                "type": "yellowcard",
                "fixture_id": 10403644,
                "player_id": 314187,
                "player_name": "Lai Hau Hei",
                "related_player_id": null,
                "related_player_name": null,
                "minute": 61,
                "extra_minute": null,
                "reason": null,
                "injuried": null,
                "result": null
            },
            {
                "id": 10403644010,
                "team_id": "235775",
                "type": "goal",
                "fixture_id": 10403644,
                "player_id": 153485,
                "player_name": "Gondra",
                "related_player_id": null,
                "related_player_name": null,
                "minute": 65,
                "extra_minute": null,
                "reason": null,
                "injuried": null,
                "result": "3-1"
            },
            {
                "id": 10403644011,
                "team_id": "235775",
                "type": "substitution",
                "fixture_id": 10403644,
                "player_id": 314303,
                "player_name": "J. Acosta",
                "related_player_id": 314488,
                "related_player_name": "Diego Higino",
                "minute": 68,
                "extra_minute": null,
                "reason": null,
                "injuried": null,
                "result": null
            },
            {
                "id": 10403644012,
                "team_id": "7463",
                "type": "substitution",
                "fixture_id": 10403644,
                "player_id": 226700,
                "player_name": "Cleiton",
                "related_player_id": 229748,
                "related_player_name": "Tomas",
                "minute": 69,
                "extra_minute": null,
                "reason": null,
                "injuried": null,
                "result": null
            },
            {
                "id": 10403644013,
                "team_id": "7463",
                "type": "substitution",
                "fixture_id": 10403644,
                "player_id": 22158869,
                "player_name": "Yam Kai Wa",
                "related_player_id": 313233,
                "related_player_name": "Cheung Kin Fung",
                "minute": 69,
                "extra_minute": null,
                "reason": null,
                "injuried": null,
                "result": null
            },
            {
                "id": 10403644014,
                "team_id": "235775",
                "type": "substitution",
                "fixture_id": 10403644,
                "player_id": 314511,
                "player_name": "Pang Chiu Yin",
                "related_player_id": 313235,
                "related_player_name": "Leung Tsz Chun",
                "minute": 77,
                "extra_minute": null,
                "reason": null,
                "injuried": null,
                "result": null
            },
            {
                "id": 10403644015,
                "team_id": "235775",
                "type": "goal",
                "fixture_id": 10403644,
                "player_id": 314303,
                "player_name": "J. Acosta",
                "related_player_id": null,
                "related_player_name": null,
                "minute": 82,
                "extra_minute": null,
                "reason": null,
                "injuried": null,
                "result": "4-1"
            }
        ]
    },
    "odds": {
        "data": []
    }
}