{
    "id": 640722,
    "league_id": 1001,
    "season_id": 987,
    "stage_id": 1915,
    "round_id": 30842,
    "group_id": null,
    "aggregate_id": null,
    "venue_id": 642,
    "referee_id": null,
    "localteam_id": 1411,
    "visitorteam_id": 7439,
    "winner_team_id": 1411,
    "weather_report": null,
    "commentaries": false,
    "attendance": null,
    "pitch": null,
    "details": null,
    "neutral_venue": false,
    "winning_odds_calculated": true,
    "formations": {
        "localteam_formation": null,
        "visitorteam_formation": null
    },
    "scores": {
        "localteam_score": 4,
        "visitorteam_score": 3,
        "localteam_pen_score": null,
        "visitorteam_pen_score": null,
        "ht_score": "1-0",
        "ft_score": "4-3",
        "et_score": null
    },
    "time": {
        "status": "FT",
        "starting_at": {
            "date_time": "2017-03-18 09:30:00",
            "date": "2017-03-18",
            "time": "09:30:00",
            "timestamp": 1489829400,
            "timezone": "UTC"
        },
        "minute": 90,
        "second": null,
        "added_time": null,
        "extra_minute": null,
        "injury_time": null
    },
    "coaches": {
        "localteam_coach_id": null,
        "visitorteam_coach_id": null
    },
    "standings": {
        "localteam_position": null,
        "visitorteam_position": null
    },
    "assistants": {
        "first_assistant_id": null,
        "second_assistant_id": null,
        "fourth_official_id": null
    },
    "leg": null,
    "colors": null,
    "deleted": false,
    "localTeam": {
        "data": {
            "id": 1411,
            "legacy_id": null,
            "name": "Eastern",
            "short_code": null,
            "twitter": null,
            "country_id": 64306,
            "national_team": false,
            "founded": 1932,
            "logo_path": "https://cdn.sportmonks.com/images//soccer/teams/3/1411.png",
            "venue_id": 13871,
            "current_season_id": 13176
        }
    },
    "visitorTeam": {
        "data": {
            "id": 7439,
            "legacy_id": 2319,
            "name": "South China",
            "short_code": null,
            "twitter": null,
            "country_id": 64306,
            "national_team": false,
            "founded": 1904,
            "logo_path": "https://cdn.sportmonks.com/images//soccer/teams/15/7439.png",
            "venue_id": 290147,
            "current_season_id": 14986
        }
    },
    "league": {
        "data": {
            "id": 1001,
            "active": true,
            "type": "domestic",
            "legacy_id": 350,
            "country_id": 64306,
            "logo_path": null,
            "name": "Premier League",
            "is_cup": false,
            "current_season_id": 16570,
            "current_round_id": 182670,
            "current_stage_id": 77445709,
            "live_standings": false,
            "coverage": {
                "predictions": 1,
                "topscorer_goals": false,
                "topscorer_assists": false,
                "topscorer_cards": false
            }
        }
    },
    "events": {
        "data": [
            {
                "id": 10146639,
                "team_id": "1411",
                "type": "goal",
                "fixture_id": 640722,
                "player_id": 312983,
                "player_name": "Bai He",
                "related_player_id": null,
                "related_player_name": null,
                "minute": 38,
                "extra_minute": null,
                "reason": null,
                "injuried": null,
                "result": null
            },
            {
                "id": 10146646,
                "team_id": "1411",
                "type": "goal",
                "fixture_id": 640722,
                "player_id": 313246,
                "player_name": "Giovane",
                "related_player_id": null,
                "related_player_name": null,
                "minute": 60,
                "extra_minute": null,
                "reason": null,
                "injuried": null,
                "result": null
            },
            {
                "id": 10146654,
                "team_id": "7439",
                "type": "own-goal",
                "fixture_id": 640722,
                "player_id": 313442,
                "player_name": "Tsang Kam To",
                "related_player_id": null,
                "related_player_name": null,
                "minute": 64,
                "extra_minute": null,
                "reason": null,
                "injuried": null,
                "result": null
            },
            {
                "id": 10146660,
                "team_id": "7439",
                "type": "goal",
                "fixture_id": 640722,
                "player_id": 177853,
                "player_name": "M. Perović",
                "related_player_id": null,
                "related_player_name": null,
                "minute": 70,
                "extra_minute": null,
                "reason": null,
                "injuried": null,
                "result": null
            },
            {
                "id": 10146668,
                "team_id": "1411",
                "type": "goal",
                "fixture_id": 640722,
                "player_id": 159026,
                "player_name": "Michel Lugo",
                "related_player_id": null,
                "related_player_name": null,
                "minute": 85,
                "extra_minute": null,
                "reason": null,
                "injuried": null,
                "result": null
            },
            {
                "id": 10146676,
                "team_id": "7439",
                "type": "goal",
                "fixture_id": 640722,
                "player_id": 177031,
                "player_name": "B. Mališić",
                "related_player_id": null,
                "related_player_name": null,
                "minute": 87,
                "extra_minute": null,
                "reason": null,
                "injuried": null,
                "result": null
            },
            {
                "id": 10146683,
                "team_id": "1411",
                "type": "goal",
                "fixture_id": 640722,
                "player_id": 312983,
                "player_name": "Bai He",
                "related_player_id": null,
                "related_player_name": null,
                "minute": 90,
                "extra_minute": 1,
                "reason": null,
                "injuried": null,
                "result": null
            }
        ]
    },
    "odds": {
        "data": []
    }
}