{
    "id": 640477,
    "league_id": 1001,
    "season_id": 987,
    "stage_id": 1915,
    "round_id": 30838,
    "group_id": null,
    "aggregate_id": null,
    "venue_id": 642,
    "referee_id": null,
    "localteam_id": 1411,
    "visitorteam_id": 7463,
    "winner_team_id": 1411,
    "weather_report": null,
    "commentaries": false,
    "attendance": null,
    "pitch": null,
    "details": null,
    "neutral_venue": false,
    "winning_odds_calculated": true,
    "formations": {
        "localteam_formation": null,
        "visitorteam_formation": null
    },
    "scores": {
        "localteam_score": 2,
        "visitorteam_score": 0,
        "localteam_pen_score": null,
        "visitorteam_pen_score": null,
        "ht_score": "0-0",
        "ft_score": "2-0",
        "et_score": null
    },
    "time": {
        "status": "FT",
        "starting_at": {
            "date_time": "2017-02-05 09:30:00",
            "date": "2017-02-05",
            "time": "09:30:00",
            "timestamp": 1486287000,
            "timezone": "UTC"
        },
        "minute": 90,
        "second": null,
        "added_time": null,
        "extra_minute": null,
        "injury_time": null
    },
    "coaches": {
        "localteam_coach_id": null,
        "visitorteam_coach_id": null
    },
    "standings": {
        "localteam_position": null,
        "visitorteam_position": null
    },
    "assistants": {
        "first_assistant_id": null,
        "second_assistant_id": null,
        "fourth_official_id": null
    },
    "leg": null,
    "colors": null,
    "deleted": false,
    "localTeam": {
        "data": {
            "id": 1411,
            "legacy_id": null,
            "name": "Eastern",
            "short_code": null,
            "twitter": null,
            "country_id": 64306,
            "national_team": false,
            "founded": 1932,
            "logo_path": "https://cdn.sportmonks.com/images//soccer/teams/3/1411.png",
            "venue_id": 13871,
            "current_season_id": 13176
        }
    },
    "visitorTeam": {
        "data": {
            "id": 7463,
            "legacy_id": 6246,
            "name": "Yuen Long",
            "short_code": null,
            "twitter": null,
            "country_id": 64306,
            "national_team": false,
            "founded": 1959,
            "logo_path": "https://cdn.sportmonks.com/images//soccer/teams/7/7463.png",
            "venue_id": 4830,
            "current_season_id": 13176
        }
    },
    "league": {
        "data": {
            "id": 1001,
            "active": true,
            "type": "domestic",
            "legacy_id": 350,
            "country_id": 64306,
            "logo_path": null,
            "name": "Premier League",
            "is_cup": false,
            "current_season_id": 16570,
            "current_round_id": 182670,
            "current_stage_id": 77445709,
            "live_standings": false,
            "coverage": {
                "predictions": 1,
                "topscorer_goals": false,
                "topscorer_assists": false,
                "topscorer_cards": false
            }
        }
    },
    "events": {
        "data": [
            {
                "id": 10145458,
                "team_id": "7463",
                "type": "yellowcard",
                "fixture_id": 640477,
                "player_id": 314028,
                "player_name": "Ngan Lok Fung",
                "related_player_id": null,
                "related_player_name": null,
                "minute": 24,
                "extra_minute": null,
                "reason": null,
                "injuried": null,
                "result": null
            },
            {
                "id": 10145436,
                "team_id": "1411",
                "type": "yellowcard",
                "fixture_id": 640477,
                "player_id": 312983,
                "player_name": "Bai He",
                "related_player_id": null,
                "related_player_name": null,
                "minute": 34,
                "extra_minute": null,
                "reason": null,
                "injuried": null,
                "result": null
            },
            {
                "id": 10145414,
                "team_id": "1411",
                "type": "goal",
                "fixture_id": 640477,
                "player_id": 314334,
                "player_name": "Wong Tsz Ho",
                "related_player_id": null,
                "related_player_name": null,
                "minute": 50,
                "extra_minute": null,
                "reason": null,
                "injuried": null,
                "result": null
            },
            {
                "id": 10145496,
                "team_id": "7463",
                "type": "substitution",
                "fixture_id": 640477,
                "player_id": 314488,
                "player_name": "Diego Higino",
                "related_player_id": 69526,
                "related_player_name": "Stefan",
                "minute": 61,
                "extra_minute": null,
                "reason": null,
                "injuried": null,
                "result": null
            },
            {
                "id": 10145472,
                "team_id": "1411",
                "type": "substitution",
                "fixture_id": 640477,
                "player_id": 58200,
                "player_name": "Manuel Bleda",
                "related_player_id": 312983,
                "related_player_name": "Bai He",
                "minute": 64,
                "extra_minute": null,
                "reason": null,
                "injuried": null,
                "result": null
            },
            {
                "id": 10145451,
                "team_id": "7463",
                "type": "yellowcard",
                "fixture_id": 640477,
                "player_id": 313752,
                "player_name": "Wong Yim Kwan",
                "related_player_id": null,
                "related_player_name": null,
                "minute": 65,
                "extra_minute": null,
                "reason": null,
                "injuried": null,
                "result": null
            },
            {
                "id": 10145422,
                "team_id": "1411",
                "type": "goal",
                "fixture_id": 640477,
                "player_id": 58200,
                "player_name": "Manuel Bleda",
                "related_player_id": null,
                "related_player_name": null,
                "minute": 66,
                "extra_minute": null,
                "reason": null,
                "injuried": null,
                "result": null
            },
            {
                "id": 10145480,
                "team_id": "1411",
                "type": "substitution",
                "fixture_id": 640477,
                "player_id": 313510,
                "player_name": "Cheng King Ho",
                "related_player_id": 313442,
                "related_player_name": "Tsang Kam To",
                "minute": 67,
                "extra_minute": null,
                "reason": null,
                "injuried": null,
                "result": null
            },
            {
                "id": 10145505,
                "team_id": "7463",
                "type": "substitution",
                "fixture_id": 640477,
                "player_id": 314086,
                "player_name": "Lau Ka Ming",
                "related_player_id": 314028,
                "related_player_name": "Ngan Lok Fung",
                "minute": 74,
                "extra_minute": null,
                "reason": null,
                "injuried": null,
                "result": null
            },
            {
                "id": 10145514,
                "team_id": "7463",
                "type": "substitution",
                "fixture_id": 640477,
                "player_id": 314333,
                "player_name": "Yiu Ho Ming",
                "related_player_id": 313752,
                "related_player_name": "Wong Yim Kwan",
                "minute": 74,
                "extra_minute": null,
                "reason": null,
                "injuried": null,
                "result": null
            },
            {
                "id": 10145465,
                "team_id": "7463",
                "type": "yellowcard",
                "fixture_id": 640477,
                "player_id": 314201,
                "player_name": "Lau Ho Lam",
                "related_player_id": null,
                "related_player_name": null,
                "minute": 81,
                "extra_minute": null,
                "reason": null,
                "injuried": null,
                "result": null
            },
            {
                "id": 10145429,
                "team_id": "1411",
                "type": "yellowcard",
                "fixture_id": 640477,
                "player_id": 163463,
                "player_name": "J. Mitchell",
                "related_player_id": null,
                "related_player_name": null,
                "minute": 82,
                "extra_minute": null,
                "reason": null,
                "injuried": null,
                "result": null
            },
            {
                "id": 10145444,
                "team_id": "1411",
                "type": "yellowcard",
                "fixture_id": 640477,
                "player_id": 314205,
                "player_name": "Diego Eli",
                "related_player_id": null,
                "related_player_name": null,
                "minute": 84,
                "extra_minute": null,
                "reason": null,
                "injuried": null,
                "result": null
            },
            {
                "id": 10145488,
                "team_id": "1411",
                "type": "substitution",
                "fixture_id": 640477,
                "player_id": 159026,
                "player_name": "Michel Lugo",
                "related_player_id": 313246,
                "related_player_name": "Giovane",
                "minute": 86,
                "extra_minute": null,
                "reason": null,
                "injuried": null,
                "result": null
            }
        ]
    },
    "odds": {
        "data": []
    }
}