{
    "id": 638435,
    "league_id": 1001,
    "season_id": 987,
    "stage_id": 1915,
    "round_id": 30825,
    "group_id": null,
    "aggregate_id": null,
    "venue_id": 642,
    "referee_id": null,
    "localteam_id": 1411,
    "visitorteam_id": 18065,
    "winner_team_id": 1411,
    "weather_report": null,
    "commentaries": false,
    "attendance": null,
    "pitch": null,
    "details": null,
    "neutral_venue": false,
    "winning_odds_calculated": true,
    "formations": {
        "localteam_formation": null,
        "visitorteam_formation": null
    },
    "scores": {
        "localteam_score": 6,
        "visitorteam_score": 1,
        "localteam_pen_score": null,
        "visitorteam_pen_score": null,
        "ht_score": "3-1",
        "ft_score": "6-1",
        "et_score": null
    },
    "time": {
        "status": "FT",
        "starting_at": {
            "date_time": "2017-02-09 12:00:00",
            "date": "2017-02-09",
            "time": "12:00:00",
            "timestamp": 1486641600,
            "timezone": "UTC"
        },
        "minute": 90,
        "second": null,
        "added_time": null,
        "extra_minute": null,
        "injury_time": null
    },
    "coaches": {
        "localteam_coach_id": null,
        "visitorteam_coach_id": null
    },
    "standings": {
        "localteam_position": null,
        "visitorteam_position": null
    },
    "assistants": {
        "first_assistant_id": null,
        "second_assistant_id": null,
        "fourth_official_id": null
    },
    "leg": null,
    "colors": null,
    "deleted": false,
    "localTeam": {
        "data": {
            "id": 1411,
            "legacy_id": null,
            "name": "Eastern",
            "short_code": null,
            "twitter": null,
            "country_id": 64306,
            "national_team": false,
            "founded": 1932,
            "logo_path": "https://cdn.sportmonks.com/images//soccer/teams/3/1411.png",
            "venue_id": 13871,
            "current_season_id": 13176
        }
    },
    "visitorTeam": {
        "data": {
            "id": 18065,
            "legacy_id": null,
            "name": "Guangzhou R&F U19",
            "short_code": null,
            "twitter": null,
            "country_id": 64306,
            "national_team": false,
            "founded": 0,
            "logo_path": null,
            "venue_id": null,
            "current_season_id": 13176
        }
    },
    "league": {
        "data": {
            "id": 1001,
            "active": true,
            "type": "domestic",
            "legacy_id": 350,
            "country_id": 64306,
            "logo_path": null,
            "name": "Premier League",
            "is_cup": false,
            "current_season_id": 16570,
            "current_round_id": 182670,
            "current_stage_id": 77445709,
            "live_standings": false,
            "coverage": {
                "predictions": 1,
                "topscorer_goals": false,
                "topscorer_assists": false,
                "topscorer_cards": false
            }
        }
    },
    "events": {
        "data": [
            {
                "id": 10140564,
                "team_id": "1411",
                "type": "goal",
                "fixture_id": 638435,
                "player_id": 58200,
                "player_name": "Manuel Bleda",
                "related_player_id": null,
                "related_player_name": null,
                "minute": 16,
                "extra_minute": null,
                "reason": null,
                "injuried": null,
                "result": null
            },
            {
                "id": 10140621,
                "team_id": "1411",
                "type": "yellowcard",
                "fixture_id": 638435,
                "player_id": 314334,
                "player_name": "Wong Tsz Ho",
                "related_player_id": null,
                "related_player_name": null,
                "minute": 22,
                "extra_minute": null,
                "reason": null,
                "injuried": null,
                "result": null
            },
            {
                "id": 10140571,
                "team_id": "1411",
                "type": "goal",
                "fixture_id": 638435,
                "player_id": 163463,
                "player_name": "J. Mitchell",
                "related_player_id": null,
                "related_player_name": null,
                "minute": 24,
                "extra_minute": null,
                "reason": null,
                "injuried": null,
                "result": null
            },
            {
                "id": 10140577,
                "team_id": "1411",
                "type": "goal",
                "fixture_id": 638435,
                "player_id": 312983,
                "player_name": "Bai He",
                "related_player_id": null,
                "related_player_name": null,
                "minute": 29,
                "extra_minute": null,
                "reason": null,
                "injuried": null,
                "result": null
            },
            {
                "id": 10140614,
                "team_id": "1411",
                "type": "yellowcard",
                "fixture_id": 638435,
                "player_id": 312983,
                "player_name": "Bai He",
                "related_player_id": null,
                "related_player_name": null,
                "minute": 29,
                "extra_minute": null,
                "reason": null,
                "injuried": null,
                "result": null
            },
            {
                "id": 10140583,
                "team_id": "18065",
                "type": "goal",
                "fixture_id": 638435,
                "player_id": 314038,
                "player_name": "Chuck Yiu Kwok",
                "related_player_id": null,
                "related_player_name": null,
                "minute": 34,
                "extra_minute": null,
                "reason": null,
                "injuried": null,
                "result": null
            },
            {
                "id": 10140648,
                "team_id": "1411",
                "type": "substitution",
                "fixture_id": 638435,
                "player_id": 313900,
                "player_name": "Wong Chi Chung",
                "related_player_id": 313510,
                "related_player_name": "Cheng King Ho",
                "minute": 40,
                "extra_minute": null,
                "reason": null,
                "injuried": null,
                "result": null
            },
            {
                "id": 10140655,
                "team_id": "1411",
                "type": "substitution",
                "fixture_id": 638435,
                "player_id": 313544,
                "player_name": "Tsang Chi Hau",
                "related_player_id": 314205,
                "related_player_name": "Diego Eli",
                "minute": 46,
                "extra_minute": null,
                "reason": null,
                "injuried": null,
                "result": null
            },
            {
                "id": 10140627,
                "team_id": "18065",
                "type": "yellowcard",
                "fixture_id": 638435,
                "player_id": 312894,
                "player_name": "Hou Junjie",
                "related_player_id": null,
                "related_player_name": null,
                "minute": 60,
                "extra_minute": null,
                "reason": null,
                "injuried": null,
                "result": null
            },
            {
                "id": 10140609,
                "team_id": "1411",
                "type": "yellowcard",
                "fixture_id": 638435,
                "player_id": 163463,
                "player_name": "J. Mitchell",
                "related_player_id": null,
                "related_player_name": null,
                "minute": 61,
                "extra_minute": null,
                "reason": null,
                "injuried": null,
                "result": null
            },
            {
                "id": 10140633,
                "team_id": "18065",
                "type": "yellowcard",
                "fixture_id": 638435,
                "player_id": 313566,
                "player_name": "Chan Lap Ming",
                "related_player_id": null,
                "related_player_name": null,
                "minute": 61,
                "extra_minute": null,
                "reason": null,
                "injuried": null,
                "result": null
            },
            {
                "id": 10140641,
                "team_id": "18065",
                "type": "yellowcard",
                "fixture_id": 638435,
                "player_id": 314038,
                "player_name": "Chuck Yiu Kwok",
                "related_player_id": null,
                "related_player_name": null,
                "minute": 64,
                "extra_minute": null,
                "reason": null,
                "injuried": null,
                "result": null
            },
            {
                "id": 10140588,
                "team_id": "1411",
                "type": "goal",
                "fixture_id": 638435,
                "player_id": 58200,
                "player_name": "Manuel Bleda",
                "related_player_id": null,
                "related_player_name": null,
                "minute": 65,
                "extra_minute": null,
                "reason": null,
                "injuried": null,
                "result": null
            },
            {
                "id": 10140668,
                "team_id": "18065",
                "type": "substitution",
                "fixture_id": 638435,
                "player_id": 314270,
                "player_name": "Wan Kit Lam",
                "related_player_id": 313802,
                "related_player_name": "Tsang Kin Fong",
                "minute": 67,
                "extra_minute": null,
                "reason": null,
                "injuried": null,
                "result": null
            },
            {
                "id": 10140661,
                "team_id": "1411",
                "type": "substitution",
                "fixture_id": 638435,
                "player_id": 313250,
                "player_name": "Xu Deshuai",
                "related_player_id": 313441,
                "related_player_name": "Beto",
                "minute": 69,
                "extra_minute": null,
                "reason": null,
                "injuried": null,
                "result": null
            },
            {
                "id": 10140595,
                "team_id": "1411",
                "type": "goal",
                "fixture_id": 638435,
                "player_id": 313283,
                "player_name": "Lee Hong Lim",
                "related_player_id": null,
                "related_player_name": null,
                "minute": 71,
                "extra_minute": null,
                "reason": null,
                "injuried": null,
                "result": null
            },
            {
                "id": 10140674,
                "team_id": "18065",
                "type": "substitution",
                "fixture_id": 638435,
                "player_id": 313198,
                "player_name": "Min Junlin",
                "related_player_id": 313718,
                "related_player_name": "Jing Teng",
                "minute": 73,
                "extra_minute": null,
                "reason": null,
                "injuried": null,
                "result": null
            },
            {
                "id": 10140681,
                "team_id": "18065",
                "type": "substitution",
                "fixture_id": 638435,
                "player_id": 314553,
                "player_name": "Yang Ziyi",
                "related_player_id": 314552,
                "related_player_name": "Wei Zong Gren",
                "minute": 78,
                "extra_minute": null,
                "reason": null,
                "injuried": null,
                "result": null
            },
            {
                "id": 10140602,
                "team_id": "1411",
                "type": "goal",
                "fixture_id": 638435,
                "player_id": 163463,
                "player_name": "J. Mitchell",
                "related_player_id": null,
                "related_player_name": null,
                "minute": 89,
                "extra_minute": null,
                "reason": null,
                "injuried": null,
                "result": null
            }
        ]
    },
    "odds": {
        "data": []
    }
}