{
    "id": 10403556,
    "league_id": 1001,
    "season_id": 13176,
    "stage_id": 7743326,
    "round_id": 152349,
    "group_id": null,
    "aggregate_id": null,
    "venue_id": 13855,
    "referee_id": 35257,
    "localteam_id": 1411,
    "visitorteam_id": 132959,
    "winner_team_id": 1411,
    "weather_report": {
        "code": "rain",
        "type": "light rain",
        "icon": "https://cdn.sportmonks.com/images/weather/10n.png",
        "temperature": {
            "temp": 56.53,
            "unit": "fahrenheit"
        },
        "clouds": "40%",
        "humidity": "62%",
        "wind": {
            "speed": "6.93 m/s",
            "degree": 20
        }
    },
    "commentaries": null,
    "attendance": null,
    "pitch": "Good",
    "details": null,
    "neutral_venue": false,
    "winning_odds_calculated": true,
    "formations": {
        "localteam_formation": null,
        "visitorteam_formation": null
    },
    "scores": {
        "localteam_score": 6,
        "visitorteam_score": 0,
        "localteam_pen_score": null,
        "visitorteam_pen_score": null,
        "ht_score": "2-0",
        "ft_score": "6-0",
        "et_score": null
    },
    "time": {
        "status": "FT",
        "starting_at": {
            "date_time": "2019-01-02 12:00:00",
            "date": "2019-01-02",
            "time": "12:00:00",
            "timestamp": 1546430400,
            "timezone": "UTC"
        },
        "minute": 90,
        "second": 0,
        "added_time": 0,
        "extra_minute": null,
        "injury_time": null
    },
    "coaches": {
        "localteam_coach_id": 457118,
        "visitorteam_coach_id": 18227539
    },
    "standings": {
        "localteam_position": 4,
        "visitorteam_position": 10
    },
    "assistants": {
        "first_assistant_id": null,
        "second_assistant_id": null,
        "fourth_official_id": null
    },
    "leg": "1/1",
    "colors": {
        "localteam": {
            "color": null,
            "kit_colors": null
        },
        "visitorteam": {
            "color": null,
            "kit_colors": null
        }
    },
    "deleted": false,
    "localTeam": {
        "data": {
            "id": 1411,
            "legacy_id": null,
            "name": "Eastern",
            "short_code": null,
            "twitter": null,
            "country_id": 64306,
            "national_team": false,
            "founded": 1932,
            "logo_path": "https://cdn.sportmonks.com/images//soccer/teams/3/1411.png",
            "venue_id": 13871,
            "current_season_id": 13176
        }
    },
    "visitorTeam": {
        "data": {
            "id": 132959,
            "legacy_id": null,
            "name": "Hoi King",
            "short_code": null,
            "twitter": null,
            "country_id": 64306,
            "national_team": false,
            "founded": 0,
            "logo_path": "https://cdn.sportmonks.com/images//soccer/teams/31/132959.png",
            "venue_id": 3855,
            "current_season_id": 13176
        }
    },
    "league": {
        "data": {
            "id": 1001,
            "active": true,
            "type": "domestic",
            "legacy_id": 350,
            "country_id": 64306,
            "logo_path": null,
            "name": "Premier League",
            "is_cup": false,
            "current_season_id": 16570,
            "current_round_id": 182670,
            "current_stage_id": 77445709,
            "live_standings": false,
            "coverage": {
                "predictions": 1,
                "topscorer_goals": false,
                "topscorer_assists": false,
                "topscorer_cards": false
            }
        }
    },
    "events": {
        "data": [
            {
                "id": 10403556001,
                "team_id": "1411",
                "type": "goal",
                "fixture_id": 10403556,
                "player_id": 58200,
                "player_name": "Manuel Bleda",
                "related_player_id": null,
                "related_player_name": null,
                "minute": 27,
                "extra_minute": null,
                "reason": null,
                "injuried": null,
                "result": "1-0"
            },
            {
                "id": 10403556002,
                "team_id": "1411",
                "type": "goal",
                "fixture_id": 10403556,
                "player_id": 314205,
                "player_name": "Diego Eli",
                "related_player_id": null,
                "related_player_name": null,
                "minute": 40,
                "extra_minute": null,
                "reason": null,
                "injuried": null,
                "result": "2-0"
            },
            {
                "id": 10403556003,
                "team_id": "1411",
                "type": "substitution",
                "fixture_id": 10403556,
                "player_id": 314201,
                "player_name": "Lau Ho Lam",
                "related_player_id": 313402,
                "related_player_name": "Leung Chun Pong",
                "minute": 53,
                "extra_minute": null,
                "reason": null,
                "injuried": null,
                "result": null
            },
            {
                "id": 10403556004,
                "team_id": "1411",
                "type": "goal",
                "fixture_id": 10403556,
                "player_id": 58200,
                "player_name": "Manuel Bleda",
                "related_player_id": null,
                "related_player_name": null,
                "minute": 57,
                "extra_minute": null,
                "reason": null,
                "injuried": null,
                "result": "3-0"
            },
            {
                "id": 10403556006,
                "team_id": "1411",
                "type": "substitution",
                "fixture_id": 10403556,
                "player_id": 313279,
                "player_name": "Lam Hok Hei",
                "related_player_id": 313283,
                "related_player_name": "Lee Hong Lim",
                "minute": 61,
                "extra_minute": null,
                "reason": null,
                "injuried": null,
                "result": null
            },
            {
                "id": 10403556005,
                "team_id": "1411",
                "type": "goal",
                "fixture_id": 10403556,
                "player_id": 314540,
                "player_name": "Everton Camargo",
                "related_player_id": null,
                "related_player_name": null,
                "minute": 61,
                "extra_minute": null,
                "reason": null,
                "injuried": null,
                "result": "4-0"
            },
            {
                "id": 10403556007,
                "team_id": "132959",
                "type": "substitution",
                "fixture_id": 10403556,
                "player_id": 315694,
                "player_name": "Buddle Sebastian Robert",
                "related_player_id": 23680732,
                "related_player_name": "Bae Chan-Soo",
                "minute": 62,
                "extra_minute": null,
                "reason": null,
                "injuried": null,
                "result": null
            },
            {
                "id": 10403556008,
                "team_id": "1411",
                "type": "goal",
                "fixture_id": 10403556,
                "player_id": 314201,
                "player_name": "Lau Ho Lam",
                "related_player_id": null,
                "related_player_name": null,
                "minute": 65,
                "extra_minute": null,
                "reason": null,
                "injuried": null,
                "result": "5-0"
            },
            {
                "id": 10403556009,
                "team_id": "1411",
                "type": "substitution",
                "fixture_id": 10403556,
                "player_id": 314333,
                "player_name": "Yiu Ho Ming",
                "related_player_id": 58200,
                "related_player_name": "Manuel Bleda",
                "minute": 71,
                "extra_minute": null,
                "reason": null,
                "injuried": null,
                "result": null
            },
            {
                "id": 10403556010,
                "team_id": "132959",
                "type": "substitution",
                "fixture_id": 10403556,
                "player_id": 314482,
                "player_name": "Lee Kai Chi",
                "related_player_id": 21803303,
                "related_player_name": "Ho Chun Ting",
                "minute": 72,
                "extra_minute": null,
                "reason": null,
                "injuried": null,
                "result": null
            },
            {
                "id": 10403556011,
                "team_id": "132959",
                "type": "substitution",
                "fixture_id": 10403556,
                "player_id": 314971,
                "player_name": "Harima Hirokane",
                "related_player_id": 314198,
                "related_player_name": "To Philip Michael",
                "minute": 77,
                "extra_minute": null,
                "reason": null,
                "injuried": null,
                "result": null
            },
            {
                "id": 10403556012,
                "team_id": "1411",
                "type": "goal",
                "fixture_id": 10403556,
                "player_id": 313871,
                "player_name": "Afonso",
                "related_player_id": null,
                "related_player_name": null,
                "minute": 83,
                "extra_minute": null,
                "reason": null,
                "injuried": null,
                "result": "6-0"
            }
        ]
    },
    "odds": {
        "data": []
    }
}