{
    "id": 5842,
    "league_id": 8,
    "season_id": 13,
    "stage_id": 11,
    "round_id": 582,
    "group_id": null,
    "aggregate_id": null,
    "venue_id": 202,
    "referee_id": 116,
    "localteam_id": 13,
    "visitorteam_id": 65,
    "winner_team_id": 13,
    "weather_report": null,
    "commentaries": true,
    "attendance": null,
    "pitch": null,
    "details": null,
    "neutral_venue": false,
    "winning_odds_calculated": true,
    "formations": {
        "localteam_formation": "4-2-3-1",
        "visitorteam_formation": "4-3-3"
    },
    "scores": {
        "localteam_score": 3,
        "visitorteam_score": 0,
        "localteam_pen_score": null,
        "visitorteam_pen_score": null,
        "ht_score": "0-0",
        "ft_score": "3-0",
        "et_score": null
    },
    "time": {
        "status": "FT",
        "starting_at": {
            "date_time": "2017-01-02 15:00:00",
            "date": "2017-01-02",
            "time": "15:00:00",
            "timestamp": 1483369200,
            "timezone": "UTC"
        },
        "minute": 90,
        "second": null,
        "added_time": null,
        "extra_minute": null,
        "injury_time": null
    },
    "coaches": {
        "localteam_coach_id": 455372,
        "visitorteam_coach_id": 455474
    },
    "standings": {
        "localteam_position": null,
        "visitorteam_position": null
    },
    "assistants": {
        "first_assistant_id": null,
        "second_assistant_id": null,
        "fourth_official_id": null
    },
    "leg": "1/1",
    "colors": null,
    "deleted": false,
    "localTeam": {
        "data": {
            "id": 13,
            "legacy_id": 165,
            "name": "Everton",
            "short_code": "EVE",
            "twitter": "@Everton",
            "country_id": 462,
            "national_team": false,
            "founded": 1878,
            "logo_path": "https://cdn.sportmonks.com/images//soccer/teams/13/13.png",
            "venue_id": 202,
            "current_season_id": 16036
        }
    },
    "visitorTeam": {
        "data": {
            "id": 65,
            "legacy_id": 376,
            "name": "Southampton",
            "short_code": "SOU",
            "twitter": "@SouthamptonFC",
            "country_id": 462,
            "national_team": false,
            "founded": 1885,
            "logo_path": "https://cdn.sportmonks.com/images//soccer/teams/1/65.png",
            "venue_id": 167,
            "current_season_id": 16036
        }
    },
    "league": {
        "data": {
            "id": 8,
            "active": true,
            "type": "domestic",
            "legacy_id": 29,
            "country_id": 462,
            "logo_path": "https://cdn.sportmonks.com/images/soccer/leagues/8.png",
            "name": "Premier League",
            "is_cup": false,
            "current_season_id": 16036,
            "current_round_id": 169657,
            "current_stage_id": 77443862,
            "live_standings": true,
            "coverage": {
                "predictions": 1,
                "topscorer_goals": true,
                "topscorer_assists": true,
                "topscorer_cards": true
            }
        }
    },
    "events": {
        "data": [
            {
                "id": 6907077,
                "team_id": "65",
                "type": "substitution",
                "fixture_id": 5842,
                "player_id": 1393,
                "player_name": "J. Stephens",
                "related_player_id": 1362,
                "related_player_name": "Cédric Soares",
                "minute": 6,
                "extra_minute": null,
                "reason": null,
                "injuried": null,
                "result": null
            },
            {
                "id": 6907052,
                "team_id": "13",
                "type": "substitution",
                "fixture_id": 5842,
                "player_id": 935,
                "player_name": "K. Mirallas",
                "related_player_id": 5141,
                "related_player_name": "D. Calvert-Lewin",
                "minute": 12,
                "extra_minute": null,
                "reason": null,
                "injuried": false,
                "result": null
            },
            {
                "id": 6907044,
                "team_id": "65",
                "type": "yellowcard",
                "fixture_id": 5842,
                "player_id": 1155,
                "player_name": "J. Ward-Prowse",
                "related_player_id": null,
                "related_player_name": null,
                "minute": 40,
                "extra_minute": null,
                "reason": null,
                "injuried": null,
                "result": null
            },
            {
                "id": 6907060,
                "team_id": "13",
                "type": "substitution",
                "fixture_id": 5842,
                "player_id": 1244,
                "player_name": "E. Valencia",
                "related_player_id": 244,
                "related_player_name": "A. Lennon",
                "minute": 61,
                "extra_minute": null,
                "reason": null,
                "injuried": null,
                "result": null
            },
            {
                "id": 6907084,
                "team_id": "65",
                "type": "substitution",
                "fixture_id": 5842,
                "player_id": 5071,
                "player_name": "S. Boufal",
                "related_player_id": 1351,
                "related_player_name": "D. Tadić",
                "minute": 67,
                "extra_minute": null,
                "reason": null,
                "injuried": null,
                "result": null
            },
            {
                "id": 6907020,
                "team_id": "13",
                "type": "goal",
                "fixture_id": 5842,
                "player_id": 1244,
                "player_name": "E. Valencia",
                "related_player_id": 995,
                "related_player_name": "R. Lukaku",
                "minute": 73,
                "extra_minute": null,
                "reason": null,
                "injuried": null,
                "result": null
            },
            {
                "id": 6907092,
                "team_id": "65",
                "type": "substitution",
                "fixture_id": 5842,
                "player_id": 722,
                "player_name": "S. Long",
                "related_player_id": 1764,
                "related_player_name": "J. Clasie",
                "minute": 78,
                "extra_minute": null,
                "reason": null,
                "injuried": null,
                "result": null
            },
            {
                "id": 6907028,
                "team_id": "13",
                "type": "penalty",
                "fixture_id": 5842,
                "player_id": 390,
                "player_name": "L. Baines",
                "related_player_id": null,
                "related_player_name": null,
                "minute": 81,
                "extra_minute": null,
                "reason": null,
                "injuried": null,
                "result": null
            },
            {
                "id": 6907068,
                "team_id": "13",
                "type": "substitution",
                "fixture_id": 5842,
                "player_id": 291,
                "player_name": "G. Barry",
                "related_player_id": 968,
                "related_player_name": "R. Barkley",
                "minute": 85,
                "extra_minute": null,
                "reason": null,
                "injuried": null,
                "result": null
            },
            {
                "id": 6907036,
                "team_id": "13",
                "type": "goal",
                "fixture_id": 5842,
                "player_id": 995,
                "player_name": "R. Lukaku",
                "related_player_id": 1706,
                "related_player_name": "T. Davies",
                "minute": 89,
                "extra_minute": null,
                "reason": null,
                "injuried": null,
                "result": null
            }
        ]
    },
    "odds": {
        "data": []
    }
}