{
    "id": 7198,
    "league_id": 8,
    "season_id": 13,
    "stage_id": 11,
    "round_id": 701,
    "group_id": null,
    "aggregate_id": null,
    "venue_id": 202,
    "referee_id": 117,
    "localteam_id": 13,
    "visitorteam_id": 42,
    "winner_team_id": 13,
    "weather_report": null,
    "commentaries": true,
    "attendance": 39573,
    "pitch": null,
    "details": null,
    "neutral_venue": false,
    "winning_odds_calculated": true,
    "formations": {
        "localteam_formation": "4-3-3",
        "visitorteam_formation": "4-4-2"
    },
    "scores": {
        "localteam_score": 4,
        "visitorteam_score": 2,
        "localteam_pen_score": null,
        "visitorteam_pen_score": null,
        "ht_score": "3-2",
        "ft_score": "4-2",
        "et_score": null
    },
    "time": {
        "status": "FT",
        "starting_at": {
            "date_time": "2017-04-09 15:00:00",
            "date": "2017-04-09",
            "time": "15:00:00",
            "timestamp": 1491750000,
            "timezone": "UTC"
        },
        "minute": 90,
        "second": null,
        "added_time": null,
        "extra_minute": null,
        "injury_time": null
    },
    "coaches": {
        "localteam_coach_id": 455372,
        "visitorteam_coach_id": 455473
    },
    "standings": {
        "localteam_position": null,
        "visitorteam_position": null
    },
    "assistants": {
        "first_assistant_id": null,
        "second_assistant_id": null,
        "fourth_official_id": null
    },
    "leg": "1/1",
    "colors": null,
    "deleted": false,
    "localTeam": {
        "data": {
            "id": 13,
            "legacy_id": 165,
            "name": "Everton",
            "short_code": "EVE",
            "twitter": "@Everton",
            "country_id": 462,
            "national_team": false,
            "founded": 1878,
            "logo_path": "https://cdn.sportmonks.com/images//soccer/teams/13/13.png",
            "venue_id": 202,
            "current_season_id": 16036
        }
    },
    "visitorTeam": {
        "data": {
            "id": 42,
            "legacy_id": 388,
            "name": "Leicester City",
            "short_code": "LEI",
            "twitter": "@LCFC",
            "country_id": 462,
            "national_team": false,
            "founded": 1884,
            "logo_path": "https://cdn.sportmonks.com/images//soccer/teams/10/42.png",
            "venue_id": 117,
            "current_season_id": 16036
        }
    },
    "league": {
        "data": {
            "id": 8,
            "active": true,
            "type": "domestic",
            "legacy_id": 29,
            "country_id": 462,
            "logo_path": "https://cdn.sportmonks.com/images/soccer/leagues/8.png",
            "name": "Premier League",
            "is_cup": false,
            "current_season_id": 16036,
            "current_round_id": 169657,
            "current_stage_id": 77443862,
            "live_standings": true,
            "coverage": {
                "predictions": 1,
                "topscorer_goals": true,
                "topscorer_assists": true,
                "topscorer_cards": true
            }
        }
    },
    "events": {
        "data": [
            {
                "id": 6919086,
                "team_id": "13",
                "type": "goal",
                "fixture_id": 7198,
                "player_id": 1706,
                "player_name": "T. Davies",
                "related_player_id": 935,
                "related_player_name": "K. Mirallas",
                "minute": 1,
                "extra_minute": null,
                "reason": null,
                "injuried": null,
                "result": null
            },
            {
                "id": 6919093,
                "team_id": "42",
                "type": "goal",
                "fixture_id": 7198,
                "player_id": 4833,
                "player_name": "I. Slimani",
                "related_player_id": 1572,
                "related_player_name": "D. Gray",
                "minute": 4,
                "extra_minute": null,
                "reason": null,
                "injuried": null,
                "result": null
            },
            {
                "id": 6919102,
                "team_id": "42",
                "type": "goal",
                "fixture_id": 7198,
                "player_id": 174,
                "player_name": "M. Albrighton",
                "related_player_id": null,
                "related_player_name": null,
                "minute": 10,
                "extra_minute": null,
                "reason": null,
                "injuried": null,
                "result": null
            },
            {
                "id": 6919110,
                "team_id": "13",
                "type": "goal",
                "fixture_id": 7198,
                "player_id": 995,
                "player_name": "R. Lukaku",
                "related_player_id": 968,
                "related_player_name": "R. Barkley",
                "minute": 23,
                "extra_minute": null,
                "reason": null,
                "injuried": null,
                "result": null
            },
            {
                "id": 6919141,
                "team_id": "13",
                "type": "yellowcard",
                "fixture_id": 7198,
                "player_id": 935,
                "player_name": "K. Mirallas",
                "related_player_id": null,
                "related_player_name": null,
                "minute": 29,
                "extra_minute": null,
                "reason": null,
                "injuried": null,
                "result": null
            },
            {
                "id": 6919149,
                "team_id": "42",
                "type": "yellowcard",
                "fixture_id": 7198,
                "player_id": 238,
                "player_name": "R. Huth",
                "related_player_id": null,
                "related_player_name": null,
                "minute": 29,
                "extra_minute": null,
                "reason": null,
                "injuried": null,
                "result": null
            },
            {
                "id": 6919117,
                "team_id": "13",
                "type": "goal",
                "fixture_id": 7198,
                "player_id": 32,
                "player_name": "P. Jagielka",
                "related_player_id": 935,
                "related_player_name": "K. Mirallas",
                "minute": 41,
                "extra_minute": null,
                "reason": null,
                "injuried": null,
                "result": null
            },
            {
                "id": 6919133,
                "team_id": "13",
                "type": "yellowcard",
                "fixture_id": 7198,
                "player_id": 390,
                "player_name": "L. Baines",
                "related_player_id": null,
                "related_player_name": null,
                "minute": 45,
                "extra_minute": null,
                "reason": null,
                "injuried": null,
                "result": null
            },
            {
                "id": 6919125,
                "team_id": "13",
                "type": "goal",
                "fixture_id": 7198,
                "player_id": 995,
                "player_name": "R. Lukaku",
                "related_player_id": 32,
                "related_player_name": "P. Jagielka",
                "minute": 57,
                "extra_minute": null,
                "reason": null,
                "injuried": null,
                "result": null
            },
            {
                "id": 6919170,
                "team_id": "42",
                "type": "substitution",
                "fixture_id": 7198,
                "player_id": 1585,
                "player_name": "A. Musa",
                "related_player_id": 1182,
                "related_player_name": "J. Vardy",
                "minute": 61,
                "extra_minute": null,
                "reason": null,
                "injuried": null,
                "result": null
            },
            {
                "id": 6919181,
                "team_id": "42",
                "type": "substitution",
                "fixture_id": 7198,
                "player_id": 971,
                "player_name": "R. Mahrez",
                "related_player_id": 1572,
                "related_player_name": "D. Gray",
                "minute": 61,
                "extra_minute": null,
                "reason": null,
                "injuried": null,
                "result": null
            },
            {
                "id": 6919156,
                "team_id": "42",
                "type": "yellowcard",
                "fixture_id": 7198,
                "player_id": 956,
                "player_name": "A. King",
                "related_player_id": null,
                "related_player_name": null,
                "minute": 64,
                "extra_minute": null,
                "reason": null,
                "injuried": null,
                "result": null
            },
            {
                "id": 6919163,
                "team_id": "13",
                "type": "substitution",
                "fixture_id": 7198,
                "player_id": 291,
                "player_name": "G. Barry",
                "related_player_id": 967,
                "related_player_name": "M. Schneiderlin",
                "minute": 73,
                "extra_minute": null,
                "reason": null,
                "injuried": null,
                "result": null
            },
            {
                "id": 6919187,
                "team_id": "42",
                "type": "substitution",
                "fixture_id": 7198,
                "player_id": 910,
                "player_name": "L. Ulloa",
                "related_player_id": 174,
                "related_player_name": "M. Albrighton",
                "minute": 78,
                "extra_minute": null,
                "reason": null,
                "injuried": null,
                "result": null
            }
        ]
    },
    "odds": {
        "data": []
    }
}