{
    "id": 6805,
    "league_id": 8,
    "season_id": 13,
    "stage_id": 11,
    "round_id": 672,
    "group_id": null,
    "aggregate_id": null,
    "venue_id": 202,
    "referee_id": 122,
    "localteam_id": 13,
    "visitorteam_id": 22,
    "winner_team_id": 13,
    "weather_report": null,
    "commentaries": true,
    "attendance": null,
    "pitch": null,
    "details": null,
    "neutral_venue": false,
    "winning_odds_calculated": true,
    "formations": {
        "localteam_formation": "4-1-4-1",
        "visitorteam_formation": "5-4-1"
    },
    "scores": {
        "localteam_score": 4,
        "visitorteam_score": 0,
        "localteam_pen_score": null,
        "visitorteam_pen_score": null,
        "ht_score": "1-0",
        "ft_score": "4-0",
        "et_score": null
    },
    "time": {
        "status": "FT",
        "starting_at": {
            "date_time": "2017-03-18 15:00:00",
            "date": "2017-03-18",
            "time": "15:00:00",
            "timestamp": 1489849200,
            "timezone": "UTC"
        },
        "minute": 90,
        "second": null,
        "added_time": null,
        "extra_minute": null,
        "injury_time": null
    },
    "coaches": {
        "localteam_coach_id": 455372,
        "visitorteam_coach_id": 455424
    },
    "standings": {
        "localteam_position": null,
        "visitorteam_position": null
    },
    "assistants": {
        "first_assistant_id": null,
        "second_assistant_id": null,
        "fourth_official_id": null
    },
    "leg": "1/1",
    "colors": null,
    "deleted": false,
    "localTeam": {
        "data": {
            "id": 13,
            "legacy_id": 165,
            "name": "Everton",
            "short_code": "EVE",
            "twitter": "@Everton",
            "country_id": 462,
            "national_team": false,
            "founded": 1878,
            "logo_path": "https://cdn.sportmonks.com/images//soccer/teams/13/13.png",
            "venue_id": 202,
            "current_season_id": 16036
        }
    },
    "visitorTeam": {
        "data": {
            "id": 22,
            "legacy_id": 384,
            "name": "Hull City",
            "short_code": "HUL",
            "twitter": "@HullCity",
            "country_id": 462,
            "national_team": false,
            "founded": 1904,
            "logo_path": "https://cdn.sportmonks.com/images//soccer/teams/22/22.png",
            "venue_id": 199,
            "current_season_id": 16211
        }
    },
    "league": {
        "data": {
            "id": 8,
            "active": true,
            "type": "domestic",
            "legacy_id": 29,
            "country_id": 462,
            "logo_path": "https://cdn.sportmonks.com/images/soccer/leagues/8.png",
            "name": "Premier League",
            "is_cup": false,
            "current_season_id": 16036,
            "current_round_id": 169657,
            "current_stage_id": 77443862,
            "live_standings": true,
            "coverage": {
                "predictions": 1,
                "topscorer_goals": true,
                "topscorer_assists": true,
                "topscorer_cards": true
            }
        }
    },
    "events": {
        "data": [
            {
                "id": 6915708,
                "team_id": "13",
                "type": "goal",
                "fixture_id": 6805,
                "player_id": 5141,
                "player_name": "D. Calvert-Lewin",
                "related_player_id": 1706,
                "related_player_name": "T. Davies",
                "minute": 9,
                "extra_minute": null,
                "reason": null,
                "injuried": null,
                "result": null
            },
            {
                "id": 6915762,
                "team_id": "13",
                "type": "substitution",
                "fixture_id": 6805,
                "player_id": 291,
                "player_name": "G. Barry",
                "related_player_id": 967,
                "related_player_name": "M. Schneiderlin",
                "minute": 30,
                "extra_minute": null,
                "reason": null,
                "injuried": true,
                "result": null
            },
            {
                "id": 6915770,
                "team_id": "13",
                "type": "substitution",
                "fixture_id": 6805,
                "player_id": 1691,
                "player_name": "Ramiro Funes Mori",
                "related_player_id": 5141,
                "related_player_name": "D. Calvert-Lewin",
                "minute": 56,
                "extra_minute": null,
                "reason": null,
                "injuried": null,
                "result": null
            },
            {
                "id": 6915738,
                "team_id": "13",
                "type": "yellowcard",
                "fixture_id": 6805,
                "player_id": 856,
                "player_name": "A. Williams",
                "related_player_id": null,
                "related_player_name": null,
                "minute": 63,
                "extra_minute": null,
                "reason": null,
                "injuried": null,
                "result": null
            },
            {
                "id": 6915784,
                "team_id": "22",
                "type": "substitution",
                "fixture_id": 6805,
                "player_id": 5359,
                "player_name": "K. Grosicki",
                "related_player_id": 193,
                "related_player_name": "C. Davies",
                "minute": 64,
                "extra_minute": null,
                "reason": null,
                "injuried": false,
                "result": null
            },
            {
                "id": 6915746,
                "team_id": "22",
                "type": "redcard",
                "fixture_id": 6805,
                "player_id": 33,
                "player_name": "T. Huddlestone",
                "related_player_id": null,
                "related_player_name": null,
                "minute": 73,
                "extra_minute": null,
                "reason": "Foul",
                "injuried": null,
                "result": null
            },
            {
                "id": 6915777,
                "team_id": "13",
                "type": "substitution",
                "fixture_id": 6805,
                "player_id": 1244,
                "player_name": "E. Valencia",
                "related_player_id": 1706,
                "related_player_name": "T. Davies",
                "minute": 77,
                "extra_minute": null,
                "reason": null,
                "injuried": null,
                "result": null
            },
            {
                "id": 6915716,
                "team_id": "13",
                "type": "goal",
                "fixture_id": 6805,
                "player_id": 1244,
                "player_name": "E. Valencia",
                "related_player_id": 995,
                "related_player_name": "R. Lukaku",
                "minute": 78,
                "extra_minute": null,
                "reason": null,
                "injuried": null,
                "result": null
            },
            {
                "id": 6915754,
                "team_id": "13",
                "type": "yellowcard",
                "fixture_id": 6805,
                "player_id": 291,
                "player_name": "G. Barry",
                "related_player_id": null,
                "related_player_name": null,
                "minute": 79,
                "extra_minute": null,
                "reason": null,
                "injuried": null,
                "result": null
            },
            {
                "id": 6915792,
                "team_id": "22",
                "type": "substitution",
                "fixture_id": 6805,
                "player_id": 1567,
                "player_name": "A. Diomande",
                "related_player_id": 1568,
                "related_player_name": "A. Hernández",
                "minute": 82,
                "extra_minute": null,
                "reason": null,
                "injuried": null,
                "result": null
            },
            {
                "id": 6915798,
                "team_id": "22",
                "type": "substitution",
                "fixture_id": 6805,
                "player_id": 628,
                "player_name": "Ahmed El Mohamady",
                "related_player_id": 4101,
                "related_player_name": "L. Marković",
                "minute": 86,
                "extra_minute": null,
                "reason": null,
                "injuried": null,
                "result": null
            },
            {
                "id": 6915723,
                "team_id": "13",
                "type": "goal",
                "fixture_id": 6805,
                "player_id": 995,
                "player_name": "R. Lukaku",
                "related_player_id": 1244,
                "related_player_name": "E. Valencia",
                "minute": 90,
                "extra_minute": 1,
                "reason": null,
                "injuried": null,
                "result": null
            },
            {
                "id": 6915730,
                "team_id": "13",
                "type": "goal",
                "fixture_id": 6805,
                "player_id": 995,
                "player_name": "R. Lukaku",
                "related_player_id": null,
                "related_player_name": null,
                "minute": 90,
                "extra_minute": 4,
                "reason": null,
                "injuried": null,
                "result": null
            }
        ]
    },
    "odds": {
        "data": []
    }
}