{
    "id": 329899,
    "league_id": 420,
    "season_id": 793,
    "stage_id": 1457,
    "round_id": 26298,
    "group_id": null,
    "aggregate_id": null,
    "venue_id": 7844,
    "referee_id": null,
    "localteam_id": 762,
    "visitorteam_id": 2894,
    "winner_team_id": 762,
    "weather_report": null,
    "commentaries": false,
    "attendance": null,
    "pitch": null,
    "details": null,
    "neutral_venue": false,
    "winning_odds_calculated": true,
    "formations": {
        "localteam_formation": null,
        "visitorteam_formation": null
    },
    "scores": {
        "localteam_score": 4,
        "visitorteam_score": 0,
        "localteam_pen_score": null,
        "visitorteam_pen_score": null,
        "ht_score": "1-0",
        "ft_score": "4-0",
        "et_score": null
    },
    "time": {
        "status": "FT",
        "starting_at": {
            "date_time": "2017-02-04 15:15:00",
            "date": "2017-02-04",
            "time": "15:15:00",
            "timestamp": 1486221300,
            "timezone": "UTC"
        },
        "minute": 90,
        "second": null,
        "added_time": null,
        "extra_minute": null,
        "injury_time": null
    },
    "coaches": {
        "localteam_coach_id": null,
        "visitorteam_coach_id": null
    },
    "standings": {
        "localteam_position": null,
        "visitorteam_position": null
    },
    "assistants": {
        "first_assistant_id": null,
        "second_assistant_id": null,
        "fourth_official_id": null
    },
    "leg": null,
    "colors": null,
    "deleted": false,
    "localTeam": {
        "data": {
            "id": 762,
            "legacy_id": 1717,
            "name": "Floriana",
            "short_code": null,
            "twitter": null,
            "country_id": 2756,
            "national_team": false,
            "founded": 1894,
            "logo_path": "https://cdn.sportmonks.com/images//soccer/teams/26/762.png",
            "venue_id": 239,
            "current_season_id": 13029
        }
    },
    "visitorTeam": {
        "data": {
            "id": 2894,
            "legacy_id": 1721,
            "name": "Mosta",
            "short_code": null,
            "twitter": null,
            "country_id": 2756,
            "national_team": false,
            "founded": 1935,
            "logo_path": "https://cdn.sportmonks.com/images//soccer/teams/14/2894.png",
            "venue_id": 1702,
            "current_season_id": 13029
        }
    },
    "league": {
        "data": {
            "id": 420,
            "active": true,
            "type": "domestic",
            "legacy_id": 152,
            "country_id": 2756,
            "logo_path": null,
            "name": "Premier League",
            "is_cup": false,
            "current_season_id": 16283,
            "current_round_id": 181738,
            "current_stage_id": 77444896,
            "live_standings": true,
            "coverage": {
                "predictions": 1,
                "topscorer_goals": false,
                "topscorer_assists": false,
                "topscorer_cards": false
            }
        }
    },
    "events": {
        "data": [
            {
                "id": 8442300,
                "team_id": "762",
                "type": "goal",
                "fixture_id": 329899,
                "player_id": 74084,
                "player_name": "I. Varela",
                "related_player_id": null,
                "related_player_name": null,
                "minute": 27,
                "extra_minute": null,
                "reason": null,
                "injuried": null,
                "result": null
            },
            {
                "id": 8442307,
                "team_id": "762",
                "type": "penalty",
                "fixture_id": 329899,
                "player_id": 109001,
                "player_name": "S. Nayar",
                "related_player_id": null,
                "related_player_name": null,
                "minute": 51,
                "extra_minute": null,
                "reason": null,
                "injuried": null,
                "result": null
            },
            {
                "id": 8442313,
                "team_id": "762",
                "type": "goal",
                "fixture_id": 329899,
                "player_id": 144662,
                "player_name": "M. Vella",
                "related_player_id": null,
                "related_player_name": null,
                "minute": 67,
                "extra_minute": null,
                "reason": null,
                "injuried": null,
                "result": null
            },
            {
                "id": 8442322,
                "team_id": "762",
                "type": "goal",
                "fixture_id": 329899,
                "player_id": 143123,
                "player_name": "R. Camenzuli",
                "related_player_id": null,
                "related_player_name": null,
                "minute": 85,
                "extra_minute": null,
                "reason": null,
                "injuried": null,
                "result": null
            }
        ]
    },
    "odds": {
        "data": []
    }
}