{
    "id": 330283,
    "league_id": 420,
    "season_id": 793,
    "stage_id": 1457,
    "round_id": 26300,
    "group_id": null,
    "aggregate_id": null,
    "venue_id": 7824,
    "referee_id": null,
    "localteam_id": 762,
    "visitorteam_id": 5231,
    "winner_team_id": 762,
    "weather_report": null,
    "commentaries": false,
    "attendance": null,
    "pitch": null,
    "details": null,
    "neutral_venue": false,
    "winning_odds_calculated": true,
    "formations": {
        "localteam_formation": null,
        "visitorteam_formation": null
    },
    "scores": {
        "localteam_score": 2,
        "visitorteam_score": 0,
        "localteam_pen_score": null,
        "visitorteam_pen_score": null,
        "ht_score": "1-0",
        "ft_score": "2-0",
        "et_score": null
    },
    "time": {
        "status": "FT",
        "starting_at": {
            "date_time": "2017-02-25 15:00:00",
            "date": "2017-02-25",
            "time": "15:00:00",
            "timestamp": 1488034800,
            "timezone": "UTC"
        },
        "minute": 90,
        "second": null,
        "added_time": null,
        "extra_minute": null,
        "injury_time": null
    },
    "coaches": {
        "localteam_coach_id": null,
        "visitorteam_coach_id": null
    },
    "standings": {
        "localteam_position": null,
        "visitorteam_position": null
    },
    "assistants": {
        "first_assistant_id": null,
        "second_assistant_id": null,
        "fourth_official_id": null
    },
    "leg": null,
    "colors": null,
    "deleted": false,
    "localTeam": {
        "data": {
            "id": 762,
            "legacy_id": 1717,
            "name": "Floriana",
            "short_code": null,
            "twitter": null,
            "country_id": 2756,
            "national_team": false,
            "founded": 1894,
            "logo_path": "https://cdn.sportmonks.com/images//soccer/teams/26/762.png",
            "venue_id": 239,
            "current_season_id": 13029
        }
    },
    "visitorTeam": {
        "data": {
            "id": 5231,
            "legacy_id": null,
            "name": "Pembroke Athleta",
            "short_code": null,
            "twitter": null,
            "country_id": 2756,
            "national_team": false,
            "founded": 1994,
            "logo_path": "https://cdn.sportmonks.com/images//soccer/teams/15/5231.png",
            "venue_id": 3483,
            "current_season_id": 13035
        }
    },
    "league": {
        "data": {
            "id": 420,
            "active": true,
            "type": "domestic",
            "legacy_id": 152,
            "country_id": 2756,
            "logo_path": null,
            "name": "Premier League",
            "is_cup": false,
            "current_season_id": 16283,
            "current_round_id": 181738,
            "current_stage_id": 77444896,
            "live_standings": true,
            "coverage": {
                "predictions": 1,
                "topscorer_goals": false,
                "topscorer_assists": false,
                "topscorer_cards": false
            }
        }
    },
    "events": {
        "data": [
            {
                "id": 8443165,
                "team_id": "762",
                "type": "goal",
                "fixture_id": 330283,
                "player_id": 74084,
                "player_name": "I. Varela",
                "related_player_id": null,
                "related_player_name": null,
                "minute": 10,
                "extra_minute": null,
                "reason": null,
                "injuried": null,
                "result": null
            },
            {
                "id": 8443211,
                "team_id": "5231",
                "type": "yellowcard",
                "fixture_id": 330283,
                "player_id": 143685,
                "player_name": "P. Barbetti",
                "related_player_id": null,
                "related_player_name": null,
                "minute": 36,
                "extra_minute": null,
                "reason": null,
                "injuried": null,
                "result": null
            },
            {
                "id": 8443232,
                "team_id": "5231",
                "type": "yellowcard",
                "fixture_id": 330283,
                "player_id": 144659,
                "player_name": "R. Kooh Sohna",
                "related_player_id": null,
                "related_player_name": null,
                "minute": 43,
                "extra_minute": null,
                "reason": null,
                "injuried": null,
                "result": null
            },
            {
                "id": 8443218,
                "team_id": "5231",
                "type": "yellowcard",
                "fixture_id": 330283,
                "player_id": 143086,
                "player_name": "B. Farrugia",
                "related_player_id": null,
                "related_player_name": null,
                "minute": 49,
                "extra_minute": null,
                "reason": null,
                "injuried": null,
                "result": null
            },
            {
                "id": 8443240,
                "team_id": "762",
                "type": "substitution",
                "fixture_id": 330283,
                "player_id": 143286,
                "player_name": "S. Pisani",
                "related_player_id": 144662,
                "related_player_name": "M. Vella",
                "minute": 55,
                "extra_minute": null,
                "reason": null,
                "injuried": null,
                "result": null
            },
            {
                "id": 8443265,
                "team_id": "5231",
                "type": "substitution",
                "fixture_id": 330283,
                "player_id": 143805,
                "player_name": "D. Falzon",
                "related_player_id": 136602,
                "related_player_name": "G. Nagaoka",
                "minute": 61,
                "extra_minute": null,
                "reason": null,
                "injuried": null,
                "result": null
            },
            {
                "id": 8443182,
                "team_id": "762",
                "type": "yellowcard",
                "fixture_id": 330283,
                "player_id": 74084,
                "player_name": "I. Varela",
                "related_player_id": null,
                "related_player_name": null,
                "minute": 67,
                "extra_minute": null,
                "reason": null,
                "injuried": null,
                "result": null
            },
            {
                "id": 8443196,
                "team_id": "5231",
                "type": "yellowcard",
                "fixture_id": 330283,
                "player_id": 143076,
                "player_name": "O. Bugeja",
                "related_player_id": null,
                "related_player_name": null,
                "minute": 75,
                "extra_minute": null,
                "reason": null,
                "injuried": null,
                "result": null
            },
            {
                "id": 8443225,
                "team_id": "5231",
                "type": "yellowcard",
                "fixture_id": 330283,
                "player_id": 78062,
                "player_name": "P. Giannopoulos",
                "related_player_id": null,
                "related_player_name": null,
                "minute": 75,
                "extra_minute": null,
                "reason": null,
                "injuried": null,
                "result": null
            },
            {
                "id": 8443173,
                "team_id": "762",
                "type": "goal",
                "fixture_id": 330283,
                "player_id": 144643,
                "player_name": "E. Ruiz",
                "related_player_id": null,
                "related_player_name": null,
                "minute": 76,
                "extra_minute": null,
                "reason": null,
                "injuried": null,
                "result": null
            },
            {
                "id": 8443273,
                "team_id": "5231",
                "type": "substitution",
                "fixture_id": 330283,
                "player_id": 142836,
                "player_name": "S. Eboh",
                "related_player_id": 78062,
                "related_player_name": "P. Giannopoulos",
                "minute": 79,
                "extra_minute": null,
                "reason": null,
                "injuried": null,
                "result": null
            },
            {
                "id": 8443204,
                "team_id": "5231",
                "type": "yellowred",
                "fixture_id": 330283,
                "player_id": 143076,
                "player_name": "O. Bugeja",
                "related_player_id": null,
                "related_player_name": null,
                "minute": 82,
                "extra_minute": null,
                "reason": null,
                "injuried": null,
                "result": null
            },
            {
                "id": 8443281,
                "team_id": "5231",
                "type": "substitution",
                "fixture_id": 330283,
                "player_id": 144694,
                "player_name": "T. Fenech",
                "related_player_id": 143685,
                "related_player_name": "P. Barbetti",
                "minute": 83,
                "extra_minute": null,
                "reason": null,
                "injuried": null,
                "result": null
            },
            {
                "id": 8443249,
                "team_id": "762",
                "type": "substitution",
                "fixture_id": 330283,
                "player_id": 143860,
                "player_name": "D. Baldacchino",
                "related_player_id": 144435,
                "related_player_name": "N. Chiesa",
                "minute": 88,
                "extra_minute": null,
                "reason": null,
                "injuried": null,
                "result": null
            },
            {
                "id": 8443257,
                "team_id": "762",
                "type": "substitution",
                "fixture_id": 330283,
                "player_id": 144722,
                "player_name": "D. Borg Castaldi",
                "related_player_id": 74084,
                "related_player_name": "I. Varela",
                "minute": 90,
                "extra_minute": null,
                "reason": null,
                "injuried": null,
                "result": null
            }
        ]
    },
    "odds": {
        "data": []
    }
}