{
    "id": 10411798,
    "league_id": 420,
    "season_id": 13029,
    "stage_id": 7743138,
    "round_id": 153271,
    "group_id": null,
    "aggregate_id": null,
    "venue_id": 974,
    "referee_id": null,
    "localteam_id": 762,
    "visitorteam_id": 295,
    "winner_team_id": null,
    "weather_report": null,
    "commentaries": null,
    "attendance": null,
    "pitch": "Good",
    "details": null,
    "neutral_venue": false,
    "winning_odds_calculated": true,
    "formations": {
        "localteam_formation": null,
        "visitorteam_formation": null
    },
    "scores": {
        "localteam_score": 1,
        "visitorteam_score": 1,
        "localteam_pen_score": null,
        "visitorteam_pen_score": null,
        "ht_score": "1-0",
        "ft_score": "1-1",
        "et_score": null
    },
    "time": {
        "status": "FT",
        "starting_at": {
            "date_time": "2019-01-11 18:00:00",
            "date": "2019-01-11",
            "time": "18:00:00",
            "timestamp": 1547229600,
            "timezone": "UTC"
        },
        "minute": 90,
        "second": 0,
        "added_time": 0,
        "extra_minute": null,
        "injury_time": 3
    },
    "coaches": {
        "localteam_coach_id": 27466495,
        "visitorteam_coach_id": 456119
    },
    "standings": {
        "localteam_position": 8,
        "visitorteam_position": 5
    },
    "assistants": {
        "first_assistant_id": null,
        "second_assistant_id": null,
        "fourth_official_id": null
    },
    "leg": "1/1",
    "colors": {
        "localteam": {
            "color": null,
            "kit_colors": null
        },
        "visitorteam": {
            "color": null,
            "kit_colors": null
        }
    },
    "deleted": false,
    "localTeam": {
        "data": {
            "id": 762,
            "legacy_id": 1717,
            "name": "Floriana",
            "short_code": null,
            "twitter": null,
            "country_id": 2756,
            "national_team": false,
            "founded": 1894,
            "logo_path": "https://cdn.sportmonks.com/images//soccer/teams/26/762.png",
            "venue_id": 239,
            "current_season_id": 13029
        }
    },
    "visitorTeam": {
        "data": {
            "id": 295,
            "legacy_id": 8152,
            "name": "Hamrun Spartans",
            "short_code": null,
            "twitter": null,
            "country_id": 2756,
            "national_team": false,
            "founded": 1907,
            "logo_path": "https://cdn.sportmonks.com/images//soccer/teams/7/295.png",
            "venue_id": 5052,
            "current_season_id": 13029
        }
    },
    "league": {
        "data": {
            "id": 420,
            "active": true,
            "type": "domestic",
            "legacy_id": 152,
            "country_id": 2756,
            "logo_path": null,
            "name": "Premier League",
            "is_cup": false,
            "current_season_id": 16283,
            "current_round_id": 181738,
            "current_stage_id": 77444896,
            "live_standings": true,
            "coverage": {
                "predictions": 1,
                "topscorer_goals": false,
                "topscorer_assists": false,
                "topscorer_cards": false
            }
        }
    },
    "events": {
        "data": [
            {
                "id": 10411798001,
                "team_id": "762",
                "type": "goal",
                "fixture_id": 10411798,
                "player_id": 62636,
                "player_name": "Arthur Henrique",
                "related_player_id": null,
                "related_player_name": null,
                "minute": 34,
                "extra_minute": null,
                "reason": null,
                "injuried": null,
                "result": "1-0"
            },
            {
                "id": 10411798002,
                "team_id": "762",
                "type": "substitution",
                "fixture_id": 10411798,
                "player_id": 143059,
                "player_name": "C. Borg",
                "related_player_id": 143286,
                "related_player_name": "S. Pisani",
                "minute": 44,
                "extra_minute": null,
                "reason": null,
                "injuried": null,
                "result": null
            },
            {
                "id": 10411798003,
                "team_id": "295",
                "type": "yellowcard",
                "fixture_id": 10411798,
                "player_id": 131378,
                "player_name": "E. Pepe",
                "related_player_id": null,
                "related_player_name": null,
                "minute": 48,
                "extra_minute": null,
                "reason": null,
                "injuried": null,
                "result": null
            },
            {
                "id": 10411798004,
                "team_id": "762",
                "type": "substitution",
                "fixture_id": 10411798,
                "player_id": 144118,
                "player_name": "D. Agius",
                "related_player_id": 74084,
                "related_player_name": "I. Varela",
                "minute": 60,
                "extra_minute": null,
                "reason": null,
                "injuried": null,
                "result": null
            },
            {
                "id": 10411798005,
                "team_id": "295",
                "type": "substitution",
                "fixture_id": 10411798,
                "player_id": 12384511,
                "player_name": "K. Schembri",
                "related_player_id": 142922,
                "related_player_name": "R. Darmanin",
                "minute": 79,
                "extra_minute": null,
                "reason": null,
                "injuried": null,
                "result": null
            },
            {
                "id": 10411798006,
                "team_id": "762",
                "type": "yellowcard",
                "fixture_id": 10411798,
                "player_id": 12865,
                "player_name": null,
                "related_player_id": null,
                "related_player_name": null,
                "minute": 81,
                "extra_minute": null,
                "reason": null,
                "injuried": null,
                "result": null
            },
            {
                "id": 10411798007,
                "team_id": "295",
                "type": "goal",
                "fixture_id": 10411798,
                "player_id": 12865,
                "player_name": "W. Domoraud",
                "related_player_id": null,
                "related_player_name": null,
                "minute": 81,
                "extra_minute": null,
                "reason": null,
                "injuried": null,
                "result": "1-1"
            }
        ]
    },
    "odds": {
        "data": [
            {
                "id": 28,
                "name": "Asian Handicap",
                "suspended": false,
                "bookmaker": {
                    "data": [
                        {
                            "id": 13,
                            "name": "BetCRIS",
                            "odds": {
                                "data": [
                                    {
                                        "label": "1",
                                        "value": "1.75",
                                        "dp3": "1.750",
                                        "american": null,
                                        "winning": false,
                                        "handicap": "+0.25",
                                        "total": null,
                                        "bookmaker_event_id": null,
                                        "last_update": {
                                            "date": "2019-01-09 12:12:10.000000",
                                            "timezone_type": 3,
                                            "timezone": "UTC"
                                        }
                                    },
                                    {
                                        "label": "2",
                                        "value": "1.96",
                                        "dp3": "1.960",
                                        "american": null,
                                        "winning": false,
                                        "handicap": "-0.25",
                                        "total": null,
                                        "bookmaker_event_id": null,
                                        "last_update": {
                                            "date": "2019-01-09 12:12:10.000000",
                                            "timezone_type": 3,
                                            "timezone": "UTC"
                                        }
                                    }
                                ]
                            }
                        }
                    ]
                }
            }
        ]
    }
}