{
    "id": 330421,
    "league_id": 420,
    "season_id": 793,
    "stage_id": 1457,
    "round_id": 26306,
    "group_id": null,
    "aggregate_id": null,
    "venue_id": 974,
    "referee_id": null,
    "localteam_id": 762,
    "visitorteam_id": 360,
    "winner_team_id": 360,
    "weather_report": null,
    "commentaries": false,
    "attendance": null,
    "pitch": null,
    "details": null,
    "neutral_venue": false,
    "winning_odds_calculated": true,
    "formations": {
        "localteam_formation": null,
        "visitorteam_formation": null
    },
    "scores": {
        "localteam_score": 2,
        "visitorteam_score": 3,
        "localteam_pen_score": null,
        "visitorteam_pen_score": null,
        "ht_score": "2-1",
        "ft_score": "2-3",
        "et_score": null
    },
    "time": {
        "status": "FT",
        "starting_at": {
            "date_time": "2017-04-09 16:00:00",
            "date": "2017-04-09",
            "time": "16:00:00",
            "timestamp": 1491753600,
            "timezone": "UTC"
        },
        "minute": 90,
        "second": null,
        "added_time": null,
        "extra_minute": null,
        "injury_time": null
    },
    "coaches": {
        "localteam_coach_id": null,
        "visitorteam_coach_id": null
    },
    "standings": {
        "localteam_position": null,
        "visitorteam_position": null
    },
    "assistants": {
        "first_assistant_id": null,
        "second_assistant_id": null,
        "fourth_official_id": null
    },
    "leg": null,
    "colors": null,
    "deleted": false,
    "localTeam": {
        "data": {
            "id": 762,
            "legacy_id": 1717,
            "name": "Floriana",
            "short_code": null,
            "twitter": null,
            "country_id": 2756,
            "national_team": false,
            "founded": 1894,
            "logo_path": "https://cdn.sportmonks.com/images//soccer/teams/26/762.png",
            "venue_id": 239,
            "current_season_id": 13029
        }
    },
    "visitorTeam": {
        "data": {
            "id": 360,
            "legacy_id": 1714,
            "name": "Hibernians",
            "short_code": null,
            "twitter": null,
            "country_id": 2756,
            "national_team": false,
            "founded": 1922,
            "logo_path": "https://cdn.sportmonks.com/images//soccer/teams/8/360.png",
            "venue_id": 334565,
            "current_season_id": 13029
        }
    },
    "league": {
        "data": {
            "id": 420,
            "active": true,
            "type": "domestic",
            "legacy_id": 152,
            "country_id": 2756,
            "logo_path": null,
            "name": "Premier League",
            "is_cup": false,
            "current_season_id": 16283,
            "current_round_id": 181738,
            "current_stage_id": 77444896,
            "live_standings": true,
            "coverage": {
                "predictions": 1,
                "topscorer_goals": false,
                "topscorer_assists": false,
                "topscorer_cards": false
            }
        }
    },
    "events": {
        "data": [
            {
                "id": 8444225,
                "team_id": "762",
                "type": "goal",
                "fixture_id": 330421,
                "player_id": 74084,
                "player_name": "I. Varela",
                "related_player_id": null,
                "related_player_name": null,
                "minute": 1,
                "extra_minute": null,
                "reason": null,
                "injuried": null,
                "result": null
            },
            {
                "id": 8444233,
                "team_id": "762",
                "type": "goal",
                "fixture_id": 330421,
                "player_id": 144436,
                "player_name": "M. Fontanella",
                "related_player_id": null,
                "related_player_name": null,
                "minute": 7,
                "extra_minute": null,
                "reason": null,
                "injuried": null,
                "result": null
            },
            {
                "id": 8444240,
                "team_id": "360",
                "type": "goal",
                "fixture_id": 330421,
                "player_id": 142788,
                "player_name": "C. Failla",
                "related_player_id": null,
                "related_player_name": null,
                "minute": 42,
                "extra_minute": null,
                "reason": null,
                "injuried": null,
                "result": null
            },
            {
                "id": 8444248,
                "team_id": "360",
                "type": "goal",
                "fixture_id": 330421,
                "player_id": 143260,
                "player_name": "Jackson Lima",
                "related_player_id": null,
                "related_player_name": null,
                "minute": 81,
                "extra_minute": null,
                "reason": null,
                "injuried": null,
                "result": null
            },
            {
                "id": 8444255,
                "team_id": "360",
                "type": "goal",
                "fixture_id": 330421,
                "player_id": 143111,
                "player_name": "A. Agius",
                "related_player_id": null,
                "related_player_name": null,
                "minute": 90,
                "extra_minute": 5,
                "reason": null,
                "injuried": null,
                "result": null
            }
        ]
    },
    "odds": {
        "data": []
    }
}