{
    "id": 640754,
    "league_id": 1001,
    "season_id": 987,
    "stage_id": 1915,
    "round_id": 30842,
    "group_id": null,
    "aggregate_id": null,
    "venue_id": 13861,
    "referee_id": null,
    "localteam_id": 18065,
    "visitorteam_id": 5480,
    "winner_team_id": 5480,
    "weather_report": null,
    "commentaries": false,
    "attendance": null,
    "pitch": null,
    "details": null,
    "neutral_venue": false,
    "winning_odds_calculated": true,
    "formations": {
        "localteam_formation": null,
        "visitorteam_formation": null
    },
    "scores": {
        "localteam_score": 1,
        "visitorteam_score": 3,
        "localteam_pen_score": null,
        "visitorteam_pen_score": null,
        "ht_score": "0-1",
        "ft_score": "1-3",
        "et_score": null
    },
    "time": {
        "status": "FT",
        "starting_at": {
            "date_time": "2017-03-19 09:30:00",
            "date": "2017-03-19",
            "time": "09:30:00",
            "timestamp": 1489915800,
            "timezone": "UTC"
        },
        "minute": 90,
        "second": null,
        "added_time": null,
        "extra_minute": null,
        "injury_time": null
    },
    "coaches": {
        "localteam_coach_id": null,
        "visitorteam_coach_id": null
    },
    "standings": {
        "localteam_position": null,
        "visitorteam_position": null
    },
    "assistants": {
        "first_assistant_id": null,
        "second_assistant_id": null,
        "fourth_official_id": null
    },
    "leg": null,
    "colors": null,
    "deleted": false,
    "localTeam": {
        "data": {
            "id": 18065,
            "legacy_id": null,
            "name": "Guangzhou R&F U19",
            "short_code": null,
            "twitter": null,
            "country_id": 64306,
            "national_team": false,
            "founded": 0,
            "logo_path": null,
            "venue_id": null,
            "current_season_id": 13176
        }
    },
    "visitorTeam": {
        "data": {
            "id": 5480,
            "legacy_id": 6271,
            "name": "Pegasus",
            "short_code": null,
            "twitter": null,
            "country_id": 64306,
            "national_team": false,
            "founded": 2008,
            "logo_path": "https://cdn.sportmonks.com/images//soccer/teams/8/5480.png",
            "venue_id": 642,
            "current_season_id": 13176
        }
    },
    "league": {
        "data": {
            "id": 1001,
            "active": true,
            "type": "domestic",
            "legacy_id": 350,
            "country_id": 64306,
            "logo_path": null,
            "name": "Premier League",
            "is_cup": false,
            "current_season_id": 16570,
            "current_round_id": 182670,
            "current_stage_id": 77445709,
            "live_standings": false,
            "coverage": {
                "predictions": 1,
                "topscorer_goals": false,
                "topscorer_assists": false,
                "topscorer_cards": false
            }
        }
    },
    "events": {
        "data": [
            {
                "id": 10146796,
                "team_id": "5480",
                "type": "goal",
                "fixture_id": 640754,
                "player_id": 313258,
                "player_name": "Chan Siu Ki",
                "related_player_id": null,
                "related_player_name": null,
                "minute": 14,
                "extra_minute": null,
                "reason": null,
                "injuried": null,
                "result": null
            },
            {
                "id": 10146830,
                "team_id": "18065",
                "type": "yellowcard",
                "fixture_id": 640754,
                "player_id": 313204,
                "player_name": "Tu Dongxu",
                "related_player_id": null,
                "related_player_name": null,
                "minute": 37,
                "extra_minute": null,
                "reason": null,
                "injuried": null,
                "result": null
            },
            {
                "id": 10146858,
                "team_id": "5480",
                "type": "yellowcard",
                "fixture_id": 640754,
                "player_id": 225391,
                "player_name": "João Emir",
                "related_player_id": null,
                "related_player_name": null,
                "minute": 37,
                "extra_minute": null,
                "reason": null,
                "injuried": null,
                "result": null
            },
            {
                "id": 10146865,
                "team_id": "5480",
                "type": "yellowcard",
                "fixture_id": 640754,
                "player_id": 49717,
                "player_name": "Dhiego Martins",
                "related_player_id": null,
                "related_player_name": null,
                "minute": 37,
                "extra_minute": null,
                "reason": null,
                "injuried": null,
                "result": null
            },
            {
                "id": 10146877,
                "team_id": "5480",
                "type": "yellowred",
                "fixture_id": 640754,
                "player_id": 49717,
                "player_name": "Dhiego Martins",
                "related_player_id": null,
                "related_player_name": null,
                "minute": 40,
                "extra_minute": null,
                "reason": null,
                "injuried": null,
                "result": null
            },
            {
                "id": 10146885,
                "team_id": "18065",
                "type": "substitution",
                "fixture_id": 640754,
                "player_id": 313566,
                "player_name": "Chan Lap Ming",
                "related_player_id": 314571,
                "related_player_name": "Xiang Jiachi",
                "minute": 46,
                "extra_minute": null,
                "reason": null,
                "injuried": null,
                "result": null
            },
            {
                "id": 10146912,
                "team_id": "5480",
                "type": "substitution",
                "fixture_id": 640754,
                "player_id": 313221,
                "player_name": "Annan Christian",
                "related_player_id": 314363,
                "related_player_name": "Siu Chun Ming",
                "minute": 46,
                "extra_minute": null,
                "reason": null,
                "injuried": null,
                "result": null
            },
            {
                "id": 10146838,
                "team_id": "18065",
                "type": "yellowcard",
                "fixture_id": 640754,
                "player_id": 313170,
                "player_name": "Fu Yunlong",
                "related_player_id": null,
                "related_player_name": null,
                "minute": 54,
                "extra_minute": null,
                "reason": null,
                "injuried": null,
                "result": null
            },
            {
                "id": 10146920,
                "team_id": "5480",
                "type": "substitution",
                "fixture_id": 640754,
                "player_id": 314584,
                "player_name": "T. Major",
                "related_player_id": 225391,
                "related_player_name": "João Emir",
                "minute": 63,
                "extra_minute": null,
                "reason": null,
                "injuried": null,
                "result": null
            },
            {
                "id": 10146893,
                "team_id": "18065",
                "type": "substitution",
                "fixture_id": 640754,
                "player_id": 314575,
                "player_name": "Chen Qi",
                "related_player_id": 313170,
                "related_player_name": "Fu Yunlong",
                "minute": 69,
                "extra_minute": null,
                "reason": null,
                "injuried": null,
                "result": null
            },
            {
                "id": 10146802,
                "team_id": "5480",
                "type": "goal",
                "fixture_id": 640754,
                "player_id": 314320,
                "player_name": "Leong Ka Hang",
                "related_player_id": null,
                "related_player_name": null,
                "minute": 71,
                "extra_minute": null,
                "reason": null,
                "injuried": null,
                "result": null
            },
            {
                "id": 10146809,
                "team_id": "18065",
                "type": "goal",
                "fixture_id": 640754,
                "player_id": 313566,
                "player_name": "Chan Lap Ming",
                "related_player_id": null,
                "related_player_name": null,
                "minute": 77,
                "extra_minute": null,
                "reason": null,
                "injuried": null,
                "result": null
            },
            {
                "id": 10146823,
                "team_id": "18065",
                "type": "yellowcard",
                "fixture_id": 640754,
                "player_id": 314566,
                "player_name": "Xing Yu",
                "related_player_id": null,
                "related_player_name": null,
                "minute": 82,
                "extra_minute": null,
                "reason": null,
                "injuried": null,
                "result": null
            },
            {
                "id": 10146816,
                "team_id": "5480",
                "type": "penalty",
                "fixture_id": 640754,
                "player_id": 314584,
                "player_name": "T. Major",
                "related_player_id": null,
                "related_player_name": null,
                "minute": 84,
                "extra_minute": null,
                "reason": null,
                "injuried": null,
                "result": null
            },
            {
                "id": 10146928,
                "team_id": "5480",
                "type": "substitution",
                "fixture_id": 640754,
                "player_id": 313412,
                "player_name": "Yeung Chi Lun",
                "related_player_id": 313258,
                "related_player_name": "Chan Siu Ki",
                "minute": 84,
                "extra_minute": null,
                "reason": null,
                "injuried": null,
                "result": null
            },
            {
                "id": 10146904,
                "team_id": "18065",
                "type": "substitution",
                "fixture_id": 640754,
                "player_id": 315763,
                "player_name": "Zhu Di",
                "related_player_id": 312965,
                "related_player_name": "Ning An",
                "minute": 86,
                "extra_minute": null,
                "reason": null,
                "injuried": null,
                "result": null
            },
            {
                "id": 10146843,
                "team_id": "18065",
                "type": "yellowcard",
                "fixture_id": 640754,
                "player_id": 314553,
                "player_name": "Yang Ziyi",
                "related_player_id": null,
                "related_player_name": null,
                "minute": 90,
                "extra_minute": 2,
                "reason": null,
                "injuried": null,
                "result": null
            },
            {
                "id": 10146850,
                "team_id": "5480",
                "type": "yellowcard",
                "fixture_id": 640754,
                "player_id": 313299,
                "player_name": "E. Mbome",
                "related_player_id": null,
                "related_player_name": null,
                "minute": 90,
                "extra_minute": null,
                "reason": null,
                "injuried": null,
                "result": null
            }
        ]
    },
    "odds": {
        "data": []
    }
}