{
    "id": 640821,
    "league_id": 1001,
    "season_id": 987,
    "stage_id": 1915,
    "round_id": 30844,
    "group_id": null,
    "aggregate_id": null,
    "venue_id": 13861,
    "referee_id": null,
    "localteam_id": 18065,
    "visitorteam_id": 7423,
    "winner_team_id": null,
    "weather_report": null,
    "commentaries": false,
    "attendance": null,
    "pitch": null,
    "details": null,
    "neutral_venue": false,
    "winning_odds_calculated": true,
    "formations": {
        "localteam_formation": null,
        "visitorteam_formation": null
    },
    "scores": {
        "localteam_score": 0,
        "visitorteam_score": 0,
        "localteam_pen_score": null,
        "visitorteam_pen_score": null,
        "ht_score": "0-0",
        "ft_score": "0-0",
        "et_score": null
    },
    "time": {
        "status": "FT",
        "starting_at": {
            "date_time": "2017-04-08 06:30:00",
            "date": "2017-04-08",
            "time": "06:30:00",
            "timestamp": 1491633000,
            "timezone": "UTC"
        },
        "minute": 90,
        "second": null,
        "added_time": null,
        "extra_minute": null,
        "injury_time": null
    },
    "coaches": {
        "localteam_coach_id": null,
        "visitorteam_coach_id": null
    },
    "standings": {
        "localteam_position": null,
        "visitorteam_position": null
    },
    "assistants": {
        "first_assistant_id": null,
        "second_assistant_id": null,
        "fourth_official_id": null
    },
    "leg": null,
    "colors": null,
    "deleted": false,
    "localTeam": {
        "data": {
            "id": 18065,
            "legacy_id": null,
            "name": "Guangzhou R&F U19",
            "short_code": null,
            "twitter": null,
            "country_id": 64306,
            "national_team": false,
            "founded": 0,
            "logo_path": null,
            "venue_id": null,
            "current_season_id": 13176
        }
    },
    "visitorTeam": {
        "data": {
            "id": 7423,
            "legacy_id": null,
            "name": "BCGS Hong Kong Sapling",
            "short_code": null,
            "twitter": null,
            "country_id": 64306,
            "national_team": false,
            "founded": 2011,
            "logo_path": "https://cdn.sportmonks.com/images//soccer/teams/31/7423.png",
            "venue_id": 13843,
            "current_season_id": 8798
        }
    },
    "league": {
        "data": {
            "id": 1001,
            "active": true,
            "type": "domestic",
            "legacy_id": 350,
            "country_id": 64306,
            "logo_path": null,
            "name": "Premier League",
            "is_cup": false,
            "current_season_id": 16570,
            "current_round_id": 182670,
            "current_stage_id": 77445709,
            "live_standings": false,
            "coverage": {
                "predictions": 1,
                "topscorer_goals": false,
                "topscorer_assists": false,
                "topscorer_cards": false
            }
        }
    },
    "events": {
        "data": [
            {
                "id": 10147284,
                "team_id": "18065",
                "type": "substitution",
                "fixture_id": 640821,
                "player_id": 312965,
                "player_name": "Ning An",
                "related_player_id": 314560,
                "related_player_name": "Zhong Ke",
                "minute": 37,
                "extra_minute": null,
                "reason": null,
                "injuried": null,
                "result": null
            },
            {
                "id": 10147253,
                "team_id": "18065",
                "type": "yellowcard",
                "fixture_id": 640821,
                "player_id": 313566,
                "player_name": "Chan Lap Ming",
                "related_player_id": null,
                "related_player_name": null,
                "minute": 44,
                "extra_minute": null,
                "reason": null,
                "injuried": null,
                "result": null
            },
            {
                "id": 10147261,
                "team_id": "7423",
                "type": "yellowcard",
                "fixture_id": 640821,
                "player_id": 177123,
                "player_name": "I. Miović",
                "related_player_id": null,
                "related_player_name": null,
                "minute": 48,
                "extra_minute": null,
                "reason": null,
                "injuried": null,
                "result": null
            },
            {
                "id": 10147303,
                "team_id": "7423",
                "type": "substitution",
                "fixture_id": 640821,
                "player_id": 314541,
                "player_name": "Dong-Hun Yoon",
                "related_player_id": 67462,
                "related_player_name": "L. Vidić",
                "minute": 61,
                "extra_minute": null,
                "reason": null,
                "injuried": null,
                "result": null
            },
            {
                "id": 10147310,
                "team_id": "7423",
                "type": "substitution",
                "fixture_id": 640821,
                "player_id": 314446,
                "player_name": "Lau Chi Lok",
                "related_player_id": 314465,
                "related_player_name": "Kwok Tsz Kaai",
                "minute": 61,
                "extra_minute": null,
                "reason": null,
                "injuried": null,
                "result": null
            },
            {
                "id": 10147291,
                "team_id": "18065",
                "type": "substitution",
                "fixture_id": 640821,
                "player_id": 314270,
                "player_name": "Wan Kit Lam",
                "related_player_id": 312894,
                "related_player_name": "Hou Junjie",
                "minute": 67,
                "extra_minute": null,
                "reason": null,
                "injuried": null,
                "result": null
            },
            {
                "id": 10147296,
                "team_id": "18065",
                "type": "substitution",
                "fixture_id": 640821,
                "player_id": 315763,
                "player_name": "Zhu Di",
                "related_player_id": 313170,
                "related_player_name": "Fu Yunlong",
                "minute": 69,
                "extra_minute": null,
                "reason": null,
                "injuried": null,
                "result": null
            },
            {
                "id": 10147316,
                "team_id": "7423",
                "type": "substitution",
                "fixture_id": 640821,
                "player_id": 313646,
                "player_name": "Chan Cham Hei",
                "related_player_id": 314352,
                "related_player_name": "Liu Pui Fung",
                "minute": 80,
                "extra_minute": null,
                "reason": null,
                "injuried": null,
                "result": null
            },
            {
                "id": 10147269,
                "team_id": "7423",
                "type": "yellowcard",
                "fixture_id": 640821,
                "player_id": 176873,
                "player_name": "M. Teodorovic",
                "related_player_id": null,
                "related_player_name": null,
                "minute": 90,
                "extra_minute": null,
                "reason": null,
                "injuried": null,
                "result": null
            },
            {
                "id": 10147277,
                "team_id": "7423",
                "type": "yellowcard",
                "fixture_id": 640821,
                "player_id": 313646,
                "player_name": "Chan Cham Hei",
                "related_player_id": null,
                "related_player_name": null,
                "minute": 90,
                "extra_minute": null,
                "reason": null,
                "injuried": null,
                "result": null
            }
        ]
    },
    "odds": {
        "data": []
    }
}