{
    "id": 330191,
    "league_id": 420,
    "season_id": 793,
    "stage_id": 1457,
    "round_id": 26299,
    "group_id": null,
    "aggregate_id": null,
    "venue_id": 7824,
    "referee_id": null,
    "localteam_id": 6791,
    "visitorteam_id": 5425,
    "winner_team_id": 6791,
    "weather_report": null,
    "commentaries": false,
    "attendance": null,
    "pitch": null,
    "details": null,
    "neutral_venue": false,
    "winning_odds_calculated": true,
    "formations": {
        "localteam_formation": null,
        "visitorteam_formation": null
    },
    "scores": {
        "localteam_score": 3,
        "visitorteam_score": 2,
        "localteam_pen_score": null,
        "visitorteam_pen_score": null,
        "ht_score": "1-1",
        "ft_score": "3-2",
        "et_score": null
    },
    "time": {
        "status": "FT",
        "starting_at": {
            "date_time": "2017-02-11 15:00:00",
            "date": "2017-02-11",
            "time": "15:00:00",
            "timestamp": 1486825200,
            "timezone": "UTC"
        },
        "minute": 90,
        "second": null,
        "added_time": null,
        "extra_minute": null,
        "injury_time": null
    },
    "coaches": {
        "localteam_coach_id": null,
        "visitorteam_coach_id": null
    },
    "standings": {
        "localteam_position": null,
        "visitorteam_position": null
    },
    "assistants": {
        "first_assistant_id": null,
        "second_assistant_id": null,
        "fourth_official_id": null
    },
    "leg": null,
    "colors": null,
    "deleted": false,
    "localTeam": {
        "data": {
            "id": 6791,
            "legacy_id": 2451,
            "name": "Gzira United",
            "short_code": null,
            "twitter": null,
            "country_id": 2756,
            "national_team": false,
            "founded": 1947,
            "logo_path": "https://cdn.sportmonks.com/images//soccer/teams/7/6791.png",
            "venue_id": 4453,
            "current_season_id": 13029
        }
    },
    "visitorTeam": {
        "data": {
            "id": 5425,
            "legacy_id": 3664,
            "name": "St. Andrews",
            "short_code": null,
            "twitter": null,
            "country_id": 2756,
            "national_team": false,
            "founded": null,
            "logo_path": "https://cdn.sportmonks.com/images//soccer/teams/17/5425.png",
            "venue_id": 3483,
            "current_season_id": 13029
        }
    },
    "league": {
        "data": {
            "id": 420,
            "active": true,
            "type": "domestic",
            "legacy_id": 152,
            "country_id": 2756,
            "logo_path": null,
            "name": "Premier League",
            "is_cup": false,
            "current_season_id": 16283,
            "current_round_id": 181738,
            "current_stage_id": 77444896,
            "live_standings": true,
            "coverage": {
                "predictions": 1,
                "topscorer_goals": false,
                "topscorer_assists": false,
                "topscorer_cards": false
            }
        }
    },
    "events": {
        "data": [
            {
                "id": 8442681,
                "team_id": "5425",
                "type": "goal",
                "fixture_id": 330191,
                "player_id": 144122,
                "player_name": "A. Friggieri",
                "related_player_id": null,
                "related_player_name": null,
                "minute": 13,
                "extra_minute": null,
                "reason": null,
                "injuried": null,
                "result": null
            },
            {
                "id": 8442745,
                "team_id": "5425",
                "type": "yellowcard",
                "fixture_id": 330191,
                "player_id": 49411,
                "player_name": "F. Udoh",
                "related_player_id": null,
                "related_player_name": null,
                "minute": 39,
                "extra_minute": null,
                "reason": null,
                "injuried": null,
                "result": null
            },
            {
                "id": 8442691,
                "team_id": "6791",
                "type": "goal",
                "fixture_id": 330191,
                "player_id": 124499,
                "player_name": "L. Zomé",
                "related_player_id": null,
                "related_player_name": null,
                "minute": 45,
                "extra_minute": 1,
                "reason": null,
                "injuried": null,
                "result": null
            },
            {
                "id": 8442728,
                "team_id": "6791",
                "type": "yellowcard",
                "fixture_id": 330191,
                "player_id": 144569,
                "player_name": "Tony",
                "related_player_id": null,
                "related_player_name": null,
                "minute": 49,
                "extra_minute": null,
                "reason": null,
                "injuried": null,
                "result": null
            },
            {
                "id": 8442699,
                "team_id": "5425",
                "type": "penalty",
                "fixture_id": 330191,
                "player_id": 144630,
                "player_name": "I. Paz",
                "related_player_id": null,
                "related_player_name": null,
                "minute": 50,
                "extra_minute": null,
                "reason": null,
                "injuried": null,
                "result": null
            },
            {
                "id": 8442753,
                "team_id": "5425",
                "type": "yellowcard",
                "fixture_id": 330191,
                "player_id": 144729,
                "player_name": "N. Belacevic",
                "related_player_id": null,
                "related_player_name": null,
                "minute": 59,
                "extra_minute": null,
                "reason": null,
                "injuried": null,
                "result": null
            },
            {
                "id": 8442761,
                "team_id": "6791",
                "type": "substitution",
                "fixture_id": 330191,
                "player_id": 144730,
                "player_name": "C. Reyna",
                "related_player_id": 144657,
                "related_player_name": "I. Adeshina",
                "minute": 60,
                "extra_minute": null,
                "reason": null,
                "injuried": null,
                "result": null
            },
            {
                "id": 8442706,
                "team_id": "6791",
                "type": "penalty",
                "fixture_id": 330191,
                "player_id": 142791,
                "player_name": "A. Cohen",
                "related_player_id": null,
                "related_player_name": null,
                "minute": 62,
                "extra_minute": null,
                "reason": null,
                "injuried": null,
                "result": null
            },
            {
                "id": 8442721,
                "team_id": "6791",
                "type": "yellowcard",
                "fixture_id": 330191,
                "player_id": 144060,
                "player_name": "Jacob Borg",
                "related_player_id": null,
                "related_player_name": null,
                "minute": 67,
                "extra_minute": null,
                "reason": null,
                "injuried": null,
                "result": null
            },
            {
                "id": 8442736,
                "team_id": "6791",
                "type": "yellowcard",
                "fixture_id": 330191,
                "player_id": 124499,
                "player_name": "L. Zomé",
                "related_player_id": null,
                "related_player_name": null,
                "minute": 75,
                "extra_minute": null,
                "reason": null,
                "injuried": null,
                "result": null
            },
            {
                "id": 8442783,
                "team_id": "5425",
                "type": "substitution",
                "fixture_id": 330191,
                "player_id": 144456,
                "player_name": "K. Nwoko",
                "related_player_id": 144122,
                "related_player_name": "A. Friggieri",
                "minute": 79,
                "extra_minute": null,
                "reason": null,
                "injuried": null,
                "result": null
            },
            {
                "id": 8442714,
                "team_id": "6791",
                "type": "goal",
                "fixture_id": 330191,
                "player_id": 144537,
                "player_name": "J. Corbalan",
                "related_player_id": null,
                "related_player_name": null,
                "minute": 85,
                "extra_minute": null,
                "reason": null,
                "injuried": null,
                "result": null
            },
            {
                "id": 8442769,
                "team_id": "6791",
                "type": "substitution",
                "fixture_id": 330191,
                "player_id": 144652,
                "player_name": "Z. Scerri",
                "related_player_id": 144537,
                "related_player_name": "J. Corbalan",
                "minute": 88,
                "extra_minute": null,
                "reason": null,
                "injuried": null,
                "result": null
            },
            {
                "id": 8442794,
                "team_id": "5425",
                "type": "substitution",
                "fixture_id": 330191,
                "player_id": 144611,
                "player_name": "J. Walker",
                "related_player_id": 143744,
                "related_player_name": "G. Mckay",
                "minute": 88,
                "extra_minute": null,
                "reason": null,
                "injuried": null,
                "result": null
            },
            {
                "id": 8442776,
                "team_id": "6791",
                "type": "substitution",
                "fixture_id": 330191,
                "player_id": 144732,
                "player_name": "E. Amaira",
                "related_player_id": 142791,
                "related_player_name": "A. Cohen",
                "minute": 90,
                "extra_minute": null,
                "reason": null,
                "injuried": null,
                "result": null
            }
        ]
    },
    "odds": {
        "data": []
    }
}