{
    "id": 10411843,
    "league_id": 420,
    "season_id": 13029,
    "stage_id": 7743138,
    "round_id": 153277,
    "group_id": null,
    "aggregate_id": null,
    "venue_id": 7824,
    "referee_id": null,
    "localteam_id": 6791,
    "visitorteam_id": 10462,
    "winner_team_id": 6791,
    "weather_report": {
        "code": "clouds",
        "type": "few clouds",
        "icon": "https://cdn.sportmonks.com/images/weather/02d.png",
        "temperature": {
            "temp": 60.8,
            "unit": "fahrenheit"
        },
        "clouds": "20%",
        "humidity": "82%",
        "pressure": 1026,
        "wind": {
            "speed": "14.99 m/s",
            "degree": 250
        }
    },
    "commentaries": null,
    "attendance": null,
    "pitch": "Good",
    "details": null,
    "neutral_venue": false,
    "winning_odds_calculated": true,
    "formations": {
        "localteam_formation": null,
        "visitorteam_formation": null
    },
    "scores": {
        "localteam_score": 3,
        "visitorteam_score": 1,
        "localteam_pen_score": null,
        "visitorteam_pen_score": null,
        "ht_score": "1-1",
        "ft_score": "3-1",
        "et_score": null
    },
    "time": {
        "status": "FT",
        "starting_at": {
            "date_time": "2019-03-09 15:00:00",
            "date": "2019-03-09",
            "time": "15:00:00",
            "timestamp": 1552143600,
            "timezone": "UTC"
        },
        "minute": 88,
        "second": 27,
        "added_time": 0,
        "extra_minute": null,
        "injury_time": 4
    },
    "coaches": {
        "localteam_coach_id": 31314971,
        "visitorteam_coach_id": 43981
    },
    "standings": {
        "localteam_position": 3,
        "visitorteam_position": 12
    },
    "assistants": {
        "first_assistant_id": null,
        "second_assistant_id": null,
        "fourth_official_id": null
    },
    "leg": "1/1",
    "colors": {
        "localteam": {
            "color": null,
            "kit_colors": null
        },
        "visitorteam": {
            "color": null,
            "kit_colors": null
        }
    },
    "deleted": false,
    "localTeam": {
        "data": {
            "id": 6791,
            "legacy_id": 2451,
            "name": "Gzira United",
            "short_code": null,
            "twitter": null,
            "country_id": 2756,
            "national_team": false,
            "founded": 1947,
            "logo_path": "https://cdn.sportmonks.com/images//soccer/teams/7/6791.png",
            "venue_id": 4453,
            "current_season_id": 13029
        }
    },
    "visitorTeam": {
        "data": {
            "id": 10462,
            "legacy_id": null,
            "name": "Senglea Athletic",
            "short_code": null,
            "twitter": null,
            "country_id": 2756,
            "national_team": false,
            "founded": 0,
            "logo_path": "https://cdn.sportmonks.com/images//soccer/teams/30/10462.png",
            "venue_id": 4453,
            "current_season_id": 13029
        }
    },
    "league": {
        "data": {
            "id": 420,
            "active": true,
            "type": "domestic",
            "legacy_id": 152,
            "country_id": 2756,
            "logo_path": null,
            "name": "Premier League",
            "is_cup": false,
            "current_season_id": 16283,
            "current_round_id": 181738,
            "current_stage_id": 77444896,
            "live_standings": true,
            "coverage": {
                "predictions": 1,
                "topscorer_goals": false,
                "topscorer_assists": false,
                "topscorer_cards": false
            }
        }
    },
    "events": {
        "data": [
            {
                "id": 10411843001,
                "team_id": "6791",
                "type": "yellowcard",
                "fixture_id": 10411843,
                "player_id": 144652,
                "player_name": "Z. Scerri",
                "related_player_id": null,
                "related_player_name": null,
                "minute": 14,
                "extra_minute": null,
                "reason": null,
                "injuried": null,
                "result": null
            },
            {
                "id": 10411843002,
                "team_id": "6791",
                "type": "goal",
                "fixture_id": 10411843,
                "player_id": 139066,
                "player_name": "H. Garba",
                "related_player_id": null,
                "related_player_name": null,
                "minute": 15,
                "extra_minute": null,
                "reason": null,
                "injuried": null,
                "result": "1-0"
            },
            {
                "id": 10411843003,
                "team_id": "6791",
                "type": "substitution",
                "fixture_id": 10411843,
                "player_id": 77694,
                "player_name": "J. Mengolo",
                "related_player_id": 142852,
                "related_player_name": "R. Briffa",
                "minute": 31,
                "extra_minute": null,
                "reason": null,
                "injuried": null,
                "result": null
            },
            {
                "id": 10411843007,
                "team_id": "10462",
                "type": "yellowcard",
                "fixture_id": 10411843,
                "player_id": 5666676,
                "player_name": "G. Leyton",
                "related_player_id": null,
                "related_player_name": null,
                "minute": 45,
                "extra_minute": 3,
                "reason": null,
                "injuried": null,
                "result": null
            },
            {
                "id": 10411843004,
                "team_id": "10462",
                "type": "goal",
                "fixture_id": 10411843,
                "player_id": 3187826,
                "player_name": "A. Cáseres",
                "related_player_id": null,
                "related_player_name": null,
                "minute": 45,
                "extra_minute": null,
                "reason": null,
                "injuried": null,
                "result": "1-1"
            },
            {
                "id": 10411843005,
                "team_id": "6791",
                "type": "substitution",
                "fixture_id": 10411843,
                "player_id": 144738,
                "player_name": "G. Conti",
                "related_player_id": 143258,
                "related_player_name": "Rodolfo Soares",
                "minute": 46,
                "extra_minute": null,
                "reason": null,
                "injuried": null,
                "result": null
            },
            {
                "id": 10411843006,
                "team_id": "6791",
                "type": "goal",
                "fixture_id": 10411843,
                "player_id": 77694,
                "player_name": "J. Mengolo",
                "related_player_id": null,
                "related_player_name": null,
                "minute": 47,
                "extra_minute": null,
                "reason": null,
                "injuried": null,
                "result": "2-1"
            },
            {
                "id": 10411843008,
                "team_id": "10462",
                "type": "substitution",
                "fixture_id": 10411843,
                "player_id": 465587,
                "player_name": "G. Camilleri",
                "related_player_id": 154319,
                "related_player_name": "E. Sidqy",
                "minute": 64,
                "extra_minute": null,
                "reason": null,
                "injuried": null,
                "result": null
            },
            {
                "id": 10411843009,
                "team_id": "10462",
                "type": "substitution",
                "fixture_id": 10411843,
                "player_id": 144599,
                "player_name": "K. Cutajar",
                "related_player_id": 457957,
                "related_player_name": "Z. Cassar",
                "minute": 77,
                "extra_minute": null,
                "reason": null,
                "injuried": null,
                "result": null
            },
            {
                "id": 10411843010,
                "team_id": "6791",
                "type": "goal",
                "fixture_id": 10411843,
                "player_id": 139066,
                "player_name": "H. Garba",
                "related_player_id": null,
                "related_player_name": null,
                "minute": 78,
                "extra_minute": null,
                "reason": null,
                "injuried": null,
                "result": "3-1"
            },
            {
                "id": 10411843011,
                "team_id": "10462",
                "type": "substitution",
                "fixture_id": 10411843,
                "player_id": 26328651,
                "player_name": "L. Mallia",
                "related_player_id": 524528,
                "related_player_name": "C. Sammut",
                "minute": 85,
                "extra_minute": null,
                "reason": null,
                "injuried": null,
                "result": null
            },
            {
                "id": 10411843012,
                "team_id": "6791",
                "type": "substitution",
                "fixture_id": 10411843,
                "player_id": 13980931,
                "player_name": "M. Lamlun",
                "related_player_id": 142791,
                "related_player_name": "A. Cohen",
                "minute": 90,
                "extra_minute": null,
                "reason": null,
                "injuried": null,
                "result": null
            }
        ]
    },
    "odds": {
        "data": []
    }
}