{
    "id": 330231,
    "league_id": 420,
    "season_id": 793,
    "stage_id": 1457,
    "round_id": 26300,
    "group_id": null,
    "aggregate_id": null,
    "venue_id": 7824,
    "referee_id": null,
    "localteam_id": 6791,
    "visitorteam_id": 9969,
    "winner_team_id": 6791,
    "weather_report": null,
    "commentaries": false,
    "attendance": null,
    "pitch": null,
    "details": null,
    "neutral_venue": false,
    "winning_odds_calculated": true,
    "formations": {
        "localteam_formation": null,
        "visitorteam_formation": null
    },
    "scores": {
        "localteam_score": 1,
        "visitorteam_score": 0,
        "localteam_pen_score": null,
        "visitorteam_pen_score": null,
        "ht_score": "0-0",
        "ft_score": "1-0",
        "et_score": null
    },
    "time": {
        "status": "FT",
        "starting_at": {
            "date_time": "2017-02-25 13:00:00",
            "date": "2017-02-25",
            "time": "13:00:00",
            "timestamp": 1488027600,
            "timezone": "UTC"
        },
        "minute": 90,
        "second": null,
        "added_time": null,
        "extra_minute": null,
        "injury_time": null
    },
    "coaches": {
        "localteam_coach_id": null,
        "visitorteam_coach_id": null
    },
    "standings": {
        "localteam_position": null,
        "visitorteam_position": null
    },
    "assistants": {
        "first_assistant_id": null,
        "second_assistant_id": null,
        "fourth_official_id": null
    },
    "leg": null,
    "colors": null,
    "deleted": false,
    "localTeam": {
        "data": {
            "id": 6791,
            "legacy_id": 2451,
            "name": "Gzira United",
            "short_code": null,
            "twitter": null,
            "country_id": 2756,
            "national_team": false,
            "founded": 1947,
            "logo_path": "https://cdn.sportmonks.com/images//soccer/teams/7/6791.png",
            "venue_id": 4453,
            "current_season_id": 13029
        }
    },
    "visitorTeam": {
        "data": {
            "id": 9969,
            "legacy_id": 1725,
            "name": "Tarxien Rainbows",
            "short_code": null,
            "twitter": null,
            "country_id": 2756,
            "national_team": false,
            "founded": 1944,
            "logo_path": "https://cdn.sportmonks.com/images//soccer/teams/17/9969.png",
            "venue_id": 6550,
            "current_season_id": 13029
        }
    },
    "league": {
        "data": {
            "id": 420,
            "active": true,
            "type": "domestic",
            "legacy_id": 152,
            "country_id": 2756,
            "logo_path": null,
            "name": "Premier League",
            "is_cup": false,
            "current_season_id": 16283,
            "current_round_id": 181738,
            "current_stage_id": 77444896,
            "live_standings": true,
            "coverage": {
                "predictions": 1,
                "topscorer_goals": false,
                "topscorer_assists": false,
                "topscorer_cards": false
            }
        }
    },
    "events": {
        "data": [
            {
                "id": 8442942,
                "team_id": "6791",
                "type": "yellowcard",
                "fixture_id": 330231,
                "player_id": 143204,
                "player_name": "Moises Perez",
                "related_player_id": null,
                "related_player_name": null,
                "minute": 41,
                "extra_minute": null,
                "reason": null,
                "injuried": null,
                "result": null
            },
            {
                "id": 8442958,
                "team_id": "9969",
                "type": "yellowcard",
                "fixture_id": 330231,
                "player_id": 144089,
                "player_name": "Marcelina Emerson",
                "related_player_id": null,
                "related_player_name": null,
                "minute": 42,
                "extra_minute": null,
                "reason": null,
                "injuried": null,
                "result": null
            },
            {
                "id": 8442973,
                "team_id": "9969",
                "type": "yellowcard",
                "fixture_id": 330231,
                "player_id": 144447,
                "player_name": "Lecão",
                "related_player_id": null,
                "related_player_name": null,
                "minute": 45,
                "extra_minute": null,
                "reason": null,
                "injuried": null,
                "result": null
            },
            {
                "id": 8442965,
                "team_id": "9969",
                "type": "yellowcard",
                "fixture_id": 330231,
                "player_id": 143333,
                "player_name": "A. Azzopardi",
                "related_player_id": null,
                "related_player_name": null,
                "minute": 58,
                "extra_minute": null,
                "reason": null,
                "injuried": null,
                "result": null
            },
            {
                "id": 8443011,
                "team_id": "9969",
                "type": "substitution",
                "fixture_id": 330231,
                "player_id": 143386,
                "player_name": "J. Galea",
                "related_player_id": 143333,
                "related_player_name": "A. Azzopardi",
                "minute": 64,
                "extra_minute": null,
                "reason": null,
                "injuried": null,
                "result": null
            },
            {
                "id": 8443019,
                "team_id": "9969",
                "type": "substitution",
                "fixture_id": 330231,
                "player_id": 144585,
                "player_name": "Sergio Prendes",
                "related_player_id": 142858,
                "related_player_name": "T. Caruana",
                "minute": 64,
                "extra_minute": null,
                "reason": null,
                "injuried": null,
                "result": null
            },
            {
                "id": 8442987,
                "team_id": "6791",
                "type": "substitution",
                "fixture_id": 330231,
                "player_id": 144730,
                "player_name": "C. Reyna",
                "related_player_id": 124499,
                "related_player_name": "L. Zomé",
                "minute": 68,
                "extra_minute": null,
                "reason": null,
                "injuried": null,
                "result": null
            },
            {
                "id": 8442979,
                "team_id": "9969",
                "type": "yellowred",
                "fixture_id": 330231,
                "player_id": 144447,
                "player_name": "Lecão",
                "related_player_id": null,
                "related_player_name": null,
                "minute": 77,
                "extra_minute": null,
                "reason": null,
                "injuried": null,
                "result": null
            },
            {
                "id": 8443027,
                "team_id": "9969",
                "type": "substitution",
                "fixture_id": 330231,
                "player_id": 144676,
                "player_name": "D. Micallef",
                "related_player_id": 114284,
                "related_player_name": "Dani Ponce",
                "minute": 77,
                "extra_minute": null,
                "reason": null,
                "injuried": null,
                "result": null
            },
            {
                "id": 8442995,
                "team_id": "6791",
                "type": "substitution",
                "fixture_id": 330231,
                "player_id": 144657,
                "player_name": "I. Adeshina",
                "related_player_id": 144060,
                "related_player_name": "Jacob Borg",
                "minute": 81,
                "extra_minute": null,
                "reason": null,
                "injuried": null,
                "result": null
            },
            {
                "id": 8442937,
                "team_id": "6791",
                "type": "goal",
                "fixture_id": 330231,
                "player_id": 143204,
                "player_name": "Moises Perez",
                "related_player_id": null,
                "related_player_name": null,
                "minute": 83,
                "extra_minute": null,
                "reason": null,
                "injuried": null,
                "result": null
            },
            {
                "id": 8442950,
                "team_id": "9969",
                "type": "yellowcard",
                "fixture_id": 330231,
                "player_id": 143062,
                "player_name": "S. Borg",
                "related_player_id": null,
                "related_player_name": null,
                "minute": 84,
                "extra_minute": null,
                "reason": null,
                "injuried": null,
                "result": null
            },
            {
                "id": 8443003,
                "team_id": "6791",
                "type": "substitution",
                "fixture_id": 330231,
                "player_id": 143034,
                "player_name": "K. Pulo",
                "related_player_id": 142791,
                "related_player_name": "A. Cohen",
                "minute": 88,
                "extra_minute": null,
                "reason": null,
                "injuried": null,
                "result": null
            }
        ]
    },
    "odds": {
        "data": []
    }
}