{
    "id": 330391,
    "league_id": 420,
    "season_id": 793,
    "stage_id": 1457,
    "round_id": 26304,
    "group_id": null,
    "aggregate_id": null,
    "venue_id": 7824,
    "referee_id": null,
    "localteam_id": 6791,
    "visitorteam_id": 5231,
    "winner_team_id": 6791,
    "weather_report": null,
    "commentaries": false,
    "attendance": null,
    "pitch": null,
    "details": null,
    "neutral_venue": false,
    "winning_odds_calculated": true,
    "formations": {
        "localteam_formation": null,
        "visitorteam_formation": null
    },
    "scores": {
        "localteam_score": 5,
        "visitorteam_score": 1,
        "localteam_pen_score": null,
        "visitorteam_pen_score": null,
        "ht_score": "2-0",
        "ft_score": "5-1",
        "et_score": null
    },
    "time": {
        "status": "FT",
        "starting_at": {
            "date_time": "2017-04-01 14:00:00",
            "date": "2017-04-01",
            "time": "14:00:00",
            "timestamp": 1491055200,
            "timezone": "UTC"
        },
        "minute": 90,
        "second": null,
        "added_time": null,
        "extra_minute": null,
        "injury_time": null
    },
    "coaches": {
        "localteam_coach_id": null,
        "visitorteam_coach_id": null
    },
    "standings": {
        "localteam_position": null,
        "visitorteam_position": null
    },
    "assistants": {
        "first_assistant_id": null,
        "second_assistant_id": null,
        "fourth_official_id": null
    },
    "leg": null,
    "colors": null,
    "deleted": false,
    "localTeam": {
        "data": {
            "id": 6791,
            "legacy_id": 2451,
            "name": "Gzira United",
            "short_code": null,
            "twitter": null,
            "country_id": 2756,
            "national_team": false,
            "founded": 1947,
            "logo_path": "https://cdn.sportmonks.com/images//soccer/teams/7/6791.png",
            "venue_id": 4453,
            "current_season_id": 13029
        }
    },
    "visitorTeam": {
        "data": {
            "id": 5231,
            "legacy_id": null,
            "name": "Pembroke Athleta",
            "short_code": null,
            "twitter": null,
            "country_id": 2756,
            "national_team": false,
            "founded": 1994,
            "logo_path": "https://cdn.sportmonks.com/images//soccer/teams/15/5231.png",
            "venue_id": 3483,
            "current_season_id": 13035
        }
    },
    "league": {
        "data": {
            "id": 420,
            "active": true,
            "type": "domestic",
            "legacy_id": 152,
            "country_id": 2756,
            "logo_path": null,
            "name": "Premier League",
            "is_cup": false,
            "current_season_id": 16283,
            "current_round_id": 181738,
            "current_stage_id": 77444896,
            "live_standings": true,
            "coverage": {
                "predictions": 1,
                "topscorer_goals": false,
                "topscorer_assists": false,
                "topscorer_cards": false
            }
        }
    },
    "events": {
        "data": [
            {
                "id": 8443773,
                "team_id": "6791",
                "type": "goal",
                "fixture_id": 330391,
                "player_id": 144738,
                "player_name": "G. Conti",
                "related_player_id": null,
                "related_player_name": null,
                "minute": 5,
                "extra_minute": null,
                "reason": null,
                "injuried": null,
                "result": null
            },
            {
                "id": 8443781,
                "team_id": "6791",
                "type": "penalty",
                "fixture_id": 330391,
                "player_id": 142791,
                "player_name": "A. Cohen",
                "related_player_id": null,
                "related_player_name": null,
                "minute": 20,
                "extra_minute": null,
                "reason": null,
                "injuried": null,
                "result": null
            },
            {
                "id": 8443791,
                "team_id": "5231",
                "type": "goal",
                "fixture_id": 330391,
                "player_id": 49656,
                "player_name": "S. Račić",
                "related_player_id": null,
                "related_player_name": null,
                "minute": 66,
                "extra_minute": null,
                "reason": null,
                "injuried": null,
                "result": null
            },
            {
                "id": 8443799,
                "team_id": "6791",
                "type": "goal",
                "fixture_id": 330391,
                "player_id": 144730,
                "player_name": "C. Reyna",
                "related_player_id": null,
                "related_player_name": null,
                "minute": 71,
                "extra_minute": null,
                "reason": null,
                "injuried": null,
                "result": null
            },
            {
                "id": 8443807,
                "team_id": "6791",
                "type": "goal",
                "fixture_id": 330391,
                "player_id": 144730,
                "player_name": "C. Reyna",
                "related_player_id": null,
                "related_player_name": null,
                "minute": 73,
                "extra_minute": null,
                "reason": null,
                "injuried": null,
                "result": null
            },
            {
                "id": 8443818,
                "team_id": "6791",
                "type": "goal",
                "fixture_id": 330391,
                "player_id": 144730,
                "player_name": "C. Reyna",
                "related_player_id": null,
                "related_player_name": null,
                "minute": 80,
                "extra_minute": null,
                "reason": null,
                "injuried": null,
                "result": null
            }
        ]
    },
    "odds": {
        "data": []
    }
}