{
    "id": 10411832,
    "league_id": 420,
    "season_id": 13029,
    "stage_id": 7743138,
    "round_id": 153275,
    "group_id": null,
    "aggregate_id": null,
    "venue_id": 974,
    "referee_id": null,
    "localteam_id": 6791,
    "visitorteam_id": 1877,
    "winner_team_id": null,
    "weather_report": null,
    "commentaries": null,
    "attendance": null,
    "pitch": "Excellent",
    "details": null,
    "neutral_venue": false,
    "winning_odds_calculated": true,
    "formations": {
        "localteam_formation": null,
        "visitorteam_formation": null
    },
    "scores": {
        "localteam_score": 1,
        "visitorteam_score": 1,
        "localteam_pen_score": null,
        "visitorteam_pen_score": null,
        "ht_score": "0-0",
        "ft_score": "1-1",
        "et_score": null
    },
    "time": {
        "status": "FT",
        "starting_at": {
            "date_time": "2019-02-17 15:00:00",
            "date": "2019-02-17",
            "time": "15:00:00",
            "timestamp": 1550415600,
            "timezone": "UTC"
        },
        "minute": 90,
        "second": null,
        "added_time": 3,
        "extra_minute": null,
        "injury_time": 1
    },
    "coaches": {
        "localteam_coach_id": 464682,
        "visitorteam_coach_id": 30457973
    },
    "standings": {
        "localteam_position": 3,
        "visitorteam_position": 6
    },
    "assistants": {
        "first_assistant_id": null,
        "second_assistant_id": null,
        "fourth_official_id": null
    },
    "leg": "1/1",
    "colors": {
        "localteam": {
            "color": null,
            "kit_colors": null
        },
        "visitorteam": {
            "color": null,
            "kit_colors": null
        }
    },
    "deleted": false,
    "localTeam": {
        "data": {
            "id": 6791,
            "legacy_id": 2451,
            "name": "Gzira United",
            "short_code": null,
            "twitter": null,
            "country_id": 2756,
            "national_team": false,
            "founded": 1947,
            "logo_path": "https://cdn.sportmonks.com/images//soccer/teams/7/6791.png",
            "venue_id": 4453,
            "current_season_id": 13029
        }
    },
    "visitorTeam": {
        "data": {
            "id": 1877,
            "legacy_id": 1715,
            "name": "Birkirkara",
            "short_code": null,
            "twitter": null,
            "country_id": 2756,
            "national_team": false,
            "founded": 1950,
            "logo_path": "https://cdn.sportmonks.com/images//soccer/teams/21/1877.png",
            "venue_id": 332558,
            "current_season_id": 13029
        }
    },
    "league": {
        "data": {
            "id": 420,
            "active": true,
            "type": "domestic",
            "legacy_id": 152,
            "country_id": 2756,
            "logo_path": null,
            "name": "Premier League",
            "is_cup": false,
            "current_season_id": 16283,
            "current_round_id": 181738,
            "current_stage_id": 77444896,
            "live_standings": true,
            "coverage": {
                "predictions": 1,
                "topscorer_goals": false,
                "topscorer_assists": false,
                "topscorer_cards": false
            }
        }
    },
    "events": {
        "data": [
            {
                "id": 10411832001,
                "team_id": "1877",
                "type": "yellowcard",
                "fixture_id": 10411832,
                "player_id": 18923751,
                "player_name": "Eduardo Mancha",
                "related_player_id": null,
                "related_player_name": null,
                "minute": 4,
                "extra_minute": null,
                "reason": null,
                "injuried": null,
                "result": null
            },
            {
                "id": 10411832002,
                "team_id": "6791",
                "type": "yellowcard",
                "fixture_id": 10411832,
                "player_id": 143258,
                "player_name": "Rodolfo Soares",
                "related_player_id": 222574,
                "related_player_name": null,
                "minute": 8,
                "extra_minute": null,
                "reason": null,
                "injuried": null,
                "result": null
            },
            {
                "id": 10411832003,
                "team_id": "1877",
                "type": "substitution",
                "fixture_id": 10411832,
                "player_id": 144105,
                "player_name": "C. Attard",
                "related_player_id": 222574,
                "related_player_name": "Thiago Brito",
                "minute": 17,
                "extra_minute": null,
                "reason": null,
                "injuried": null,
                "result": null
            },
            {
                "id": 10411832004,
                "team_id": "1877",
                "type": "yellowcard",
                "fixture_id": 10411832,
                "player_id": 144612,
                "player_name": "M. Guillaumier",
                "related_player_id": null,
                "related_player_name": null,
                "minute": 52,
                "extra_minute": null,
                "reason": null,
                "injuried": null,
                "result": null
            },
            {
                "id": 10411832005,
                "team_id": "1877",
                "type": "goal",
                "fixture_id": 10411832,
                "player_id": 143790,
                "player_name": "L. Montebello",
                "related_player_id": null,
                "related_player_name": null,
                "minute": 54,
                "extra_minute": null,
                "reason": null,
                "injuried": null,
                "result": "0-1"
            },
            {
                "id": 10411832006,
                "team_id": "6791",
                "type": "goal",
                "fixture_id": 10411832,
                "player_id": 77694,
                "player_name": "J. Mengolo",
                "related_player_id": 144612,
                "related_player_name": null,
                "minute": 59,
                "extra_minute": null,
                "reason": null,
                "injuried": null,
                "result": "1-1"
            },
            {
                "id": 10411832007,
                "team_id": "1877",
                "type": "substitution",
                "fixture_id": 10411832,
                "player_id": 113514,
                "player_name": "Jorginho",
                "related_player_id": 144612,
                "related_player_name": "M. Guillaumier",
                "minute": 62,
                "extra_minute": null,
                "reason": null,
                "injuried": null,
                "result": null
            },
            {
                "id": 10411832008,
                "team_id": "6791",
                "type": "substitution",
                "fixture_id": 10411832,
                "player_id": 3181432,
                "player_name": "N. Muscat",
                "related_player_id": 144652,
                "related_player_name": "Z. Scerri",
                "minute": 68,
                "extra_minute": null,
                "reason": null,
                "injuried": null,
                "result": null
            },
            {
                "id": 10411832009,
                "team_id": "6791",
                "type": "substitution",
                "fixture_id": 10411832,
                "player_id": 4598939,
                "player_name": "S. Domoraud Operi",
                "related_player_id": 7708975,
                "related_player_name": "J. Corbolan",
                "minute": 80,
                "extra_minute": null,
                "reason": null,
                "injuried": null,
                "result": null
            },
            {
                "id": 10411832010,
                "team_id": "6791",
                "type": "yellowcard",
                "fixture_id": 10411832,
                "player_id": null,
                "player_name": null,
                "related_player_id": null,
                "related_player_name": null,
                "minute": 85,
                "extra_minute": null,
                "reason": null,
                "injuried": null,
                "result": null
            },
            {
                "id": 10411832011,
                "team_id": "6791",
                "type": "yellowcard",
                "fixture_id": 10411832,
                "player_id": 77694,
                "player_name": "J. Mengolo",
                "related_player_id": null,
                "related_player_name": null,
                "minute": 90,
                "extra_minute": null,
                "reason": null,
                "injuried": null,
                "result": null
            }
        ]
    },
    "odds": {
        "data": []
    }
}