{
    "id": 10411854,
    "league_id": 420,
    "season_id": 13029,
    "stage_id": 7743138,
    "round_id": 153279,
    "group_id": null,
    "aggregate_id": null,
    "venue_id": 974,
    "referee_id": null,
    "localteam_id": 295,
    "visitorteam_id": 8688,
    "winner_team_id": 295,
    "weather_report": null,
    "commentaries": null,
    "attendance": null,
    "pitch": null,
    "details": null,
    "neutral_venue": false,
    "winning_odds_calculated": true,
    "formations": {
        "localteam_formation": null,
        "visitorteam_formation": null
    },
    "scores": {
        "localteam_score": 2,
        "visitorteam_score": 1,
        "localteam_pen_score": null,
        "visitorteam_pen_score": null,
        "ht_score": "1-0",
        "ft_score": "2-1",
        "et_score": null
    },
    "time": {
        "status": "FT",
        "starting_at": {
            "date_time": "2019-03-29 18:00:00",
            "date": "2019-03-29",
            "time": "18:00:00",
            "timestamp": 1553882400,
            "timezone": "UTC"
        },
        "minute": 90,
        "second": null,
        "added_time": null,
        "extra_minute": null,
        "injury_time": 4
    },
    "coaches": {
        "localteam_coach_id": null,
        "visitorteam_coach_id": null
    },
    "standings": {
        "localteam_position": 5,
        "visitorteam_position": 13
    },
    "assistants": {
        "first_assistant_id": null,
        "second_assistant_id": null,
        "fourth_official_id": null
    },
    "leg": "1/1",
    "colors": null,
    "deleted": false,
    "localTeam": {
        "data": {
            "id": 295,
            "legacy_id": 8152,
            "name": "Hamrun Spartans",
            "short_code": null,
            "twitter": null,
            "country_id": 2756,
            "national_team": false,
            "founded": 1907,
            "logo_path": "https://cdn.sportmonks.com/images//soccer/teams/7/295.png",
            "venue_id": 5052,
            "current_season_id": 13029
        }
    },
    "visitorTeam": {
        "data": {
            "id": 8688,
            "legacy_id": 1722,
            "name": "Qormi",
            "short_code": null,
            "twitter": null,
            "country_id": 2756,
            "national_team": false,
            "founded": 1961,
            "logo_path": "https://cdn.sportmonks.com/images//soccer/teams/16/8688.png",
            "venue_id": 182891,
            "current_season_id": 13029
        }
    },
    "league": {
        "data": {
            "id": 420,
            "active": true,
            "type": "domestic",
            "legacy_id": 152,
            "country_id": 2756,
            "logo_path": null,
            "name": "Premier League",
            "is_cup": false,
            "current_season_id": 16283,
            "current_round_id": 181738,
            "current_stage_id": 77444896,
            "live_standings": true,
            "coverage": {
                "predictions": 1,
                "topscorer_goals": false,
                "topscorer_assists": false,
                "topscorer_cards": false
            }
        }
    },
    "events": {
        "data": [
            {
                "id": 10411854001,
                "team_id": "295",
                "type": "yellowcard",
                "fixture_id": 10411854,
                "player_id": 21772778,
                "player_name": "F. Marra",
                "related_player_id": null,
                "related_player_name": null,
                "minute": 17,
                "extra_minute": null,
                "reason": null,
                "injuried": null,
                "result": null
            },
            {
                "id": 10411854002,
                "team_id": "295",
                "type": "goal",
                "fixture_id": 10411854,
                "player_id": 12865,
                "player_name": "W. Domoraud",
                "related_player_id": null,
                "related_player_name": null,
                "minute": 25,
                "extra_minute": null,
                "reason": null,
                "injuried": null,
                "result": "1-0"
            },
            {
                "id": 10411854003,
                "team_id": "8688",
                "type": "substitution",
                "fixture_id": 10411854,
                "player_id": 22897167,
                "player_name": "F. Gnindokponou",
                "related_player_id": 466836,
                "related_player_name": "T. Gusman",
                "minute": 54,
                "extra_minute": null,
                "reason": null,
                "injuried": null,
                "result": null
            },
            {
                "id": 10411854004,
                "team_id": "295",
                "type": "substitution",
                "fixture_id": 10411854,
                "player_id": 144076,
                "player_name": "C. Borg",
                "related_player_id": 21772778,
                "related_player_name": "F. Marra",
                "minute": 54,
                "extra_minute": null,
                "reason": null,
                "injuried": null,
                "result": null
            },
            {
                "id": 10411854005,
                "team_id": "8688",
                "type": "goal",
                "fixture_id": 10411854,
                "player_id": 466838,
                "player_name": "Y. Yankam",
                "related_player_id": null,
                "related_player_name": null,
                "minute": 56,
                "extra_minute": null,
                "reason": null,
                "injuried": null,
                "result": "1-1"
            },
            {
                "id": 10411854006,
                "team_id": "8688",
                "type": "yellowcard",
                "fixture_id": 10411854,
                "player_id": 143393,
                "player_name": "A. Abela",
                "related_player_id": null,
                "related_player_name": null,
                "minute": 59,
                "extra_minute": null,
                "reason": null,
                "injuried": null,
                "result": null
            },
            {
                "id": 10411854007,
                "team_id": "8688",
                "type": "yellowcard",
                "fixture_id": 10411854,
                "player_id": 29294408,
                "player_name": "Lucas Santana",
                "related_player_id": null,
                "related_player_name": null,
                "minute": 62,
                "extra_minute": null,
                "reason": null,
                "injuried": null,
                "result": null
            },
            {
                "id": 10411854008,
                "team_id": "295",
                "type": "yellowcard",
                "fixture_id": 10411854,
                "player_id": 142858,
                "player_name": "T. Caruana",
                "related_player_id": null,
                "related_player_name": null,
                "minute": 66,
                "extra_minute": null,
                "reason": null,
                "injuried": null,
                "result": null
            },
            {
                "id": 10411854009,
                "team_id": "295",
                "type": "penalty",
                "fixture_id": 10411854,
                "player_id": 127731,
                "player_name": "Calil",
                "related_player_id": null,
                "related_player_name": null,
                "minute": 69,
                "extra_minute": null,
                "reason": null,
                "injuried": null,
                "result": "2-1"
            },
            {
                "id": 10411854010,
                "team_id": "8688",
                "type": "substitution",
                "fixture_id": 10411854,
                "player_id": 466834,
                "player_name": "I. Zammit",
                "related_player_id": 144575,
                "related_player_name": "Mateus Régis",
                "minute": 71,
                "extra_minute": null,
                "reason": null,
                "injuried": null,
                "result": null
            },
            {
                "id": 10411854011,
                "team_id": "8688",
                "type": "substitution",
                "fixture_id": 10411854,
                "player_id": 20420176,
                "player_name": "L. Busuttil",
                "related_player_id": 143393,
                "related_player_name": "A. Abela",
                "minute": 82,
                "extra_minute": null,
                "reason": null,
                "injuried": null,
                "result": null
            },
            {
                "id": 10411854012,
                "team_id": "295",
                "type": "substitution",
                "fixture_id": 10411854,
                "player_id": 142922,
                "player_name": "R. Darmanin",
                "related_player_id": 396044,
                "related_player_name": "C. Henneberg",
                "minute": 88,
                "extra_minute": null,
                "reason": null,
                "injuried": null,
                "result": null
            },
            {
                "id": 10411854013,
                "team_id": "8688",
                "type": "yellowcard",
                "fixture_id": 10411854,
                "player_id": 23717012,
                "player_name": "M. Bangoura",
                "related_player_id": null,
                "related_player_name": null,
                "minute": 90,
                "extra_minute": null,
                "reason": null,
                "injuried": null,
                "result": null
            }
        ]
    },
    "odds": {
        "data": [
            {
                "id": 12,
                "name": "Over/Under",
                "suspended": false,
                "bookmaker": {
                    "data": [
                        {
                            "id": 2,
                            "name": "bet365",
                            "odds": {
                                "data": [
                                    {
                                        "label": "Over",
                                        "value": "1.85",
                                        "probability": "54.05%",
                                        "dp3": "1.850",
                                        "american": -118,
                                        "factional": null,
                                        "handicap": null,
                                        "total": "2.5",
                                        "winning": true,
                                        "last_update": {
                                            "date": "2019-03-29 18:47:49.531163",
                                            "timezone_type": 3,
                                            "timezone": "UTC"
                                        }
                                    },
                                    {
                                        "label": "Under",
                                        "value": "1.95",
                                        "probability": "51.28%",
                                        "dp3": "1.950",
                                        "american": -106,
                                        "factional": null,
                                        "handicap": null,
                                        "total": "2.5",
                                        "winning": false,
                                        "last_update": {
                                            "date": "2019-03-29 18:47:49.531179",
                                            "timezone_type": 3,
                                            "timezone": "UTC"
                                        }
                                    }
                                ]
                            }
                        }
                    ]
                }
            },
            {
                "id": 69,
                "name": "Team To Score First",
                "suspended": false,
                "bookmaker": {
                    "data": [
                        {
                            "id": 2,
                            "name": "bet365",
                            "odds": {
                                "data": [
                                    {
                                        "label": "Hamrun Spartans",
                                        "value": "1.29",
                                        "probability": "77.52%",
                                        "dp3": "1.290",
                                        "american": -345,
                                        "factional": null,
                                        "handicap": null,
                                        "total": null,
                                        "winning": false,
                                        "last_update": {
                                            "date": "2019-03-29 18:47:49.529478",
                                            "timezone_type": 3,
                                            "timezone": "UTC"
                                        }
                                    },
                                    {
                                        "label": "No Goals",
                                        "value": "10.00",
                                        "probability": "10%",
                                        "dp3": "10.000",
                                        "american": 900,
                                        "factional": null,
                                        "handicap": null,
                                        "total": null,
                                        "winning": false,
                                        "last_update": {
                                            "date": "2019-03-29 18:47:49.529500",
                                            "timezone_type": 3,
                                            "timezone": "UTC"
                                        }
                                    },
                                    {
                                        "label": "Qormi FC",
                                        "value": "4.00",
                                        "probability": "25%",
                                        "dp3": "4.000",
                                        "american": 300,
                                        "factional": null,
                                        "handicap": null,
                                        "total": null,
                                        "winning": false,
                                        "last_update": {
                                            "date": "2019-03-29 18:47:49.529514",
                                            "timezone_type": 3,
                                            "timezone": "UTC"
                                        }
                                    }
                                ]
                            }
                        }
                    ]
                }
            },
            {
                "id": 137918017,
                "name": "Home Team Highest Scoring Half",
                "suspended": false,
                "bookmaker": {
                    "data": [
                        {
                            "id": 2,
                            "name": "bet365",
                            "odds": {
                                "data": [
                                    {
                                        "label": "Hamrun Spartans - 1st Half",
                                        "value": "3.10",
                                        "probability": "32.26%",
                                        "dp3": "3.100",
                                        "american": 210,
                                        "factional": null,
                                        "handicap": null,
                                        "total": null,
                                        "winning": null,
                                        "last_update": {
                                            "date": "2019-03-29 18:47:49.530323",
                                            "timezone_type": 3,
                                            "timezone": "UTC"
                                        }
                                    },
                                    {
                                        "label": "Hamrun Spartans - 2nd Half",
                                        "value": "2.20",
                                        "probability": "45.45%",
                                        "dp3": "2.200",
                                        "american": 120,
                                        "factional": null,
                                        "handicap": null,
                                        "total": null,
                                        "winning": null,
                                        "last_update": {
                                            "date": "2019-03-29 18:47:49.530340",
                                            "timezone_type": 3,
                                            "timezone": "UTC"
                                        }
                                    },
                                    {
                                        "label": "Hamrun Spartans - Tie",
                                        "value": "3.00",
                                        "probability": "33.33%",
                                        "dp3": "3.000",
                                        "american": 200,
                                        "factional": null,
                                        "handicap": null,
                                        "total": null,
                                        "winning": null,
                                        "last_update": {
                                            "date": "2019-03-29 18:47:49.530354",
                                            "timezone_type": 3,
                                            "timezone": "UTC"
                                        }
                                    }
                                ]
                            }
                        }
                    ]
                }
            },
            {
                "id": 137918019,
                "name": "Away Team Highest Scoring Half",
                "suspended": false,
                "bookmaker": {
                    "data": [
                        {
                            "id": 2,
                            "name": "bet365",
                            "odds": {
                                "data": [
                                    {
                                        "label": "Qormi FC - 1st Half",
                                        "value": "4.75",
                                        "probability": "21.05%",
                                        "dp3": "4.750",
                                        "american": 375,
                                        "factional": null,
                                        "handicap": null,
                                        "total": null,
                                        "winning": null,
                                        "last_update": {
                                            "date": "2019-03-29 18:47:49.530388",
                                            "timezone_type": 3,
                                            "timezone": "UTC"
                                        }
                                    },
                                    {
                                        "label": "Qormi FC - 2nd Half",
                                        "value": "3.60",
                                        "probability": "27.78%",
                                        "dp3": "3.600",
                                        "american": 260,
                                        "factional": null,
                                        "handicap": null,
                                        "total": null,
                                        "winning": null,
                                        "last_update": {
                                            "date": "2019-03-29 18:47:49.530403",
                                            "timezone_type": 3,
                                            "timezone": "UTC"
                                        }
                                    },
                                    {
                                        "label": "Qormi FC - Tie",
                                        "value": "1.62",
                                        "probability": "61.73%",
                                        "dp3": "1.620",
                                        "american": -162,
                                        "factional": null,
                                        "handicap": null,
                                        "total": null,
                                        "winning": null,
                                        "last_update": {
                                            "date": "2019-03-29 18:47:49.530417",
                                            "timezone_type": 3,
                                            "timezone": "UTC"
                                        }
                                    }
                                ]
                            }
                        }
                    ]
                }
            },
            {
                "id": 975930,
                "name": "Odd/Even",
                "suspended": false,
                "bookmaker": {
                    "data": [
                        {
                            "id": 2,
                            "name": "bet365",
                            "odds": {
                                "data": [
                                    {
                                        "label": "Even",
                                        "value": "1.90",
                                        "probability": "52.63%",
                                        "dp3": "1.900",
                                        "american": -112,
                                        "factional": null,
                                        "handicap": null,
                                        "total": null,
                                        "winning": false,
                                        "last_update": {
                                            "date": "2019-03-29 18:47:49.529724",
                                            "timezone_type": 3,
                                            "timezone": "UTC"
                                        }
                                    },
                                    {
                                        "label": "Odd",
                                        "value": "1.95",
                                        "probability": "51.28%",
                                        "dp3": "1.950",
                                        "american": -106,
                                        "factional": null,
                                        "handicap": null,
                                        "total": null,
                                        "winning": true,
                                        "last_update": {
                                            "date": "2019-03-29 18:47:49.529740",
                                            "timezone_type": 3,
                                            "timezone": "UTC"
                                        }
                                    }
                                ]
                            }
                        }
                    ]
                }
            },
            {
                "id": 136706055,
                "name": "Home Odd/Even",
                "suspended": false,
                "bookmaker": {
                    "data": [
                        {
                            "id": 2,
                            "name": "bet365",
                            "odds": {
                                "data": [
                                    {
                                        "label": "Hamrun Spartans - Even",
                                        "value": "1.83",
                                        "probability": "54.64%",
                                        "dp3": "1.830",
                                        "american": -121,
                                        "factional": null,
                                        "handicap": null,
                                        "total": null,
                                        "winning": false,
                                        "last_update": {
                                            "date": "2019-03-29 18:47:49.529781",
                                            "timezone_type": 3,
                                            "timezone": "UTC"
                                        }
                                    },
                                    {
                                        "label": "Hamrun Spartans - Odd",
                                        "value": "1.83",
                                        "probability": "54.64%",
                                        "dp3": "1.830",
                                        "american": -121,
                                        "factional": null,
                                        "handicap": null,
                                        "total": null,
                                        "winning": false,
                                        "last_update": {
                                            "date": "2019-03-29 18:47:49.529797",
                                            "timezone_type": 3,
                                            "timezone": "UTC"
                                        }
                                    }
                                ]
                            }
                        }
                    ]
                }
            },
            {
                "id": 136706056,
                "name": "Away Odd/Even",
                "suspended": false,
                "bookmaker": {
                    "data": [
                        {
                            "id": 2,
                            "name": "bet365",
                            "odds": {
                                "data": [
                                    {
                                        "label": "Qormi FC - Even",
                                        "value": "1.44",
                                        "probability": "69.44%",
                                        "dp3": "1.440",
                                        "american": -228,
                                        "factional": null,
                                        "handicap": null,
                                        "total": null,
                                        "winning": false,
                                        "last_update": {
                                            "date": "2019-03-29 18:47:49.529837",
                                            "timezone_type": 3,
                                            "timezone": "UTC"
                                        }
                                    },
                                    {
                                        "label": "Qormi FC - Odd",
                                        "value": "2.62",
                                        "probability": "38.17%",
                                        "dp3": "2.620",
                                        "american": 162,
                                        "factional": null,
                                        "handicap": null,
                                        "total": null,
                                        "winning": false,
                                        "last_update": {
                                            "date": "2019-03-29 18:47:49.529853",
                                            "timezone_type": 3,
                                            "timezone": "UTC"
                                        }
                                    }
                                ]
                            }
                        }
                    ]
                }
            },
            {
                "id": 975932,
                "name": "Odd/Even 1st Half",
                "suspended": false,
                "bookmaker": {
                    "data": [
                        {
                            "id": 2,
                            "name": "bet365",
                            "odds": {
                                "data": [
                                    {
                                        "label": "Odd",
                                        "value": "2.10",
                                        "probability": "47.62%",
                                        "dp3": "2.100",
                                        "american": 110,
                                        "factional": null,
                                        "handicap": null,
                                        "total": null,
                                        "winning": true,
                                        "last_update": {
                                            "date": "2019-03-29 18:47:49.530273",
                                            "timezone_type": 3,
                                            "timezone": "UTC"
                                        }
                                    },
                                    {
                                        "label": "Even",
                                        "value": "1.73",
                                        "probability": "57.8%",
                                        "dp3": "1.730",
                                        "american": -137,
                                        "factional": null,
                                        "handicap": null,
                                        "total": null,
                                        "winning": false,
                                        "last_update": {
                                            "date": "2019-03-29 18:47:49.530288",
                                            "timezone_type": 3,
                                            "timezone": "UTC"
                                        }
                                    }
                                ]
                            }
                        }
                    ]
                }
            },
            {
                "id": 975926,
                "name": "Double Chance - 1st Half",
                "suspended": false,
                "bookmaker": {
                    "data": [
                        {
                            "id": 2,
                            "name": "bet365",
                            "odds": {
                                "data": [
                                    {
                                        "label": "1X",
                                        "value": "1.11",
                                        "probability": "90.09%",
                                        "dp3": "1.110",
                                        "american": -910,
                                        "factional": null,
                                        "handicap": null,
                                        "total": null,
                                        "winning": null,
                                        "last_update": {
                                            "date": "2019-03-29 18:47:49.530018",
                                            "timezone_type": 3,
                                            "timezone": "UTC"
                                        }
                                    },
                                    {
                                        "label": "X2",
                                        "value": "1.80",
                                        "probability": "55.56%",
                                        "dp3": "1.800",
                                        "american": -125,
                                        "factional": null,
                                        "handicap": null,
                                        "total": null,
                                        "winning": null,
                                        "last_update": {
                                            "date": "2019-03-29 18:47:49.530034",
                                            "timezone_type": 3,
                                            "timezone": "UTC"
                                        }
                                    },
                                    {
                                        "label": "12",
                                        "value": "1.53",
                                        "probability": "65.36%",
                                        "dp3": "1.530",
                                        "american": -189,
                                        "factional": null,
                                        "handicap": null,
                                        "total": null,
                                        "winning": null,
                                        "last_update": {
                                            "date": "2019-03-29 18:47:49.530049",
                                            "timezone_type": 3,
                                            "timezone": "UTC"
                                        }
                                    }
                                ]
                            }
                        }
                    ]
                }
            },
            {
                "id": 975916,
                "name": "Correct Score 1st Half",
                "suspended": false,
                "bookmaker": {
                    "data": [
                        {
                            "id": 2,
                            "name": "bet365",
                            "odds": {
                                "data": [
                                    {
                                        "label": "4-0",
                                        "value": "41.00",
                                        "probability": "2.44%",
                                        "dp3": "41.000",
                                        "american": 4000,
                                        "factional": null,
                                        "handicap": null,
                                        "total": null,
                                        "winning": false,
                                        "last_update": {
                                            "date": "2019-03-29 18:47:49.530087",
                                            "timezone_type": 3,
                                            "timezone": "UTC"
                                        }
                                    },
                                    {
                                        "label": "0-0",
                                        "value": "3.00",
                                        "probability": "33.33%",
                                        "dp3": "3.000",
                                        "american": 200,
                                        "factional": null,
                                        "handicap": null,
                                        "total": null,
                                        "winning": false,
                                        "last_update": {
                                            "date": "2019-03-29 18:47:49.530103",
                                            "timezone_type": 3,
                                            "timezone": "UTC"
                                        }
                                    },
                                    {
                                        "label": "1-0",
                                        "value": "8.50",
                                        "probability": "11.76%",
                                        "dp3": "8.500",
                                        "american": 750,
                                        "factional": null,
                                        "handicap": null,
                                        "total": null,
                                        "winning": false,
                                        "last_update": {
                                            "date": "2019-03-29 18:47:49.530117",
                                            "timezone_type": 3,
                                            "timezone": "UTC"
                                        }
                                    },
                                    {
                                        "label": "1-0",
                                        "value": "3.40",
                                        "probability": "29.41%",
                                        "dp3": "3.400",
                                        "american": 240,
                                        "factional": null,
                                        "handicap": null,
                                        "total": null,
                                        "winning": false,
                                        "last_update": {
                                            "date": "2019-03-29 18:47:49.530130",
                                            "timezone_type": 3,
                                            "timezone": "UTC"
                                        }
                                    },
                                    {
                                        "label": "1-1",
                                        "value": "12.00",
                                        "probability": "8.33%",
                                        "dp3": "12.000",
                                        "american": 1100,
                                        "factional": null,
                                        "handicap": null,
                                        "total": null,
                                        "winning": false,
                                        "last_update": {
                                            "date": "2019-03-29 18:47:49.530144",
                                            "timezone_type": 3,
                                            "timezone": "UTC"
                                        }
                                    },
                                    {
                                        "label": "2-0",
                                        "value": "34.00",
                                        "probability": "2.94%",
                                        "dp3": "34.000",
                                        "american": 3300,
                                        "factional": null,
                                        "handicap": null,
                                        "total": null,
                                        "winning": false,
                                        "last_update": {
                                            "date": "2019-03-29 18:47:49.530156",
                                            "timezone_type": 3,
                                            "timezone": "UTC"
                                        }
                                    },
                                    {
                                        "label": "2-0",
                                        "value": "6.50",
                                        "probability": "15.38%",
                                        "dp3": "6.500",
                                        "american": 550,
                                        "factional": null,
                                        "handicap": null,
                                        "total": null,
                                        "winning": false,
                                        "last_update": {
                                            "date": "2019-03-29 18:47:49.530169",
                                            "timezone_type": 3,
                                            "timezone": "UTC"
                                        }
                                    },
                                    {
                                        "label": "2-2",
                                        "value": "81.00",
                                        "probability": "1.23%",
                                        "dp3": "81.000",
                                        "american": 8000,
                                        "factional": null,
                                        "handicap": null,
                                        "total": null,
                                        "winning": false,
                                        "last_update": {
                                            "date": "2019-03-29 18:47:49.530183",
                                            "timezone_type": 3,
                                            "timezone": "UTC"
                                        }
                                    },
                                    {
                                        "label": "2-1",
                                        "value": "41.00",
                                        "probability": "2.44%",
                                        "dp3": "41.000",
                                        "american": 4000,
                                        "factional": null,
                                        "handicap": null,
                                        "total": null,
                                        "winning": false,
                                        "last_update": {
                                            "date": "2019-03-29 18:47:49.530195",
                                            "timezone_type": 3,
                                            "timezone": "UTC"
                                        }
                                    },
                                    {
                                        "label": "2-1",
                                        "value": "26.00",
                                        "probability": "3.85%",
                                        "dp3": "26.000",
                                        "american": 2500,
                                        "factional": null,
                                        "handicap": null,
                                        "total": null,
                                        "winning": false,
                                        "last_update": {
                                            "date": "2019-03-29 18:47:49.530209",
                                            "timezone_type": 3,
                                            "timezone": "UTC"
                                        }
                                    },
                                    {
                                        "label": "3-0",
                                        "value": "17.00",
                                        "probability": "5.88%",
                                        "dp3": "17.000",
                                        "american": 1600,
                                        "factional": null,
                                        "handicap": null,
                                        "total": null,
                                        "winning": false,
                                        "last_update": {
                                            "date": "2019-03-29 18:47:49.530222",
                                            "timezone_type": 3,
                                            "timezone": "UTC"
                                        }
                                    },
                                    {
                                        "label": "3-1",
                                        "value": "51.00",
                                        "probability": "1.96%",
                                        "dp3": "51.000",
                                        "american": 5000,
                                        "factional": null,
                                        "handicap": null,
                                        "total": null,
                                        "winning": false,
                                        "last_update": {
                                            "date": "2019-03-29 18:47:49.530235",
                                            "timezone_type": 3,
                                            "timezone": "UTC"
                                        }
                                    }
                                ]
                            }
                        }
                    ]
                }
            },
            {
                "id": 137918020,
                "name": "Odd/Event 2nd Half",
                "suspended": false,
                "bookmaker": {
                    "data": [
                        {
                            "id": 2,
                            "name": "bet365",
                            "odds": {
                                "data": [
                                    {
                                        "label": "Odd",
                                        "value": "1.91",
                                        "probability": "52.36%",
                                        "dp3": "1.910",
                                        "american": -110,
                                        "factional": null,
                                        "handicap": null,
                                        "total": null,
                                        "winning": null,
                                        "last_update": {
                                            "date": "2019-03-29 18:47:49.530468",
                                            "timezone_type": 3,
                                            "timezone": "UTC"
                                        }
                                    },
                                    {
                                        "label": "Even",
                                        "value": "1.80",
                                        "probability": "55.56%",
                                        "dp3": "1.800",
                                        "american": -125,
                                        "factional": null,
                                        "handicap": null,
                                        "total": null,
                                        "winning": null,
                                        "last_update": {
                                            "date": "2019-03-29 18:47:49.530485",
                                            "timezone_type": 3,
                                            "timezone": "UTC"
                                        }
                                    }
                                ]
                            }
                        }
                    ]
                }
            },
            {
                "id": 1,
                "name": "3Way Result",
                "suspended": false,
                "bookmaker": {
                    "data": [
                        {
                            "id": 2,
                            "name": "bet365",
                            "odds": {
                                "data": [
                                    {
                                        "label": "1",
                                        "value": "1.36",
                                        "probability": "73.53%",
                                        "dp3": "1.360",
                                        "american": -278,
                                        "factional": null,
                                        "handicap": null,
                                        "total": null,
                                        "winning": true,
                                        "last_update": {
                                            "date": "2019-03-29 18:47:49.530527",
                                            "timezone_type": 3,
                                            "timezone": "UTC"
                                        }
                                    },
                                    {
                                        "label": "X",
                                        "value": "4.50",
                                        "probability": "22.22%",
                                        "dp3": "4.500",
                                        "american": 350,
                                        "factional": null,
                                        "handicap": null,
                                        "total": null,
                                        "winning": false,
                                        "last_update": {
                                            "date": "2019-03-29 18:47:49.530543",
                                            "timezone_type": 3,
                                            "timezone": "UTC"
                                        }
                                    },
                                    {
                                        "label": "2",
                                        "value": "7.00",
                                        "probability": "14.29%",
                                        "dp3": "7.000",
                                        "american": 600,
                                        "factional": null,
                                        "handicap": null,
                                        "total": null,
                                        "winning": false,
                                        "last_update": {
                                            "date": "2019-03-29 18:47:49.530558",
                                            "timezone_type": 3,
                                            "timezone": "UTC"
                                        }
                                    }
                                ]
                            }
                        }
                    ]
                }
            },
            {
                "id": 63,
                "name": "Double Chance",
                "suspended": false,
                "bookmaker": {
                    "data": [
                        {
                            "id": 2,
                            "name": "bet365",
                            "odds": {
                                "data": [
                                    {
                                        "label": "1X",
                                        "value": "1.08",
                                        "probability": "92.59%",
                                        "dp3": "1.080",
                                        "american": -1250,
                                        "factional": null,
                                        "handicap": null,
                                        "total": null,
                                        "winning": true,
                                        "last_update": {
                                            "date": "2019-03-29 18:47:49.530595",
                                            "timezone_type": 3,
                                            "timezone": "UTC"
                                        }
                                    },
                                    {
                                        "label": "X2",
                                        "value": "3.00",
                                        "probability": "33.33%",
                                        "dp3": "3.000",
                                        "american": 200,
                                        "factional": null,
                                        "handicap": null,
                                        "total": null,
                                        "winning": true,
                                        "last_update": {
                                            "date": "2019-03-29 18:47:49.530634",
                                            "timezone_type": 3,
                                            "timezone": "UTC"
                                        }
                                    },
                                    {
                                        "label": "12",
                                        "value": "1.17",
                                        "probability": "85.47%",
                                        "dp3": "1.170",
                                        "american": -589,
                                        "factional": null,
                                        "handicap": null,
                                        "total": null,
                                        "winning": false,
                                        "last_update": {
                                            "date": "2019-03-29 18:47:49.530649",
                                            "timezone_type": 3,
                                            "timezone": "UTC"
                                        }
                                    }
                                ]
                            }
                        }
                    ]
                }
            },
            {
                "id": 975909,
                "name": "Correct Score",
                "suspended": false,
                "bookmaker": {
                    "data": [
                        {
                            "id": 2,
                            "name": "bet365",
                            "odds": {
                                "data": [
                                    {
                                        "label": "6-0",
                                        "value": "51.00",
                                        "probability": "1.96%",
                                        "dp3": "51.000",
                                        "american": 5000,
                                        "factional": null,
                                        "handicap": null,
                                        "total": null,
                                        "winning": false,
                                        "last_update": {
                                            "date": "2019-03-29 18:47:49.530690",
                                            "timezone_type": 3,
                                            "timezone": "UTC"
                                        }
                                    },
                                    {
                                        "label": "0-0",
                                        "value": "10.00",
                                        "probability": "10%",
                                        "dp3": "10.000",
                                        "american": 900,
                                        "factional": null,
                                        "handicap": null,
                                        "total": null,
                                        "winning": false,
                                        "last_update": {
                                            "date": "2019-03-29 18:47:49.530706",
                                            "timezone_type": 3,
                                            "timezone": "UTC"
                                        }
                                    },
                                    {
                                        "label": "1-0",
                                        "value": "17.00",
                                        "probability": "5.88%",
                                        "dp3": "17.000",
                                        "american": 1600,
                                        "factional": null,
                                        "handicap": null,
                                        "total": null,
                                        "winning": false,
                                        "last_update": {
                                            "date": "2019-03-29 18:47:49.530719",
                                            "timezone_type": 3,
                                            "timezone": "UTC"
                                        }
                                    },
                                    {
                                        "label": "6-1",
                                        "value": "81.00",
                                        "probability": "1.23%",
                                        "dp3": "81.000",
                                        "american": 8000,
                                        "factional": null,
                                        "handicap": null,
                                        "total": null,
                                        "winning": false,
                                        "last_update": {
                                            "date": "2019-03-29 18:47:49.530732",
                                            "timezone_type": 3,
                                            "timezone": "UTC"
                                        }
                                    },
                                    {
                                        "label": "1-1",
                                        "value": "9.50",
                                        "probability": "10.53%",
                                        "dp3": "9.500",
                                        "american": 850,
                                        "factional": null,
                                        "handicap": null,
                                        "total": null,
                                        "winning": false,
                                        "last_update": {
                                            "date": "2019-03-29 18:47:49.530745",
                                            "timezone_type": 3,
                                            "timezone": "UTC"
                                        }
                                    },
                                    {
                                        "label": "2-0",
                                        "value": "34.00",
                                        "probability": "2.94%",
                                        "dp3": "34.000",
                                        "american": 3300,
                                        "factional": null,
                                        "handicap": null,
                                        "total": null,
                                        "winning": false,
                                        "last_update": {
                                            "date": "2019-03-29 18:47:49.530758",
                                            "timezone_type": 3,
                                            "timezone": "UTC"
                                        }
                                    },
                                    {
                                        "label": "1-0",
                                        "value": "5.50",
                                        "probability": "18.18%",
                                        "dp3": "5.500",
                                        "american": 450,
                                        "factional": null,
                                        "handicap": null,
                                        "total": null,
                                        "winning": false,
                                        "last_update": {
                                            "date": "2019-03-29 18:47:49.530771",
                                            "timezone_type": 3,
                                            "timezone": "UTC"
                                        }
                                    },
                                    {
                                        "label": "2-2",
                                        "value": "23.00",
                                        "probability": "4.35%",
                                        "dp3": "23.000",
                                        "american": 2200,
                                        "factional": null,
                                        "handicap": null,
                                        "total": null,
                                        "winning": false,
                                        "last_update": {
                                            "date": "2019-03-29 18:47:49.530785",
                                            "timezone_type": 3,
                                            "timezone": "UTC"
                                        }
                                    },
                                    {
                                        "label": "2-1",
                                        "value": "23.00",
                                        "probability": "4.35%",
                                        "dp3": "23.000",
                                        "american": 2200,
                                        "factional": null,
                                        "handicap": null,
                                        "total": null,
                                        "winning": false,
                                        "last_update": {
                                            "date": "2019-03-29 18:47:49.530797",
                                            "timezone_type": 3,
                                            "timezone": "UTC"
                                        }
                                    },
                                    {
                                        "label": "2-0",
                                        "value": "6.50",
                                        "probability": "15.38%",
                                        "dp3": "6.500",
                                        "american": 550,
                                        "factional": null,
                                        "handicap": null,
                                        "total": null,
                                        "winning": false,
                                        "last_update": {
                                            "date": "2019-03-29 18:47:49.530810",
                                            "timezone_type": 3,
                                            "timezone": "UTC"
                                        }
                                    },
                                    {
                                        "label": "3-3",
                                        "value": "81.00",
                                        "probability": "1.23%",
                                        "dp3": "81.000",
                                        "american": 8000,
                                        "factional": null,
                                        "handicap": null,
                                        "total": null,
                                        "winning": false,
                                        "last_update": {
                                            "date": "2019-03-29 18:47:49.530823",
                                            "timezone_type": 3,
                                            "timezone": "UTC"
                                        }
                                    },
                                    {
                                        "label": "3-0",
                                        "value": "67.00",
                                        "probability": "1.49%",
                                        "dp3": "67.000",
                                        "american": 6600,
                                        "factional": null,
                                        "handicap": null,
                                        "total": null,
                                        "winning": false,
                                        "last_update": {
                                            "date": "2019-03-29 18:47:49.530836",
                                            "timezone_type": 3,
                                            "timezone": "UTC"
                                        }
                                    },
                                    {
                                        "label": "2-1",
                                        "value": "9.00",
                                        "probability": "11.11%",
                                        "dp3": "9.000",
                                        "american": 800,
                                        "factional": null,
                                        "handicap": null,
                                        "total": null,
                                        "winning": false,
                                        "last_update": {
                                            "date": "2019-03-29 18:47:49.530848",
                                            "timezone_type": 3,
                                            "timezone": "UTC"
                                        }
                                    },
                                    {
                                        "label": "3-1",
                                        "value": "51.00",
                                        "probability": "1.96%",
                                        "dp3": "51.000",
                                        "american": 5000,
                                        "factional": null,
                                        "handicap": null,
                                        "total": null,
                                        "winning": false,
                                        "last_update": {
                                            "date": "2019-03-29 18:47:49.530861",
                                            "timezone_type": 3,
                                            "timezone": "UTC"
                                        }
                                    },
                                    {
                                        "label": "3-0",
                                        "value": "9.00",
                                        "probability": "11.11%",
                                        "dp3": "9.000",
                                        "american": 800,
                                        "factional": null,
                                        "handicap": null,
                                        "total": null,
                                        "winning": false,
                                        "last_update": {
                                            "date": "2019-03-29 18:47:49.530875",
                                            "timezone_type": 3,
                                            "timezone": "UTC"
                                        }
                                    },
                                    {
                                        "label": "3-2",
                                        "value": "51.00",
                                        "probability": "1.96%",
                                        "dp3": "51.000",
                                        "american": 5000,
                                        "factional": null,
                                        "handicap": null,
                                        "total": null,
                                        "winning": false,
                                        "last_update": {
                                            "date": "2019-03-29 18:47:49.530888",
                                            "timezone_type": 3,
                                            "timezone": "UTC"
                                        }
                                    },
                                    {
                                        "label": "3-1",
                                        "value": "15.00",
                                        "probability": "6.67%",
                                        "dp3": "15.000",
                                        "american": 1400,
                                        "factional": null,
                                        "handicap": null,
                                        "total": null,
                                        "winning": false,
                                        "last_update": {
                                            "date": "2019-03-29 18:47:49.530900",
                                            "timezone_type": 3,
                                            "timezone": "UTC"
                                        }
                                    },
                                    {
                                        "label": "3-2",
                                        "value": "34.00",
                                        "probability": "2.94%",
                                        "dp3": "34.000",
                                        "american": 3300,
                                        "factional": null,
                                        "handicap": null,
                                        "total": null,
                                        "winning": false,
                                        "last_update": {
                                            "date": "2019-03-29 18:47:49.530915",
                                            "timezone_type": 3,
                                            "timezone": "UTC"
                                        }
                                    },
                                    {
                                        "label": "4-0",
                                        "value": "15.00",
                                        "probability": "6.67%",
                                        "dp3": "15.000",
                                        "american": 1400,
                                        "factional": null,
                                        "handicap": null,
                                        "total": null,
                                        "winning": false,
                                        "last_update": {
                                            "date": "2019-03-29 18:47:49.530928",
                                            "timezone_type": 3,
                                            "timezone": "UTC"
                                        }
                                    },
                                    {
                                        "label": "4-1",
                                        "value": "26.00",
                                        "probability": "3.85%",
                                        "dp3": "26.000",
                                        "american": 2500,
                                        "factional": null,
                                        "handicap": null,
                                        "total": null,
                                        "winning": false,
                                        "last_update": {
                                            "date": "2019-03-29 18:47:49.530940",
                                            "timezone_type": 3,
                                            "timezone": "UTC"
                                        }
                                    },
                                    {
                                        "label": "4-2",
                                        "value": "51.00",
                                        "probability": "1.96%",
                                        "dp3": "51.000",
                                        "american": 5000,
                                        "factional": null,
                                        "handicap": null,
                                        "total": null,
                                        "winning": false,
                                        "last_update": {
                                            "date": "2019-03-29 18:47:49.530954",
                                            "timezone_type": 3,
                                            "timezone": "UTC"
                                        }
                                    },
                                    {
                                        "label": "5-0",
                                        "value": "29.00",
                                        "probability": "3.45%",
                                        "dp3": "29.000",
                                        "american": 2800,
                                        "factional": null,
                                        "handicap": null,
                                        "total": null,
                                        "winning": false,
                                        "last_update": {
                                            "date": "2019-03-29 18:47:49.530967",
                                            "timezone_type": 3,
                                            "timezone": "UTC"
                                        }
                                    },
                                    {
                                        "label": "5-1",
                                        "value": "41.00",
                                        "probability": "2.44%",
                                        "dp3": "41.000",
                                        "american": 4000,
                                        "factional": null,
                                        "handicap": null,
                                        "total": null,
                                        "winning": false,
                                        "last_update": {
                                            "date": "2019-03-29 18:47:49.530979",
                                            "timezone_type": 3,
                                            "timezone": "UTC"
                                        }
                                    }
                                ]
                            }
                        }
                    ]
                }
            },
            {
                "id": 137918016,
                "name": "HT/FT",
                "suspended": false,
                "bookmaker": {
                    "data": [
                        {
                            "id": 2,
                            "name": "bet365",
                            "odds": {
                                "data": [
                                    {
                                        "label": "Hamrun Spartans - Hamrun Spartans",
                                        "value": "2.10",
                                        "probability": "47.62%",
                                        "dp3": "2.100",
                                        "american": 110,
                                        "factional": null,
                                        "handicap": null,
                                        "total": null,
                                        "winning": null,
                                        "last_update": {
                                            "date": "2019-03-29 18:47:49.531018",
                                            "timezone_type": 3,
                                            "timezone": "UTC"
                                        }
                                    },
                                    {
                                        "label": "Hamrun Spartans - X",
                                        "value": "17.00",
                                        "probability": "5.88%",
                                        "dp3": "17.000",
                                        "american": 1600,
                                        "factional": null,
                                        "handicap": null,
                                        "total": null,
                                        "winning": null,
                                        "last_update": {
                                            "date": "2019-03-29 18:47:49.531033",
                                            "timezone_type": 3,
                                            "timezone": "UTC"
                                        }
                                    },
                                    {
                                        "label": "Hamrun Spartans - Qormi FC",
                                        "value": "41.00",
                                        "probability": "2.44%",
                                        "dp3": "41.000",
                                        "american": 4000,
                                        "factional": null,
                                        "handicap": null,
                                        "total": null,
                                        "winning": null,
                                        "last_update": {
                                            "date": "2019-03-29 18:47:49.531046",
                                            "timezone_type": 3,
                                            "timezone": "UTC"
                                        }
                                    },
                                    {
                                        "label": "X - Hamrun Spartans",
                                        "value": "4.00",
                                        "probability": "25%",
                                        "dp3": "4.000",
                                        "american": 300,
                                        "factional": null,
                                        "handicap": null,
                                        "total": null,
                                        "winning": null,
                                        "last_update": {
                                            "date": "2019-03-29 18:47:49.531059",
                                            "timezone_type": 3,
                                            "timezone": "UTC"
                                        }
                                    },
                                    {
                                        "label": "X - X",
                                        "value": "6.50",
                                        "probability": "15.38%",
                                        "dp3": "6.500",
                                        "american": 550,
                                        "factional": null,
                                        "handicap": null,
                                        "total": null,
                                        "winning": null,
                                        "last_update": {
                                            "date": "2019-03-29 18:47:49.531072",
                                            "timezone_type": 3,
                                            "timezone": "UTC"
                                        }
                                    },
                                    {
                                        "label": "X - Qormi FC",
                                        "value": "15.00",
                                        "probability": "6.67%",
                                        "dp3": "15.000",
                                        "american": 1400,
                                        "factional": null,
                                        "handicap": null,
                                        "total": null,
                                        "winning": null,
                                        "last_update": {
                                            "date": "2019-03-29 18:47:49.531086",
                                            "timezone_type": 3,
                                            "timezone": "UTC"
                                        }
                                    },
                                    {
                                        "label": "Qormi FC - Hamrun Spartans",
                                        "value": "21.00",
                                        "probability": "4.76%",
                                        "dp3": "21.000",
                                        "american": 2000,
                                        "factional": null,
                                        "handicap": null,
                                        "total": null,
                                        "winning": null,
                                        "last_update": {
                                            "date": "2019-03-29 18:47:49.531099",
                                            "timezone_type": 3,
                                            "timezone": "UTC"
                                        }
                                    },
                                    {
                                        "label": "Qormi FC - X",
                                        "value": "21.00",
                                        "probability": "4.76%",
                                        "dp3": "21.000",
                                        "american": 2000,
                                        "factional": null,
                                        "handicap": null,
                                        "total": null,
                                        "winning": null,
                                        "last_update": {
                                            "date": "2019-03-29 18:47:49.531112",
                                            "timezone_type": 3,
                                            "timezone": "UTC"
                                        }
                                    },
                                    {
                                        "label": "Qormi FC - Qormi FC",
                                        "value": "12.00",
                                        "probability": "8.33%",
                                        "dp3": "12.000",
                                        "american": 1100,
                                        "factional": null,
                                        "handicap": null,
                                        "total": null,
                                        "winning": null,
                                        "last_update": {
                                            "date": "2019-03-29 18:47:49.531124",
                                            "timezone_type": 3,
                                            "timezone": "UTC"
                                        }
                                    }
                                ]
                            }
                        }
                    ]
                }
            },
            {
                "id": 137918013,
                "name": "Draw No Bet",
                "suspended": false,
                "bookmaker": {
                    "data": [
                        {
                            "id": 2,
                            "name": "bet365",
                            "odds": {
                                "data": [
                                    {
                                        "label": "Hamrun Spartans",
                                        "value": "1.12",
                                        "probability": "89.29%",
                                        "dp3": "1.120",
                                        "american": -834,
                                        "factional": null,
                                        "handicap": null,
                                        "total": null,
                                        "winning": null,
                                        "last_update": {
                                            "date": "2019-03-29 18:47:49.531217",
                                            "timezone_type": 3,
                                            "timezone": "UTC"
                                        }
                                    },
                                    {
                                        "label": "Qormi FC",
                                        "value": "5.50",
                                        "probability": "18.18%",
                                        "dp3": "5.500",
                                        "american": 450,
                                        "factional": null,
                                        "handicap": null,
                                        "total": null,
                                        "winning": null,
                                        "last_update": {
                                            "date": "2019-03-29 18:47:49.531233",
                                            "timezone_type": 3,
                                            "timezone": "UTC"
                                        }
                                    }
                                ]
                            }
                        }
                    ]
                }
            }
        ]
    }
}