{
    "id": 10411806,
    "league_id": 420,
    "season_id": 13029,
    "stage_id": 7743138,
    "round_id": 153272,
    "group_id": null,
    "aggregate_id": null,
    "venue_id": 974,
    "referee_id": null,
    "localteam_id": 295,
    "visitorteam_id": 6791,
    "winner_team_id": null,
    "weather_report": null,
    "commentaries": null,
    "attendance": null,
    "pitch": "Good",
    "details": null,
    "neutral_venue": false,
    "winning_odds_calculated": true,
    "formations": {
        "localteam_formation": null,
        "visitorteam_formation": null
    },
    "scores": {
        "localteam_score": 1,
        "visitorteam_score": 1,
        "localteam_pen_score": null,
        "visitorteam_pen_score": null,
        "ht_score": "1-0",
        "ft_score": "1-1",
        "et_score": null
    },
    "time": {
        "status": "FT",
        "starting_at": {
            "date_time": "2019-01-18 18:00:00",
            "date": "2019-01-18",
            "time": "18:00:00",
            "timestamp": 1547834400,
            "timezone": "UTC"
        },
        "minute": 90,
        "second": 0,
        "added_time": 0,
        "extra_minute": null,
        "injury_time": 3
    },
    "coaches": {
        "localteam_coach_id": 456119,
        "visitorteam_coach_id": 464682
    },
    "standings": {
        "localteam_position": 4,
        "visitorteam_position": 2
    },
    "assistants": {
        "first_assistant_id": null,
        "second_assistant_id": null,
        "fourth_official_id": null
    },
    "leg": "1/1",
    "colors": {
        "localteam": {
            "color": null,
            "kit_colors": null
        },
        "visitorteam": {
            "color": null,
            "kit_colors": null
        }
    },
    "deleted": false,
    "localTeam": {
        "data": {
            "id": 295,
            "legacy_id": 8152,
            "name": "Hamrun Spartans",
            "short_code": null,
            "twitter": null,
            "country_id": 2756,
            "national_team": false,
            "founded": 1907,
            "logo_path": "https://cdn.sportmonks.com/images//soccer/teams/7/295.png",
            "venue_id": 5052,
            "current_season_id": 13029
        }
    },
    "visitorTeam": {
        "data": {
            "id": 6791,
            "legacy_id": 2451,
            "name": "Gzira United",
            "short_code": null,
            "twitter": null,
            "country_id": 2756,
            "national_team": false,
            "founded": 1947,
            "logo_path": "https://cdn.sportmonks.com/images//soccer/teams/7/6791.png",
            "venue_id": 4453,
            "current_season_id": 13029
        }
    },
    "league": {
        "data": {
            "id": 420,
            "active": true,
            "type": "domestic",
            "legacy_id": 152,
            "country_id": 2756,
            "logo_path": null,
            "name": "Premier League",
            "is_cup": false,
            "current_season_id": 16283,
            "current_round_id": 181738,
            "current_stage_id": 77444896,
            "live_standings": true,
            "coverage": {
                "predictions": 1,
                "topscorer_goals": false,
                "topscorer_assists": false,
                "topscorer_cards": false
            }
        }
    },
    "events": {
        "data": [
            {
                "id": 10411806001,
                "team_id": "295",
                "type": "goal",
                "fixture_id": 10411806,
                "player_id": 368751,
                "player_name": "M. Criaco",
                "related_player_id": null,
                "related_player_name": null,
                "minute": 14,
                "extra_minute": null,
                "reason": null,
                "injuried": null,
                "result": "1-0"
            },
            {
                "id": 10411806002,
                "team_id": "6791",
                "type": "substitution",
                "fixture_id": 10411806,
                "player_id": 4598939,
                "player_name": "S. Domoraud",
                "related_player_id": 7708975,
                "related_player_name": "J. Corbolan",
                "minute": 46,
                "extra_minute": null,
                "reason": null,
                "injuried": null,
                "result": null
            },
            {
                "id": 10411806003,
                "team_id": "6791",
                "type": "yellowcard",
                "fixture_id": 10411806,
                "player_id": 139066,
                "player_name": "H. Garba",
                "related_player_id": null,
                "related_player_name": null,
                "minute": 66,
                "extra_minute": null,
                "reason": null,
                "injuried": null,
                "result": null
            },
            {
                "id": 10411806004,
                "team_id": "6791",
                "type": "substitution",
                "fixture_id": 10411806,
                "player_id": 143387,
                "player_name": "E. Zarate",
                "related_player_id": 77694,
                "related_player_name": "J. Mengolo",
                "minute": 68,
                "extra_minute": null,
                "reason": null,
                "injuried": null,
                "result": null
            },
            {
                "id": 10411806005,
                "team_id": "295",
                "type": "substitution",
                "fixture_id": 10411806,
                "player_id": 144738,
                "player_name": "A. Scicluna",
                "related_player_id": 70799,
                "related_player_name": "D. Moukanza",
                "minute": 81,
                "extra_minute": null,
                "reason": null,
                "injuried": null,
                "result": null
            },
            {
                "id": 10411806006,
                "team_id": "6791",
                "type": "goal",
                "fixture_id": 10411806,
                "player_id": 144738,
                "player_name": "G. Conti",
                "related_player_id": null,
                "related_player_name": null,
                "minute": 90,
                "extra_minute": null,
                "reason": null,
                "injuried": null,
                "result": "1-1"
            }
        ]
    },
    "odds": {
        "data": []
    }
}