{
    "id": 330313,
    "league_id": 420,
    "season_id": 793,
    "stage_id": 1457,
    "round_id": 26300,
    "group_id": null,
    "aggregate_id": null,
    "venue_id": 974,
    "referee_id": null,
    "localteam_id": 360,
    "visitorteam_id": 295,
    "winner_team_id": null,
    "weather_report": null,
    "commentaries": false,
    "attendance": null,
    "pitch": null,
    "details": null,
    "neutral_venue": false,
    "winning_odds_calculated": true,
    "formations": {
        "localteam_formation": null,
        "visitorteam_formation": null
    },
    "scores": {
        "localteam_score": 3,
        "visitorteam_score": 3,
        "localteam_pen_score": null,
        "visitorteam_pen_score": null,
        "ht_score": "2-2",
        "ft_score": "3-3",
        "et_score": null
    },
    "time": {
        "status": "FT",
        "starting_at": {
            "date_time": "2017-02-25 15:00:00",
            "date": "2017-02-25",
            "time": "15:00:00",
            "timestamp": 1488034800,
            "timezone": "UTC"
        },
        "minute": 90,
        "second": null,
        "added_time": null,
        "extra_minute": null,
        "injury_time": null
    },
    "coaches": {
        "localteam_coach_id": null,
        "visitorteam_coach_id": null
    },
    "standings": {
        "localteam_position": null,
        "visitorteam_position": null
    },
    "assistants": {
        "first_assistant_id": null,
        "second_assistant_id": null,
        "fourth_official_id": null
    },
    "leg": null,
    "colors": null,
    "deleted": false,
    "localTeam": {
        "data": {
            "id": 360,
            "legacy_id": 1714,
            "name": "Hibernians",
            "short_code": null,
            "twitter": null,
            "country_id": 2756,
            "national_team": false,
            "founded": 1922,
            "logo_path": "https://cdn.sportmonks.com/images//soccer/teams/8/360.png",
            "venue_id": 334565,
            "current_season_id": 13029
        }
    },
    "visitorTeam": {
        "data": {
            "id": 295,
            "legacy_id": 8152,
            "name": "Hamrun Spartans",
            "short_code": null,
            "twitter": null,
            "country_id": 2756,
            "national_team": false,
            "founded": 1907,
            "logo_path": "https://cdn.sportmonks.com/images//soccer/teams/7/295.png",
            "venue_id": 5052,
            "current_season_id": 13029
        }
    },
    "league": {
        "data": {
            "id": 420,
            "active": true,
            "type": "domestic",
            "legacy_id": 152,
            "country_id": 2756,
            "logo_path": null,
            "name": "Premier League",
            "is_cup": false,
            "current_season_id": 16283,
            "current_round_id": 181738,
            "current_stage_id": 77444896,
            "live_standings": true,
            "coverage": {
                "predictions": 1,
                "topscorer_goals": false,
                "topscorer_assists": false,
                "topscorer_cards": false
            }
        }
    },
    "events": {
        "data": [
            {
                "id": 8443289,
                "team_id": "360",
                "type": "goal",
                "fixture_id": 330313,
                "player_id": 143797,
                "player_name": "J. Degabriele",
                "related_player_id": null,
                "related_player_name": null,
                "minute": 5,
                "extra_minute": null,
                "reason": null,
                "injuried": null,
                "result": null
            },
            {
                "id": 8443297,
                "team_id": "295",
                "type": "penalty",
                "fixture_id": 330313,
                "player_id": 144655,
                "player_name": "B. Paiber",
                "related_player_id": null,
                "related_player_name": null,
                "minute": 10,
                "extra_minute": null,
                "reason": null,
                "injuried": null,
                "result": null
            },
            {
                "id": 8443304,
                "team_id": "295",
                "type": "goal",
                "fixture_id": 330313,
                "player_id": 91756,
                "player_name": "Leandro Motta",
                "related_player_id": null,
                "related_player_name": null,
                "minute": 19,
                "extra_minute": null,
                "reason": null,
                "injuried": null,
                "result": null
            },
            {
                "id": 8443312,
                "team_id": "360",
                "type": "goal",
                "fixture_id": 330313,
                "player_id": 143801,
                "player_name": "Gilmar",
                "related_player_id": null,
                "related_player_name": null,
                "minute": 22,
                "extra_minute": null,
                "reason": null,
                "injuried": null,
                "result": null
            },
            {
                "id": 8443322,
                "team_id": "360",
                "type": "goal",
                "fixture_id": 330313,
                "player_id": 143797,
                "player_name": "J. Degabriele",
                "related_player_id": null,
                "related_player_name": null,
                "minute": 54,
                "extra_minute": null,
                "reason": null,
                "injuried": null,
                "result": null
            },
            {
                "id": 8443341,
                "team_id": "360",
                "type": "yellowcard",
                "fixture_id": 330313,
                "player_id": 143258,
                "player_name": "Rodolfo Soares",
                "related_player_id": null,
                "related_player_name": null,
                "minute": 63,
                "extra_minute": null,
                "reason": null,
                "injuried": null,
                "result": null
            },
            {
                "id": 8443357,
                "team_id": "360",
                "type": "substitution",
                "fixture_id": 330313,
                "player_id": 2921,
                "player_name": "M. Moore",
                "related_player_id": 143283,
                "related_player_name": "J. Bezzina",
                "minute": 66,
                "extra_minute": null,
                "reason": null,
                "injuried": null,
                "result": null
            },
            {
                "id": 8443330,
                "team_id": "295",
                "type": "goal",
                "fixture_id": 330313,
                "player_id": 144587,
                "player_name": "M. Giusti",
                "related_player_id": null,
                "related_player_name": null,
                "minute": 68,
                "extra_minute": null,
                "reason": null,
                "injuried": null,
                "result": null
            },
            {
                "id": 8443364,
                "team_id": "295",
                "type": "substitution",
                "fixture_id": 330313,
                "player_id": 143339,
                "player_name": "Siraj Arab",
                "related_player_id": 91756,
                "related_player_name": "Leandro Motta",
                "minute": 78,
                "extra_minute": null,
                "reason": null,
                "injuried": null,
                "result": null
            },
            {
                "id": 8443372,
                "team_id": "295",
                "type": "substitution",
                "fixture_id": 330313,
                "player_id": 2401,
                "player_name": "M. Manset",
                "related_player_id": 144655,
                "related_player_name": "B. Paiber",
                "minute": 83,
                "extra_minute": null,
                "reason": null,
                "injuried": null,
                "result": null
            },
            {
                "id": 8443349,
                "team_id": "295",
                "type": "yellowcard",
                "fixture_id": 330313,
                "player_id": 67687,
                "player_name": "I. Mišan",
                "related_player_id": null,
                "related_player_name": null,
                "minute": 87,
                "extra_minute": null,
                "reason": null,
                "injuried": null,
                "result": null
            },
            {
                "id": 8443380,
                "team_id": "295",
                "type": "substitution",
                "fixture_id": 330313,
                "player_id": 144791,
                "player_name": "D. Debono",
                "related_player_id": 144790,
                "related_player_name": "S. Nanapere",
                "minute": 90,
                "extra_minute": 3,
                "reason": null,
                "injuried": null,
                "result": null
            }
        ]
    },
    "odds": {
        "data": []
    }
}