{
    "id": 640520,
    "league_id": 1001,
    "season_id": 987,
    "stage_id": 1915,
    "round_id": 30839,
    "group_id": null,
    "aggregate_id": null,
    "venue_id": 13845,
    "referee_id": null,
    "localteam_id": 18134,
    "visitorteam_id": 18065,
    "winner_team_id": 18065,
    "weather_report": null,
    "commentaries": false,
    "attendance": null,
    "pitch": null,
    "details": null,
    "neutral_venue": false,
    "winning_odds_calculated": true,
    "formations": {
        "localteam_formation": null,
        "visitorteam_formation": null
    },
    "scores": {
        "localteam_score": 3,
        "visitorteam_score": 4,
        "localteam_pen_score": null,
        "visitorteam_pen_score": null,
        "ht_score": "0-3",
        "ft_score": "3-4",
        "et_score": null
    },
    "time": {
        "status": "FT",
        "starting_at": {
            "date_time": "2017-02-17 12:00:00",
            "date": "2017-02-17",
            "time": "12:00:00",
            "timestamp": 1487332800,
            "timezone": "UTC"
        },
        "minute": 90,
        "second": null,
        "added_time": null,
        "extra_minute": null,
        "injury_time": null
    },
    "coaches": {
        "localteam_coach_id": null,
        "visitorteam_coach_id": null
    },
    "standings": {
        "localteam_position": null,
        "visitorteam_position": null
    },
    "assistants": {
        "first_assistant_id": null,
        "second_assistant_id": null,
        "fourth_official_id": null
    },
    "leg": null,
    "colors": null,
    "deleted": false,
    "localTeam": {
        "data": {
            "id": 18134,
            "legacy_id": 2799,
            "name": "Hong Kong",
            "short_code": "HKG",
            "twitter": null,
            "country_id": 64306,
            "national_team": true,
            "founded": 1886,
            "logo_path": "https://cdn.sportmonks.com/images//soccer/teams/22/18134.png",
            "venue_id": 13845,
            "current_season_id": 14986
        }
    },
    "visitorTeam": {
        "data": {
            "id": 18065,
            "legacy_id": null,
            "name": "Guangzhou R&F U19",
            "short_code": null,
            "twitter": null,
            "country_id": 64306,
            "national_team": false,
            "founded": 0,
            "logo_path": null,
            "venue_id": null,
            "current_season_id": 13176
        }
    },
    "league": {
        "data": {
            "id": 1001,
            "active": true,
            "type": "domestic",
            "legacy_id": 350,
            "country_id": 64306,
            "logo_path": null,
            "name": "Premier League",
            "is_cup": false,
            "current_season_id": 16570,
            "current_round_id": 182670,
            "current_stage_id": 77445709,
            "live_standings": false,
            "coverage": {
                "predictions": 1,
                "topscorer_goals": false,
                "topscorer_assists": false,
                "topscorer_cards": false
            }
        }
    },
    "events": {
        "data": [
            {
                "id": 10145612,
                "team_id": "18065",
                "type": "goal",
                "fixture_id": 640520,
                "player_id": 65710,
                "player_name": "Yang Ting",
                "related_player_id": null,
                "related_player_name": null,
                "minute": 33,
                "extra_minute": null,
                "reason": null,
                "injuried": null,
                "result": null
            },
            {
                "id": 10145620,
                "team_id": "18065",
                "type": "goal",
                "fixture_id": 640520,
                "player_id": 314038,
                "player_name": "Chuck Yiu Kwok",
                "related_player_id": null,
                "related_player_name": null,
                "minute": 35,
                "extra_minute": null,
                "reason": null,
                "injuried": null,
                "result": null
            },
            {
                "id": 10145630,
                "team_id": "18065",
                "type": "goal",
                "fixture_id": 640520,
                "player_id": 313566,
                "player_name": "Chan Lap Ming",
                "related_player_id": null,
                "related_player_name": null,
                "minute": 40,
                "extra_minute": null,
                "reason": null,
                "injuried": null,
                "result": null
            },
            {
                "id": 10145700,
                "team_id": "18134",
                "type": "substitution",
                "fixture_id": 640520,
                "player_id": 314914,
                "player_name": "Cheng Chi Kin",
                "related_player_id": 314509,
                "related_player_name": "R. Bacon",
                "minute": 46,
                "extra_minute": null,
                "reason": null,
                "injuried": null,
                "result": null
            },
            {
                "id": 10145707,
                "team_id": "18134",
                "type": "substitution",
                "fixture_id": 640520,
                "player_id": 314524,
                "player_name": "Man Daniel Ga Wing",
                "related_player_id": 314486,
                "related_player_name": "M. Hampshire",
                "minute": 46,
                "extra_minute": null,
                "reason": null,
                "injuried": null,
                "result": null
            },
            {
                "id": 10145638,
                "team_id": "18065",
                "type": "goal",
                "fixture_id": 640520,
                "player_id": 314038,
                "player_name": "Chuck Yiu Kwok",
                "related_player_id": null,
                "related_player_name": null,
                "minute": 58,
                "extra_minute": null,
                "reason": null,
                "injuried": null,
                "result": null
            },
            {
                "id": 10145714,
                "team_id": "18134",
                "type": "substitution",
                "fixture_id": 640520,
                "player_id": 314490,
                "player_name": "Wong Wing Kit",
                "related_player_id": 313966,
                "related_player_name": "M. Rainer",
                "minute": 63,
                "extra_minute": null,
                "reason": null,
                "injuried": null,
                "result": null
            },
            {
                "id": 10145721,
                "team_id": "18065",
                "type": "substitution",
                "fixture_id": 640520,
                "player_id": 312965,
                "player_name": "Ning An",
                "related_player_id": 313566,
                "related_player_name": "Chan Lap Ming",
                "minute": 69,
                "extra_minute": null,
                "reason": null,
                "injuried": null,
                "result": null
            },
            {
                "id": 10145646,
                "team_id": "18134",
                "type": "goal",
                "fixture_id": 640520,
                "player_id": 313766,
                "player_name": "G. Ghéczy",
                "related_player_id": null,
                "related_player_name": null,
                "minute": 70,
                "extra_minute": null,
                "reason": null,
                "injuried": null,
                "result": null
            },
            {
                "id": 10145676,
                "team_id": "18065",
                "type": "yellowcard",
                "fixture_id": 640520,
                "player_id": 65710,
                "player_name": "Yang Ting",
                "related_player_id": null,
                "related_player_name": null,
                "minute": 77,
                "extra_minute": null,
                "reason": null,
                "injuried": null,
                "result": null
            },
            {
                "id": 10145653,
                "team_id": "18134",
                "type": "goal",
                "fixture_id": 640520,
                "player_id": 314524,
                "player_name": "Man Daniel Ga Wing",
                "related_player_id": null,
                "related_player_name": null,
                "minute": 78,
                "extra_minute": null,
                "reason": null,
                "injuried": null,
                "result": null
            },
            {
                "id": 10145691,
                "team_id": "18065",
                "type": "yellowcard",
                "fixture_id": 640520,
                "player_id": 312965,
                "player_name": "Ning An",
                "related_player_id": null,
                "related_player_name": null,
                "minute": 89,
                "extra_minute": null,
                "reason": null,
                "injuried": null,
                "result": null
            },
            {
                "id": 10145660,
                "team_id": "18134",
                "type": "goal",
                "fixture_id": 640520,
                "player_id": 313766,
                "player_name": "G. Ghéczy",
                "related_player_id": null,
                "related_player_name": null,
                "minute": 90,
                "extra_minute": 8,
                "reason": null,
                "injuried": null,
                "result": null
            },
            {
                "id": 10145668,
                "team_id": "18134",
                "type": "yellowcard",
                "fixture_id": 640520,
                "player_id": 314503,
                "player_name": "S. McGurgan",
                "related_player_id": null,
                "related_player_name": null,
                "minute": 90,
                "extra_minute": 1,
                "reason": null,
                "injuried": null,
                "result": null
            },
            {
                "id": 10145684,
                "team_id": "18065",
                "type": "yellowcard",
                "fixture_id": 640520,
                "player_id": 313198,
                "player_name": "Min Junlin",
                "related_player_id": null,
                "related_player_name": null,
                "minute": 90,
                "extra_minute": 7,
                "reason": null,
                "injuried": null,
                "result": null
            },
            {
                "id": 10145728,
                "team_id": "18065",
                "type": "substitution",
                "fixture_id": 640520,
                "player_id": 314571,
                "player_name": "Xiang Jiachi",
                "related_player_id": 313198,
                "related_player_name": "Min Junlin",
                "minute": 90,
                "extra_minute": 7,
                "reason": null,
                "injuried": null,
                "result": null
            }
        ]
    },
    "odds": {
        "data": []
    }
}