{
    "id": 640715,
    "league_id": 1001,
    "season_id": 987,
    "stage_id": 1915,
    "round_id": 30842,
    "group_id": null,
    "aggregate_id": null,
    "venue_id": 13845,
    "referee_id": null,
    "localteam_id": 18134,
    "visitorteam_id": 7423,
    "winner_team_id": 7423,
    "weather_report": null,
    "commentaries": false,
    "attendance": null,
    "pitch": null,
    "details": null,
    "neutral_venue": false,
    "winning_odds_calculated": true,
    "formations": {
        "localteam_formation": null,
        "visitorteam_formation": null
    },
    "scores": {
        "localteam_score": 1,
        "visitorteam_score": 4,
        "localteam_pen_score": null,
        "visitorteam_pen_score": null,
        "ht_score": "1-0",
        "ft_score": "1-4",
        "et_score": null
    },
    "time": {
        "status": "FT",
        "starting_at": {
            "date_time": "2017-03-17 12:00:00",
            "date": "2017-03-17",
            "time": "12:00:00",
            "timestamp": 1489752000,
            "timezone": "UTC"
        },
        "minute": 90,
        "second": null,
        "added_time": null,
        "extra_minute": null,
        "injury_time": null
    },
    "coaches": {
        "localteam_coach_id": null,
        "visitorteam_coach_id": null
    },
    "standings": {
        "localteam_position": null,
        "visitorteam_position": null
    },
    "assistants": {
        "first_assistant_id": null,
        "second_assistant_id": null,
        "fourth_official_id": null
    },
    "leg": null,
    "colors": null,
    "deleted": false,
    "localTeam": {
        "data": {
            "id": 18134,
            "legacy_id": 2799,
            "name": "Hong Kong",
            "short_code": "HKG",
            "twitter": null,
            "country_id": 64306,
            "national_team": true,
            "founded": 1886,
            "logo_path": "https://cdn.sportmonks.com/images//soccer/teams/22/18134.png",
            "venue_id": 13845,
            "current_season_id": 14986
        }
    },
    "visitorTeam": {
        "data": {
            "id": 7423,
            "legacy_id": null,
            "name": "BCGS Hong Kong Sapling",
            "short_code": null,
            "twitter": null,
            "country_id": 64306,
            "national_team": false,
            "founded": 2011,
            "logo_path": "https://cdn.sportmonks.com/images//soccer/teams/31/7423.png",
            "venue_id": 13843,
            "current_season_id": 8798
        }
    },
    "league": {
        "data": {
            "id": 1001,
            "active": true,
            "type": "domestic",
            "legacy_id": 350,
            "country_id": 64306,
            "logo_path": null,
            "name": "Premier League",
            "is_cup": false,
            "current_season_id": 16570,
            "current_round_id": 182670,
            "current_stage_id": 77445709,
            "live_standings": false,
            "coverage": {
                "predictions": 1,
                "topscorer_goals": false,
                "topscorer_assists": false,
                "topscorer_cards": false
            }
        }
    },
    "events": {
        "data": [
            {
                "id": 10146584,
                "team_id": "18134",
                "type": "goal",
                "fixture_id": 640715,
                "player_id": 313891,
                "player_name": "F. Schipper",
                "related_player_id": null,
                "related_player_name": null,
                "minute": 21,
                "extra_minute": null,
                "reason": null,
                "injuried": null,
                "result": null
            },
            {
                "id": 10146592,
                "team_id": "7423",
                "type": "goal",
                "fixture_id": 640715,
                "player_id": 314540,
                "player_name": "Everton Camargo",
                "related_player_id": null,
                "related_player_name": null,
                "minute": 50,
                "extra_minute": null,
                "reason": null,
                "injuried": null,
                "result": null
            },
            {
                "id": 10146599,
                "team_id": "7423",
                "type": "goal",
                "fixture_id": 640715,
                "player_id": 314540,
                "player_name": "Everton Camargo",
                "related_player_id": null,
                "related_player_name": null,
                "minute": 60,
                "extra_minute": null,
                "reason": null,
                "injuried": null,
                "result": null
            },
            {
                "id": 10146607,
                "team_id": "7423",
                "type": "goal",
                "fixture_id": 640715,
                "player_id": 177123,
                "player_name": "I. Miović",
                "related_player_id": null,
                "related_player_name": null,
                "minute": 66,
                "extra_minute": null,
                "reason": null,
                "injuried": null,
                "result": null
            },
            {
                "id": 10146615,
                "team_id": "7423",
                "type": "goal",
                "fixture_id": 640715,
                "player_id": 314540,
                "player_name": "Everton Camargo",
                "related_player_id": null,
                "related_player_name": null,
                "minute": 90,
                "extra_minute": 3,
                "reason": null,
                "injuried": null,
                "result": null
            }
        ]
    },
    "odds": {
        "data": []
    }
}