{
    "id": 640808,
    "league_id": 1001,
    "season_id": 987,
    "stage_id": 1915,
    "round_id": 30843,
    "group_id": null,
    "aggregate_id": null,
    "venue_id": 13845,
    "referee_id": null,
    "localteam_id": 18134,
    "visitorteam_id": 7439,
    "winner_team_id": 7439,
    "weather_report": null,
    "commentaries": false,
    "attendance": null,
    "pitch": null,
    "details": null,
    "neutral_venue": false,
    "winning_odds_calculated": true,
    "formations": {
        "localteam_formation": null,
        "visitorteam_formation": null
    },
    "scores": {
        "localteam_score": 1,
        "visitorteam_score": 6,
        "localteam_pen_score": null,
        "visitorteam_pen_score": null,
        "ht_score": "0-3",
        "ft_score": "1-6",
        "et_score": null
    },
    "time": {
        "status": "FT",
        "starting_at": {
            "date_time": "2017-04-01 12:00:00",
            "date": "2017-04-01",
            "time": "12:00:00",
            "timestamp": 1491048000,
            "timezone": "UTC"
        },
        "minute": 90,
        "second": null,
        "added_time": null,
        "extra_minute": null,
        "injury_time": null
    },
    "coaches": {
        "localteam_coach_id": null,
        "visitorteam_coach_id": null
    },
    "standings": {
        "localteam_position": null,
        "visitorteam_position": null
    },
    "assistants": {
        "first_assistant_id": null,
        "second_assistant_id": null,
        "fourth_official_id": null
    },
    "leg": null,
    "colors": null,
    "deleted": false,
    "localTeam": {
        "data": {
            "id": 18134,
            "legacy_id": 2799,
            "name": "Hong Kong",
            "short_code": "HKG",
            "twitter": null,
            "country_id": 64306,
            "national_team": true,
            "founded": 1886,
            "logo_path": "https://cdn.sportmonks.com/images//soccer/teams/22/18134.png",
            "venue_id": 13845,
            "current_season_id": 14986
        }
    },
    "visitorTeam": {
        "data": {
            "id": 7439,
            "legacy_id": 2319,
            "name": "South China",
            "short_code": null,
            "twitter": null,
            "country_id": 64306,
            "national_team": false,
            "founded": 1904,
            "logo_path": "https://cdn.sportmonks.com/images//soccer/teams/15/7439.png",
            "venue_id": 290147,
            "current_season_id": 14986
        }
    },
    "league": {
        "data": {
            "id": 1001,
            "active": true,
            "type": "domestic",
            "legacy_id": 350,
            "country_id": 64306,
            "logo_path": null,
            "name": "Premier League",
            "is_cup": false,
            "current_season_id": 16570,
            "current_round_id": 182670,
            "current_stage_id": 77445709,
            "live_standings": false,
            "coverage": {
                "predictions": 1,
                "topscorer_goals": false,
                "topscorer_assists": false,
                "topscorer_cards": false
            }
        }
    },
    "events": {
        "data": [
            {
                "id": 10147044,
                "team_id": "7439",
                "type": "goal",
                "fixture_id": 640808,
                "player_id": 314891,
                "player_name": "Y. Kato",
                "related_player_id": null,
                "related_player_name": null,
                "minute": 17,
                "extra_minute": null,
                "reason": null,
                "injuried": null,
                "result": null
            },
            {
                "id": 10147053,
                "team_id": "7439",
                "type": "goal",
                "fixture_id": 640808,
                "player_id": 314042,
                "player_name": "Chan Siu Kwan",
                "related_player_id": null,
                "related_player_name": null,
                "minute": 21,
                "extra_minute": null,
                "reason": null,
                "injuried": null,
                "result": null
            },
            {
                "id": 10147059,
                "team_id": "7439",
                "type": "goal",
                "fixture_id": 640808,
                "player_id": 67670,
                "player_name": "N. Komazec",
                "related_player_id": null,
                "related_player_name": null,
                "minute": 42,
                "extra_minute": null,
                "reason": null,
                "injuried": null,
                "result": null
            },
            {
                "id": 10147066,
                "team_id": "7439",
                "type": "goal",
                "fixture_id": 640808,
                "player_id": 313315,
                "player_name": "Chu Siu Kei",
                "related_player_id": null,
                "related_player_name": null,
                "minute": 46,
                "extra_minute": null,
                "reason": null,
                "injuried": null,
                "result": null
            },
            {
                "id": 10147075,
                "team_id": "7439",
                "type": "goal",
                "fixture_id": 640808,
                "player_id": 314044,
                "player_name": "Lo Kong Wai",
                "related_player_id": null,
                "related_player_name": null,
                "minute": 61,
                "extra_minute": null,
                "reason": null,
                "injuried": null,
                "result": null
            },
            {
                "id": 10147083,
                "team_id": "7439",
                "type": "goal",
                "fixture_id": 640808,
                "player_id": 67670,
                "player_name": "N. Komazec",
                "related_player_id": null,
                "related_player_name": null,
                "minute": 62,
                "extra_minute": null,
                "reason": null,
                "injuried": null,
                "result": null
            },
            {
                "id": 10147092,
                "team_id": "18134",
                "type": "goal",
                "fixture_id": 640808,
                "player_id": 314507,
                "player_name": "T. Smith",
                "related_player_id": null,
                "related_player_name": null,
                "minute": 75,
                "extra_minute": null,
                "reason": null,
                "injuried": null,
                "result": null
            }
        ]
    },
    "odds": {
        "data": []
    }
}