{
    "id": 640397,
    "league_id": 1001,
    "season_id": 987,
    "stage_id": 1915,
    "round_id": 30838,
    "group_id": null,
    "aggregate_id": null,
    "venue_id": 13845,
    "referee_id": null,
    "localteam_id": 18134,
    "visitorteam_id": 5806,
    "winner_team_id": 5806,
    "weather_report": null,
    "commentaries": false,
    "attendance": null,
    "pitch": null,
    "details": null,
    "neutral_venue": false,
    "winning_odds_calculated": true,
    "formations": {
        "localteam_formation": null,
        "visitorteam_formation": null
    },
    "scores": {
        "localteam_score": 0,
        "visitorteam_score": 6,
        "localteam_pen_score": null,
        "visitorteam_pen_score": null,
        "ht_score": "0-4",
        "ft_score": "0-6",
        "et_score": null
    },
    "time": {
        "status": "FT",
        "starting_at": {
            "date_time": "2017-02-03 12:00:00",
            "date": "2017-02-03",
            "time": "12:00:00",
            "timestamp": 1486123200,
            "timezone": "UTC"
        },
        "minute": 90,
        "second": null,
        "added_time": null,
        "extra_minute": null,
        "injury_time": null
    },
    "coaches": {
        "localteam_coach_id": null,
        "visitorteam_coach_id": null
    },
    "standings": {
        "localteam_position": null,
        "visitorteam_position": null
    },
    "assistants": {
        "first_assistant_id": null,
        "second_assistant_id": null,
        "fourth_official_id": null
    },
    "leg": null,
    "colors": null,
    "deleted": false,
    "localTeam": {
        "data": {
            "id": 18134,
            "legacy_id": 2799,
            "name": "Hong Kong",
            "short_code": "HKG",
            "twitter": null,
            "country_id": 64306,
            "national_team": true,
            "founded": 1886,
            "logo_path": "https://cdn.sportmonks.com/images//soccer/teams/22/18134.png",
            "venue_id": 13845,
            "current_season_id": 14986
        }
    },
    "visitorTeam": {
        "data": {
            "id": 5806,
            "legacy_id": 6245,
            "name": "Southern District",
            "short_code": null,
            "twitter": null,
            "country_id": 64306,
            "national_team": false,
            "founded": 2002,
            "logo_path": "https://cdn.sportmonks.com/images//soccer/teams/14/5806.png",
            "venue_id": 3800,
            "current_season_id": 13176
        }
    },
    "league": {
        "data": {
            "id": 1001,
            "active": true,
            "type": "domestic",
            "legacy_id": 350,
            "country_id": 64306,
            "logo_path": null,
            "name": "Premier League",
            "is_cup": false,
            "current_season_id": 16570,
            "current_round_id": 182670,
            "current_stage_id": 77445709,
            "live_standings": false,
            "coverage": {
                "predictions": 1,
                "topscorer_goals": false,
                "topscorer_assists": false,
                "topscorer_cards": false
            }
        }
    },
    "events": {
        "data": [
            {
                "id": 10145166,
                "team_id": "5806",
                "type": "goal",
                "fixture_id": 640397,
                "player_id": 189080,
                "player_name": "Marc Jiménez",
                "related_player_id": null,
                "related_player_name": null,
                "minute": 13,
                "extra_minute": null,
                "reason": null,
                "injuried": null,
                "result": null
            },
            {
                "id": 10145175,
                "team_id": "5806",
                "type": "goal",
                "fixture_id": 640397,
                "player_id": 308337,
                "player_name": "T. Uchida",
                "related_player_id": null,
                "related_player_name": null,
                "minute": 27,
                "extra_minute": null,
                "reason": null,
                "injuried": null,
                "result": null
            },
            {
                "id": 10145182,
                "team_id": "5806",
                "type": "goal",
                "fixture_id": 640397,
                "player_id": 189080,
                "player_name": "Marc Jiménez",
                "related_player_id": null,
                "related_player_name": null,
                "minute": 38,
                "extra_minute": null,
                "reason": null,
                "injuried": null,
                "result": null
            },
            {
                "id": 10145211,
                "team_id": "5806",
                "type": "yellowcard",
                "fixture_id": 640397,
                "player_id": 313938,
                "player_name": "Luk Michael Chi Ho",
                "related_player_id": null,
                "related_player_name": null,
                "minute": 40,
                "extra_minute": null,
                "reason": null,
                "injuried": null,
                "result": null
            },
            {
                "id": 10145190,
                "team_id": "5806",
                "type": "goal",
                "fixture_id": 640397,
                "player_id": 313868,
                "player_name": "Gee Ha James Stephen",
                "related_player_id": null,
                "related_player_name": null,
                "minute": 41,
                "extra_minute": null,
                "reason": null,
                "injuried": null,
                "result": null
            },
            {
                "id": 10145241,
                "team_id": "5806",
                "type": "substitution",
                "fixture_id": 640397,
                "player_id": 229748,
                "player_name": "Tomas",
                "related_player_id": 314395,
                "related_player_name": "Diego Garrido",
                "minute": 43,
                "extra_minute": null,
                "reason": null,
                "injuried": null,
                "result": null
            },
            {
                "id": 10145219,
                "team_id": "18134",
                "type": "substitution",
                "fixture_id": 640397,
                "player_id": 314519,
                "player_name": "S. Nakamura",
                "related_player_id": 314489,
                "related_player_name": "A. Wylde",
                "minute": 46,
                "extra_minute": null,
                "reason": null,
                "injuried": null,
                "result": null
            },
            {
                "id": 10145249,
                "team_id": "5806",
                "type": "substitution",
                "fixture_id": 640397,
                "player_id": 314174,
                "player_name": "Dieguito",
                "related_player_id": 308337,
                "related_player_name": "T. Uchida",
                "minute": 58,
                "extra_minute": null,
                "reason": null,
                "injuried": null,
                "result": null
            },
            {
                "id": 10145197,
                "team_id": "5806",
                "type": "goal",
                "fixture_id": 640397,
                "player_id": 313274,
                "player_name": "Fronza",
                "related_player_id": null,
                "related_player_name": null,
                "minute": 72,
                "extra_minute": null,
                "reason": null,
                "injuried": null,
                "result": null
            },
            {
                "id": 10145256,
                "team_id": "5806",
                "type": "substitution",
                "fixture_id": 640397,
                "player_id": 314394,
                "player_name": "Chan Kong Pan",
                "related_player_id": 270459,
                "related_player_name": "S. Spitz",
                "minute": 74,
                "extra_minute": null,
                "reason": null,
                "injuried": null,
                "result": null
            },
            {
                "id": 10145227,
                "team_id": "18134",
                "type": "substitution",
                "fixture_id": 640397,
                "player_id": 314914,
                "player_name": "Cheng Chi Kin",
                "related_player_id": 314524,
                "related_player_name": "Man Daniel Ga Wing",
                "minute": 81,
                "extra_minute": null,
                "reason": null,
                "injuried": null,
                "result": null
            },
            {
                "id": 10145204,
                "team_id": "5806",
                "type": "goal",
                "fixture_id": 640397,
                "player_id": 313724,
                "player_name": "Wellingsson",
                "related_player_id": null,
                "related_player_name": null,
                "minute": 83,
                "extra_minute": null,
                "reason": null,
                "injuried": null,
                "result": null
            },
            {
                "id": 10145233,
                "team_id": "18134",
                "type": "substitution",
                "fixture_id": 640397,
                "player_id": 314490,
                "player_name": "Wong Wing Kit",
                "related_player_id": 314486,
                "related_player_name": "M. Hampshire",
                "minute": 84,
                "extra_minute": null,
                "reason": null,
                "injuried": null,
                "result": null
            }
        ]
    },
    "odds": {
        "data": []
    }
}