{
    "id": 7340,
    "league_id": 8,
    "season_id": 13,
    "stage_id": 11,
    "round_id": 721,
    "group_id": null,
    "aggregate_id": null,
    "venue_id": 199,
    "referee_id": 117,
    "localteam_id": 22,
    "visitorteam_id": 25,
    "winner_team_id": 22,
    "weather_report": null,
    "commentaries": true,
    "attendance": 20432,
    "pitch": null,
    "details": null,
    "neutral_venue": false,
    "winning_odds_calculated": true,
    "formations": {
        "localteam_formation": "4-2-3-1",
        "visitorteam_formation": "4-2-3-1"
    },
    "scores": {
        "localteam_score": 2,
        "visitorteam_score": 0,
        "localteam_pen_score": null,
        "visitorteam_pen_score": null,
        "ht_score": "0-0",
        "ft_score": "2-0",
        "et_score": null
    },
    "time": {
        "status": "FT",
        "starting_at": {
            "date_time": "2017-04-22 14:00:00",
            "date": "2017-04-22",
            "time": "14:00:00",
            "timestamp": 1492869600,
            "timezone": "UTC"
        },
        "minute": 90,
        "second": null,
        "added_time": null,
        "extra_minute": null,
        "injury_time": null
    },
    "coaches": {
        "localteam_coach_id": 455424,
        "visitorteam_coach_id": 518647
    },
    "standings": {
        "localteam_position": null,
        "visitorteam_position": null
    },
    "assistants": {
        "first_assistant_id": null,
        "second_assistant_id": null,
        "fourth_official_id": null
    },
    "leg": "1/1",
    "colors": null,
    "deleted": false,
    "localTeam": {
        "data": {
            "id": 22,
            "legacy_id": 384,
            "name": "Hull City",
            "short_code": "HUL",
            "twitter": "@HullCity",
            "country_id": 462,
            "national_team": false,
            "founded": 1904,
            "logo_path": "https://cdn.sportmonks.com/images//soccer/teams/22/22.png",
            "venue_id": 199,
            "current_season_id": 16211
        }
    },
    "visitorTeam": {
        "data": {
            "id": 25,
            "legacy_id": 393,
            "name": "Watford",
            "short_code": "WAT",
            "twitter": "@WatfordFC",
            "country_id": 462,
            "national_team": false,
            "founded": 1881,
            "logo_path": "https://cdn.sportmonks.com/images//soccer/teams/25/25.png",
            "venue_id": 149,
            "current_season_id": 16036
        }
    },
    "league": {
        "data": {
            "id": 8,
            "active": true,
            "type": "domestic",
            "legacy_id": 29,
            "country_id": 462,
            "logo_path": "https://cdn.sportmonks.com/images/soccer/leagues/8.png",
            "name": "Premier League",
            "is_cup": false,
            "current_season_id": 16036,
            "current_round_id": 169657,
            "current_stage_id": 77443862,
            "live_standings": true,
            "coverage": {
                "predictions": 1,
                "topscorer_goals": true,
                "topscorer_assists": true,
                "topscorer_cards": true
            }
        }
    },
    "events": {
        "data": [
            {
                "id": 6920320,
                "team_id": "22",
                "type": "redcard",
                "fixture_id": 7340,
                "player_id": 4607,
                "player_name": "O. Niasse",
                "related_player_id": null,
                "related_player_name": null,
                "minute": 25,
                "extra_minute": null,
                "reason": "Foul",
                "injuried": null,
                "result": null
            },
            {
                "id": 6920303,
                "team_id": "22",
                "type": "yellowcard",
                "fixture_id": 7340,
                "player_id": 4437,
                "player_name": "A. N'Diaye",
                "related_player_id": null,
                "related_player_name": null,
                "minute": 42,
                "extra_minute": null,
                "reason": null,
                "injuried": null,
                "result": null
            },
            {
                "id": 6920337,
                "team_id": "22",
                "type": "substitution",
                "fixture_id": 7340,
                "player_id": 1568,
                "player_name": "A. Hernández",
                "related_player_id": 5311,
                "related_player_name": "Evandro",
                "minute": 46,
                "extra_minute": null,
                "reason": null,
                "injuried": null,
                "result": null
            },
            {
                "id": 6920282,
                "team_id": "22",
                "type": "goal",
                "fixture_id": 7340,
                "player_id": 4101,
                "player_name": "L. Marković",
                "related_player_id": null,
                "related_player_name": null,
                "minute": 62,
                "extra_minute": null,
                "reason": null,
                "injuried": null,
                "result": null
            },
            {
                "id": 6920312,
                "team_id": "22",
                "type": "yellowcard",
                "fixture_id": 7340,
                "player_id": 4101,
                "player_name": "L. Marković",
                "related_player_id": null,
                "related_player_name": null,
                "minute": 66,
                "extra_minute": null,
                "reason": null,
                "injuried": null,
                "result": null
            },
            {
                "id": 6920363,
                "team_id": "25",
                "type": "substitution",
                "fixture_id": 7340,
                "player_id": 4766,
                "player_name": "I. Success",
                "related_player_id": 1761,
                "related_player_name": "N. Amrabat",
                "minute": 67,
                "extra_minute": null,
                "reason": null,
                "injuried": null,
                "result": null
            },
            {
                "id": 6920329,
                "team_id": "25",
                "type": "yellowcard",
                "fixture_id": 7340,
                "player_id": 1279,
                "player_name": "S. Prödl",
                "related_player_id": null,
                "related_player_name": null,
                "minute": 68,
                "extra_minute": null,
                "reason": null,
                "injuried": null,
                "result": null
            },
            {
                "id": 6920289,
                "team_id": "22",
                "type": "goal",
                "fixture_id": 7340,
                "player_id": 1571,
                "player_name": "S. Clucas",
                "related_player_id": null,
                "related_player_name": null,
                "minute": 71,
                "extra_minute": null,
                "reason": null,
                "injuried": null,
                "result": null
            },
            {
                "id": 6920371,
                "team_id": "25",
                "type": "substitution",
                "fixture_id": 7340,
                "player_id": 740,
                "player_name": "S. Okaka",
                "related_player_id": 2144,
                "related_player_name": "A. Doucouré",
                "minute": 73,
                "extra_minute": null,
                "reason": null,
                "injuried": null,
                "result": null
            },
            {
                "id": 6920295,
                "team_id": "22",
                "type": "yellowcard",
                "fixture_id": 7340,
                "player_id": 1078,
                "player_name": "A. Robertson",
                "related_player_id": null,
                "related_player_name": null,
                "minute": 81,
                "extra_minute": null,
                "reason": null,
                "injuried": null,
                "result": null
            },
            {
                "id": 6920345,
                "team_id": "22",
                "type": "substitution",
                "fixture_id": 7340,
                "player_id": 33,
                "player_name": "T. Huddlestone",
                "related_player_id": 4101,
                "related_player_name": "L. Marković",
                "minute": 82,
                "extra_minute": null,
                "reason": null,
                "injuried": null,
                "result": null
            },
            {
                "id": 6920379,
                "team_id": "25",
                "type": "substitution",
                "fixture_id": 7340,
                "player_id": 1748,
                "player_name": "C. Zúñiga",
                "related_player_id": 1253,
                "related_player_name": "J. Holebas",
                "minute": 87,
                "extra_minute": null,
                "reason": null,
                "injuried": null,
                "result": null
            },
            {
                "id": 6920356,
                "team_id": "22",
                "type": "substitution",
                "fixture_id": 7340,
                "player_id": 259,
                "player_name": "M. Dawson",
                "related_player_id": 5359,
                "related_player_name": "K. Grosicki",
                "minute": 90,
                "extra_minute": null,
                "reason": null,
                "injuried": null,
                "result": null
            }
        ]
    },
    "odds": {
        "data": []
    }
}