{
    "id": 6924,
    "league_id": 8,
    "season_id": 13,
    "stage_id": 11,
    "round_id": 681,
    "group_id": null,
    "aggregate_id": null,
    "venue_id": 199,
    "referee_id": 123,
    "localteam_id": 22,
    "visitorteam_id": 1,
    "winner_team_id": 22,
    "weather_report": null,
    "commentaries": true,
    "attendance": null,
    "pitch": null,
    "details": null,
    "neutral_venue": false,
    "winning_odds_calculated": true,
    "formations": {
        "localteam_formation": "3-4-1-2",
        "visitorteam_formation": "4-2-3-1"
    },
    "scores": {
        "localteam_score": 2,
        "visitorteam_score": 1,
        "localteam_pen_score": null,
        "visitorteam_pen_score": null,
        "ht_score": "0-1",
        "ft_score": "2-1",
        "et_score": null
    },
    "time": {
        "status": "FT",
        "starting_at": {
            "date_time": "2017-04-01 14:00:00",
            "date": "2017-04-01",
            "time": "14:00:00",
            "timestamp": 1491055200,
            "timezone": "UTC"
        },
        "minute": 90,
        "second": null,
        "added_time": null,
        "extra_minute": null,
        "injury_time": null
    },
    "coaches": {
        "localteam_coach_id": 455424,
        "visitorteam_coach_id": 455343
    },
    "standings": {
        "localteam_position": null,
        "visitorteam_position": null
    },
    "assistants": {
        "first_assistant_id": null,
        "second_assistant_id": null,
        "fourth_official_id": null
    },
    "leg": "1/1",
    "colors": null,
    "deleted": false,
    "localTeam": {
        "data": {
            "id": 22,
            "legacy_id": 384,
            "name": "Hull City",
            "short_code": "HUL",
            "twitter": "@HullCity",
            "country_id": 462,
            "national_team": false,
            "founded": 1904,
            "logo_path": "https://cdn.sportmonks.com/images//soccer/teams/22/22.png",
            "venue_id": 199,
            "current_season_id": 16211
        }
    },
    "visitorTeam": {
        "data": {
            "id": 1,
            "legacy_id": 377,
            "name": "West Ham United",
            "short_code": "WHU",
            "twitter": "@WestHamUtd",
            "country_id": 462,
            "national_team": false,
            "founded": 1895,
            "logo_path": "https://cdn.sportmonks.com/images//soccer/teams/1/1.png",
            "venue_id": 214,
            "current_season_id": 16036
        }
    },
    "league": {
        "data": {
            "id": 8,
            "active": true,
            "type": "domestic",
            "legacy_id": 29,
            "country_id": 462,
            "logo_path": "https://cdn.sportmonks.com/images/soccer/leagues/8.png",
            "name": "Premier League",
            "is_cup": false,
            "current_season_id": 16036,
            "current_round_id": 169657,
            "current_stage_id": 77443862,
            "live_standings": true,
            "coverage": {
                "predictions": 1,
                "topscorer_goals": true,
                "topscorer_assists": true,
                "topscorer_cards": true
            }
        }
    },
    "events": {
        "data": [
            {
                "id": 6916822,
                "team_id": "1",
                "type": "yellowcard",
                "fixture_id": 6924,
                "player_id": 1166,
                "player_name": "José Fonte",
                "related_player_id": null,
                "related_player_name": null,
                "minute": 2,
                "extra_minute": null,
                "reason": "Foul",
                "injuried": null,
                "result": null
            },
            {
                "id": 6916782,
                "team_id": "1",
                "type": "goal",
                "fixture_id": 6924,
                "player_id": 746,
                "player_name": "A. Carroll",
                "related_player_id": 1261,
                "related_player_name": "A. Cresswell",
                "minute": 18,
                "extra_minute": null,
                "reason": null,
                "injuried": null,
                "result": null
            },
            {
                "id": 6916837,
                "team_id": "22",
                "type": "substitution",
                "fixture_id": 6924,
                "player_id": 5359,
                "player_name": "K. Grosicki",
                "related_player_id": 193,
                "related_player_name": "C. Davies",
                "minute": 46,
                "extra_minute": null,
                "reason": null,
                "injuried": null,
                "result": null
            },
            {
                "id": 6916789,
                "team_id": "22",
                "type": "goal",
                "fixture_id": 6924,
                "player_id": 1078,
                "player_name": "A. Robertson",
                "related_player_id": 5359,
                "related_player_name": "K. Grosicki",
                "minute": 53,
                "extra_minute": null,
                "reason": null,
                "injuried": null,
                "result": null
            },
            {
                "id": 6916814,
                "team_id": "22",
                "type": "yellowcard",
                "fixture_id": 6924,
                "player_id": 4607,
                "player_name": "O. Niasse",
                "related_player_id": null,
                "related_player_name": null,
                "minute": 58,
                "extra_minute": null,
                "reason": null,
                "injuried": null,
                "result": null
            },
            {
                "id": 6916830,
                "team_id": "1",
                "type": "yellowcard",
                "fixture_id": 6924,
                "player_id": 746,
                "player_name": "A. Carroll",
                "related_player_id": null,
                "related_player_name": null,
                "minute": 64,
                "extra_minute": null,
                "reason": null,
                "injuried": null,
                "result": null
            },
            {
                "id": 6916857,
                "team_id": "1",
                "type": "substitution",
                "fixture_id": 6924,
                "player_id": 4947,
                "player_name": "E. Fernandes",
                "related_player_id": 870,
                "related_player_name": "R. Snodgrass",
                "minute": 66,
                "extra_minute": null,
                "reason": null,
                "injuried": null,
                "result": null
            },
            {
                "id": 6916864,
                "team_id": "1",
                "type": "substitution",
                "fixture_id": 6924,
                "player_id": 1941,
                "player_name": "A. Masuaku",
                "related_player_id": 1261,
                "related_player_name": "A. Cresswell",
                "minute": 68,
                "extra_minute": null,
                "reason": null,
                "injuried": null,
                "result": null
            },
            {
                "id": 6916806,
                "team_id": "22",
                "type": "yellowcard",
                "fixture_id": 6924,
                "player_id": 4437,
                "player_name": "A. N'Diaye",
                "related_player_id": null,
                "related_player_name": null,
                "minute": 73,
                "extra_minute": null,
                "reason": null,
                "injuried": null,
                "result": null
            },
            {
                "id": 6916843,
                "team_id": "22",
                "type": "substitution",
                "fixture_id": 6924,
                "player_id": 1334,
                "player_name": "S. Maloney",
                "related_player_id": 4437,
                "related_player_name": "A. NDiaye",
                "minute": 79,
                "extra_minute": null,
                "reason": null,
                "injuried": null,
                "result": null
            },
            {
                "id": 6916851,
                "team_id": "22",
                "type": "substitution",
                "fixture_id": 6924,
                "player_id": 4807,
                "player_name": "M. Henriksen",
                "related_player_id": 1568,
                "related_player_name": "A. Hernández",
                "minute": 80,
                "extra_minute": null,
                "reason": null,
                "injuried": null,
                "result": null
            },
            {
                "id": 6916798,
                "team_id": "22",
                "type": "goal",
                "fixture_id": 6924,
                "player_id": 5349,
                "player_name": "A. Ranocchia",
                "related_player_id": 5359,
                "related_player_name": "K. Grosicki",
                "minute": 85,
                "extra_minute": null,
                "reason": null,
                "injuried": null,
                "result": null
            },
            {
                "id": 6916872,
                "team_id": "1",
                "type": "substitution",
                "fixture_id": 6924,
                "player_id": 4700,
                "player_name": "J. Calleri",
                "related_player_id": 1243,
                "related_player_name": "C. Kouyaté",
                "minute": 90,
                "extra_minute": 2,
                "reason": null,
                "injuried": null,
                "result": null
            }
        ]
    },
    "odds": {
        "data": []
    }
}