{
    "id": 5964,
    "league_id": 8,
    "season_id": 13,
    "stage_id": 11,
    "round_id": 594,
    "group_id": null,
    "aggregate_id": null,
    "venue_id": 199,
    "referee_id": 41,
    "localteam_id": 22,
    "visitorteam_id": 52,
    "winner_team_id": 22,
    "weather_report": null,
    "commentaries": true,
    "attendance": null,
    "pitch": null,
    "details": null,
    "neutral_venue": false,
    "winning_odds_calculated": true,
    "formations": {
        "localteam_formation": "3-5-2",
        "visitorteam_formation": "4-2-3-1"
    },
    "scores": {
        "localteam_score": 3,
        "visitorteam_score": 1,
        "localteam_pen_score": null,
        "visitorteam_pen_score": null,
        "ht_score": "1-1",
        "ft_score": "3-1",
        "et_score": null
    },
    "time": {
        "status": "FT",
        "starting_at": {
            "date_time": "2017-01-14 15:00:00",
            "date": "2017-01-14",
            "time": "15:00:00",
            "timestamp": 1484406000,
            "timezone": "UTC"
        },
        "minute": 90,
        "second": null,
        "added_time": null,
        "extra_minute": null,
        "injury_time": null
    },
    "coaches": {
        "localteam_coach_id": 455424,
        "visitorteam_coach_id": 523911
    },
    "standings": {
        "localteam_position": null,
        "visitorteam_position": null
    },
    "assistants": {
        "first_assistant_id": null,
        "second_assistant_id": null,
        "fourth_official_id": null
    },
    "leg": "1/1",
    "colors": null,
    "deleted": false,
    "localTeam": {
        "data": {
            "id": 22,
            "legacy_id": 384,
            "name": "Hull City",
            "short_code": "HUL",
            "twitter": "@HullCity",
            "country_id": 462,
            "national_team": false,
            "founded": 1904,
            "logo_path": "https://cdn.sportmonks.com/images//soccer/teams/22/22.png",
            "venue_id": 199,
            "current_season_id": 16211
        }
    },
    "visitorTeam": {
        "data": {
            "id": 52,
            "legacy_id": 389,
            "name": "AFC Bournemouth",
            "short_code": "BOU",
            "twitter": "@afcbournemouth",
            "country_id": 462,
            "national_team": false,
            "founded": 1899,
            "logo_path": "https://cdn.sportmonks.com/images//soccer/teams/20/52.png",
            "venue_id": 146,
            "current_season_id": 16036
        }
    },
    "league": {
        "data": {
            "id": 8,
            "active": true,
            "type": "domestic",
            "legacy_id": 29,
            "country_id": 462,
            "logo_path": "https://cdn.sportmonks.com/images/soccer/leagues/8.png",
            "name": "Premier League",
            "is_cup": false,
            "current_season_id": 16036,
            "current_round_id": 169657,
            "current_stage_id": 77443862,
            "live_standings": true,
            "coverage": {
                "predictions": 1,
                "topscorer_goals": true,
                "topscorer_assists": true,
                "topscorer_cards": true
            }
        }
    },
    "events": {
        "data": [
            {
                "id": 6908115,
                "team_id": "52",
                "type": "penalty",
                "fixture_id": 5964,
                "player_id": 513,
                "player_name": "J. Stanislas",
                "related_player_id": null,
                "related_player_name": null,
                "minute": 3,
                "extra_minute": null,
                "reason": null,
                "injuried": null,
                "result": null
            },
            {
                "id": 6908123,
                "team_id": "22",
                "type": "goal",
                "fixture_id": 5964,
                "player_id": 1568,
                "player_name": "A. Hernández",
                "related_player_id": 1078,
                "related_player_name": "A. Robertson",
                "minute": 32,
                "extra_minute": null,
                "reason": null,
                "injuried": null,
                "result": null
            },
            {
                "id": 6908130,
                "team_id": "22",
                "type": "goal",
                "fixture_id": 5964,
                "player_id": 1568,
                "player_name": "A. Hernández",
                "related_player_id": 870,
                "related_player_name": "R. Snodgrass",
                "minute": 50,
                "extra_minute": null,
                "reason": null,
                "injuried": null,
                "result": null
            },
            {
                "id": 6908179,
                "team_id": "52",
                "type": "substitution",
                "fixture_id": 5964,
                "player_id": 1065,
                "player_name": "C. Wilson",
                "related_player_id": 1832,
                "related_player_name": "B. Afobe",
                "minute": 55,
                "extra_minute": null,
                "reason": null,
                "injuried": null,
                "result": null
            },
            {
                "id": 6908187,
                "team_id": "52",
                "type": "substitution",
                "fixture_id": 5964,
                "player_id": 1029,
                "player_name": "J. King",
                "related_player_id": 2712,
                "related_player_name": "R. Fraser",
                "minute": 55,
                "extra_minute": null,
                "reason": null,
                "injuried": null,
                "result": null
            },
            {
                "id": 6908145,
                "team_id": "52",
                "type": "yellowcard",
                "fixture_id": 5964,
                "player_id": 1095,
                "player_name": "A. Smith",
                "related_player_id": null,
                "related_player_name": null,
                "minute": 60,
                "extra_minute": null,
                "reason": null,
                "injuried": null,
                "result": null
            },
            {
                "id": 6908137,
                "team_id": "22",
                "type": "own-goal",
                "fixture_id": 5964,
                "player_id": 1094,
                "player_name": "T. Mings",
                "related_player_id": null,
                "related_player_name": null,
                "minute": 62,
                "extra_minute": null,
                "reason": null,
                "injuried": null,
                "result": null
            },
            {
                "id": 6908194,
                "team_id": "52",
                "type": "substitution",
                "fixture_id": 5964,
                "player_id": 1033,
                "player_name": "M. Pugh",
                "related_player_id": 513,
                "related_player_name": "J. Stanislas",
                "minute": 69,
                "extra_minute": null,
                "reason": null,
                "injuried": null,
                "result": null
            },
            {
                "id": 6908155,
                "team_id": "22",
                "type": "substitution",
                "fixture_id": 5964,
                "player_id": 5311,
                "player_name": "Evandro",
                "related_player_id": 870,
                "related_player_name": "R. Snodgrass",
                "minute": 76,
                "extra_minute": null,
                "reason": null,
                "injuried": false,
                "result": null
            },
            {
                "id": 6908163,
                "team_id": "22",
                "type": "substitution",
                "fixture_id": 5964,
                "player_id": 4607,
                "player_name": "O. Niasse",
                "related_player_id": 1568,
                "related_player_name": "A. Hernández",
                "minute": 83,
                "extra_minute": null,
                "reason": null,
                "injuried": false,
                "result": null
            },
            {
                "id": 6908171,
                "team_id": "22",
                "type": "substitution",
                "fixture_id": 5964,
                "player_id": 1083,
                "player_name": "J. Livermore",
                "related_player_id": 938,
                "related_player_name": "R. Mason",
                "minute": 86,
                "extra_minute": null,
                "reason": null,
                "injuried": null,
                "result": null
            }
        ]
    },
    "odds": {
        "data": []
    }
}