{
    "id": 7052,
    "league_id": 8,
    "season_id": 13,
    "stage_id": 11,
    "round_id": 692,
    "group_id": null,
    "aggregate_id": null,
    "venue_id": 199,
    "referee_id": 46,
    "localteam_id": 22,
    "visitorteam_id": 7,
    "winner_team_id": 22,
    "weather_report": null,
    "commentaries": true,
    "attendance": null,
    "pitch": null,
    "details": null,
    "neutral_venue": false,
    "winning_odds_calculated": true,
    "formations": {
        "localteam_formation": "4-4-2",
        "visitorteam_formation": "4-4-2"
    },
    "scores": {
        "localteam_score": 4,
        "visitorteam_score": 2,
        "localteam_pen_score": null,
        "visitorteam_pen_score": null,
        "ht_score": "3-2",
        "ft_score": "4-2",
        "et_score": null
    },
    "time": {
        "status": "FT",
        "starting_at": {
            "date_time": "2017-04-05 18:45:00",
            "date": "2017-04-05",
            "time": "18:45:00",
            "timestamp": 1491417900,
            "timezone": "UTC"
        },
        "minute": 90,
        "second": null,
        "added_time": null,
        "extra_minute": null,
        "injury_time": null
    },
    "coaches": {
        "localteam_coach_id": 455424,
        "visitorteam_coach_id": 455352
    },
    "standings": {
        "localteam_position": null,
        "visitorteam_position": null
    },
    "assistants": {
        "first_assistant_id": null,
        "second_assistant_id": null,
        "fourth_official_id": null
    },
    "leg": "1/1",
    "colors": null,
    "deleted": false,
    "localTeam": {
        "data": {
            "id": 22,
            "legacy_id": 384,
            "name": "Hull City",
            "short_code": "HUL",
            "twitter": "@HullCity",
            "country_id": 462,
            "national_team": false,
            "founded": 1904,
            "logo_path": "https://cdn.sportmonks.com/images//soccer/teams/22/22.png",
            "venue_id": 199,
            "current_season_id": 16211
        }
    },
    "visitorTeam": {
        "data": {
            "id": 7,
            "legacy_id": 390,
            "name": "Middlesbrough",
            "short_code": "MID",
            "twitter": "@Boro",
            "country_id": 462,
            "national_team": false,
            "founded": 1876,
            "logo_path": "https://cdn.sportmonks.com/images//soccer/teams/7/7.png",
            "venue_id": 203,
            "current_season_id": 16211
        }
    },
    "league": {
        "data": {
            "id": 8,
            "active": true,
            "type": "domestic",
            "legacy_id": 29,
            "country_id": 462,
            "logo_path": "https://cdn.sportmonks.com/images/soccer/leagues/8.png",
            "name": "Premier League",
            "is_cup": false,
            "current_season_id": 16036,
            "current_round_id": 169657,
            "current_stage_id": 77443862,
            "live_standings": true,
            "coverage": {
                "predictions": 1,
                "topscorer_goals": true,
                "topscorer_assists": true,
                "topscorer_cards": true
            }
        }
    },
    "events": {
        "data": [
            {
                "id": 6917844,
                "team_id": "7",
                "type": "goal",
                "fixture_id": 7052,
                "player_id": 1428,
                "player_name": "Álvaro Negredo",
                "related_player_id": 4241,
                "related_player_name": "Adama Traoré",
                "minute": 5,
                "extra_minute": null,
                "reason": null,
                "injuried": null,
                "result": null
            },
            {
                "id": 6917852,
                "team_id": "22",
                "type": "goal",
                "fixture_id": 7052,
                "player_id": 4101,
                "player_name": "L. Marković",
                "related_player_id": null,
                "related_player_name": null,
                "minute": 13,
                "extra_minute": null,
                "reason": null,
                "injuried": null,
                "result": null
            },
            {
                "id": 6917895,
                "team_id": "22",
                "type": "yellowcard",
                "fixture_id": 7052,
                "player_id": 1571,
                "player_name": "S. Clucas",
                "related_player_id": null,
                "related_player_name": null,
                "minute": 19,
                "extra_minute": null,
                "reason": null,
                "injuried": null,
                "result": null
            },
            {
                "id": 6917903,
                "team_id": "7",
                "type": "yellowcard",
                "fixture_id": 7052,
                "player_id": 1728,
                "player_name": "A. Clayton",
                "related_player_id": null,
                "related_player_name": null,
                "minute": 21,
                "extra_minute": null,
                "reason": null,
                "injuried": null,
                "result": null
            },
            {
                "id": 6917858,
                "team_id": "22",
                "type": "goal",
                "fixture_id": 7052,
                "player_id": 4607,
                "player_name": "O. Niasse",
                "related_player_id": 1568,
                "related_player_name": "A. Hernández",
                "minute": 27,
                "extra_minute": null,
                "reason": null,
                "injuried": null,
                "result": null
            },
            {
                "id": 6917865,
                "team_id": "22",
                "type": "goal",
                "fixture_id": 7052,
                "player_id": 1568,
                "player_name": "A. Hernández",
                "related_player_id": 5359,
                "related_player_name": "K. Grosicki",
                "minute": 33,
                "extra_minute": null,
                "reason": null,
                "injuried": null,
                "result": null
            },
            {
                "id": 6917873,
                "team_id": "7",
                "type": "goal",
                "fixture_id": 7052,
                "player_id": 1717,
                "player_name": "M. de Roon",
                "related_player_id": 1723,
                "related_player_name": "B. Gibson",
                "minute": 45,
                "extra_minute": 1,
                "reason": null,
                "injuried": null,
                "result": null
            },
            {
                "id": 6917910,
                "team_id": "22",
                "type": "substitution",
                "fixture_id": 7052,
                "player_id": 5311,
                "player_name": "Evandro",
                "related_player_id": 1568,
                "related_player_name": "A. Hernández",
                "minute": 51,
                "extra_minute": null,
                "reason": null,
                "injuried": null,
                "result": null
            },
            {
                "id": 6917930,
                "team_id": "7",
                "type": "substitution",
                "fixture_id": 7052,
                "player_id": 682,
                "player_name": "A. Guédioura",
                "related_player_id": 3147,
                "related_player_name": "J. Husband",
                "minute": 59,
                "extra_minute": null,
                "reason": null,
                "injuried": null,
                "result": null
            },
            {
                "id": 6917880,
                "team_id": "22",
                "type": "goal",
                "fixture_id": 7052,
                "player_id": 2884,
                "player_name": "H. Maguire",
                "related_player_id": 1078,
                "related_player_name": "A. Robertson",
                "minute": 70,
                "extra_minute": null,
                "reason": null,
                "injuried": null,
                "result": null
            },
            {
                "id": 6917937,
                "team_id": "7",
                "type": "substitution",
                "fixture_id": 7052,
                "player_id": 1175,
                "player_name": "P. Bamford",
                "related_player_id": 1428,
                "related_player_name": "Álvaro Negredo",
                "minute": 71,
                "extra_minute": null,
                "reason": null,
                "injuried": null,
                "result": null
            },
            {
                "id": 6917917,
                "team_id": "22",
                "type": "substitution",
                "fixture_id": 7052,
                "player_id": 259,
                "player_name": "M. Dawson",
                "related_player_id": 2884,
                "related_player_name": "H. Maguire",
                "minute": 81,
                "extra_minute": null,
                "reason": null,
                "injuried": null,
                "result": null
            },
            {
                "id": 6917945,
                "team_id": "7",
                "type": "substitution",
                "fixture_id": 7052,
                "player_id": 1737,
                "player_name": "C. Stuani",
                "related_player_id": 1025,
                "related_player_name": "R. Gestede",
                "minute": 81,
                "extra_minute": null,
                "reason": null,
                "injuried": true,
                "result": null
            },
            {
                "id": 6917887,
                "team_id": "22",
                "type": "yellowcard",
                "fixture_id": 7052,
                "player_id": 4437,
                "player_name": "A. N'Diaye",
                "related_player_id": null,
                "related_player_name": null,
                "minute": 85,
                "extra_minute": null,
                "reason": null,
                "injuried": null,
                "result": null
            },
            {
                "id": 6917922,
                "team_id": "22",
                "type": "substitution",
                "fixture_id": 7052,
                "player_id": 4807,
                "player_name": "M. Henriksen",
                "related_player_id": 5359,
                "related_player_name": "K. Grosicki",
                "minute": 88,
                "extra_minute": null,
                "reason": null,
                "injuried": null,
                "result": null
            }
        ]
    },
    "odds": {
        "data": []
    }
}