{
    "id": 6729,
    "league_id": 8,
    "season_id": 13,
    "stage_id": 11,
    "round_id": 663,
    "group_id": null,
    "aggregate_id": null,
    "venue_id": 199,
    "referee_id": 36,
    "localteam_id": 22,
    "visitorteam_id": 30,
    "winner_team_id": 22,
    "weather_report": null,
    "commentaries": true,
    "attendance": 19195,
    "pitch": null,
    "details": null,
    "neutral_venue": false,
    "winning_odds_calculated": true,
    "formations": {
        "localteam_formation": "4-1-4-1",
        "visitorteam_formation": "4-3-3"
    },
    "scores": {
        "localteam_score": 2,
        "visitorteam_score": 1,
        "localteam_pen_score": null,
        "visitorteam_pen_score": null,
        "ht_score": "0-0",
        "ft_score": "2-1",
        "et_score": null
    },
    "time": {
        "status": "FT",
        "starting_at": {
            "date_time": "2017-03-11 15:00:00",
            "date": "2017-03-11",
            "time": "15:00:00",
            "timestamp": 1489244400,
            "timezone": "UTC"
        },
        "minute": 90,
        "second": null,
        "added_time": null,
        "extra_minute": null,
        "injury_time": null
    },
    "coaches": {
        "localteam_coach_id": 455424,
        "visitorteam_coach_id": 455468
    },
    "standings": {
        "localteam_position": null,
        "visitorteam_position": null
    },
    "assistants": {
        "first_assistant_id": null,
        "second_assistant_id": null,
        "fourth_official_id": null
    },
    "leg": "1/1",
    "colors": null,
    "deleted": false,
    "localTeam": {
        "data": {
            "id": 22,
            "legacy_id": 384,
            "name": "Hull City",
            "short_code": "HUL",
            "twitter": "@HullCity",
            "country_id": 462,
            "national_team": false,
            "founded": 1904,
            "logo_path": "https://cdn.sportmonks.com/images//soccer/teams/22/22.png",
            "venue_id": 199,
            "current_season_id": 16211
        }
    },
    "visitorTeam": {
        "data": {
            "id": 30,
            "legacy_id": 378,
            "name": "Swansea City",
            "short_code": "SWA",
            "twitter": "@SwansOfficial",
            "country_id": 515,
            "national_team": false,
            "founded": 1912,
            "logo_path": "https://cdn.sportmonks.com/images//soccer/teams/30/30.png",
            "venue_id": 208,
            "current_season_id": 16211
        }
    },
    "league": {
        "data": {
            "id": 8,
            "active": true,
            "type": "domestic",
            "legacy_id": 29,
            "country_id": 462,
            "logo_path": "https://cdn.sportmonks.com/images/soccer/leagues/8.png",
            "name": "Premier League",
            "is_cup": false,
            "current_season_id": 16036,
            "current_round_id": 169657,
            "current_stage_id": 77443862,
            "live_standings": true,
            "coverage": {
                "predictions": 1,
                "topscorer_goals": true,
                "topscorer_assists": true,
                "topscorer_cards": true
            }
        }
    },
    "events": {
        "data": [
            {
                "id": 6914891,
                "team_id": "30",
                "type": "substitution",
                "fixture_id": 6729,
                "player_id": 863,
                "player_name": "Jordi Amat",
                "related_player_id": 860,
                "related_player_name": "Àngel Rangel",
                "minute": 33,
                "extra_minute": null,
                "reason": null,
                "injuried": null,
                "result": null
            },
            {
                "id": 6914844,
                "team_id": "22",
                "type": "yellowcard",
                "fixture_id": 6729,
                "player_id": 4437,
                "player_name": "A. N'Diaye",
                "related_player_id": null,
                "related_player_name": null,
                "minute": 45,
                "extra_minute": 4,
                "reason": "Argument",
                "injuried": null,
                "result": null
            },
            {
                "id": 6914860,
                "team_id": "30",
                "type": "yellowcard",
                "fixture_id": 6729,
                "player_id": 428,
                "player_name": "Martin Olsson",
                "related_player_id": null,
                "related_player_name": null,
                "minute": 45,
                "extra_minute": 4,
                "reason": null,
                "injuried": null,
                "result": null
            },
            {
                "id": 6914898,
                "team_id": "30",
                "type": "substitution",
                "fixture_id": 6729,
                "player_id": 1038,
                "player_name": "J. Ayew",
                "related_player_id": 1632,
                "related_player_name": "Llorente",
                "minute": 45,
                "extra_minute": null,
                "reason": null,
                "injuried": null,
                "result": null
            },
            {
                "id": 6914836,
                "team_id": "22",
                "type": "yellowcard",
                "fixture_id": 6729,
                "player_id": 33,
                "player_name": "T. Huddlestone",
                "related_player_id": null,
                "related_player_name": null,
                "minute": 56,
                "extra_minute": null,
                "reason": null,
                "injuried": null,
                "result": null
            },
            {
                "id": 6914867,
                "team_id": "22",
                "type": "substitution",
                "fixture_id": 6729,
                "player_id": 4607,
                "player_name": "O. Niasse",
                "related_player_id": 4437,
                "related_player_name": "A. NDiaye",
                "minute": 63,
                "extra_minute": null,
                "reason": null,
                "injuried": null,
                "result": null
            },
            {
                "id": 6914815,
                "team_id": "22",
                "type": "goal",
                "fixture_id": 6729,
                "player_id": 4607,
                "player_name": "O. Niasse",
                "related_player_id": 1568,
                "related_player_name": "A. Hernández",
                "minute": 69,
                "extra_minute": null,
                "reason": null,
                "injuried": null,
                "result": null
            },
            {
                "id": 6914905,
                "team_id": "30",
                "type": "substitution",
                "fixture_id": 6729,
                "player_id": 5346,
                "player_name": "L. Narsingh",
                "related_player_id": 680,
                "related_player_name": "W. Routledge",
                "minute": 71,
                "extra_minute": null,
                "reason": null,
                "injuried": null,
                "result": null
            },
            {
                "id": 6914852,
                "team_id": "22",
                "type": "yellowcard",
                "fixture_id": 6729,
                "player_id": 4101,
                "player_name": "L. Marković",
                "related_player_id": null,
                "related_player_name": null,
                "minute": 73,
                "extra_minute": null,
                "reason": null,
                "injuried": null,
                "result": null
            },
            {
                "id": 6914875,
                "team_id": "22",
                "type": "substitution",
                "fixture_id": 6729,
                "player_id": 628,
                "player_name": "Ahmed El Mohamady",
                "related_player_id": 4101,
                "related_player_name": "L. Marković",
                "minute": 75,
                "extra_minute": null,
                "reason": null,
                "injuried": null,
                "result": null
            },
            {
                "id": 6914821,
                "team_id": "22",
                "type": "goal",
                "fixture_id": 6729,
                "player_id": 4607,
                "player_name": "O. Niasse",
                "related_player_id": 628,
                "related_player_name": "Ahmed El Mohamady",
                "minute": 78,
                "extra_minute": null,
                "reason": null,
                "injuried": null,
                "result": null
            },
            {
                "id": 6914883,
                "team_id": "22",
                "type": "substitution",
                "fixture_id": 6729,
                "player_id": 766,
                "player_name": "D. Meyler",
                "related_player_id": 1568,
                "related_player_name": "A. Hernández",
                "minute": 82,
                "extra_minute": null,
                "reason": null,
                "injuried": null,
                "result": null
            },
            {
                "id": 6914828,
                "team_id": "30",
                "type": "goal",
                "fixture_id": 6729,
                "player_id": 4943,
                "player_name": "A. Mawson",
                "related_player_id": 814,
                "related_player_name": "G. Sigurðsson",
                "minute": 90,
                "extra_minute": 1,
                "reason": null,
                "injuried": null,
                "result": null
            }
        ]
    },
    "odds": {
        "data": []
    }
}