{
    "id": 6518,
    "league_id": 8,
    "season_id": 13,
    "stage_id": 11,
    "round_id": 645,
    "group_id": null,
    "aggregate_id": null,
    "venue_id": 199,
    "referee_id": 41,
    "localteam_id": 22,
    "visitorteam_id": 27,
    "winner_team_id": null,
    "weather_report": null,
    "commentaries": true,
    "attendance": null,
    "pitch": null,
    "details": null,
    "neutral_venue": false,
    "winning_odds_calculated": true,
    "formations": {
        "localteam_formation": "4-2-3-1",
        "visitorteam_formation": "4-4-2"
    },
    "scores": {
        "localteam_score": 1,
        "visitorteam_score": 1,
        "localteam_pen_score": null,
        "visitorteam_pen_score": null,
        "ht_score": "0-0",
        "ft_score": "1-1",
        "et_score": null
    },
    "time": {
        "status": "FT",
        "starting_at": {
            "date_time": "2017-02-25 15:00:00",
            "date": "2017-02-25",
            "time": "15:00:00",
            "timestamp": 1488034800,
            "timezone": "UTC"
        },
        "minute": 90,
        "second": null,
        "added_time": null,
        "extra_minute": null,
        "injury_time": null
    },
    "coaches": {
        "localteam_coach_id": 455424,
        "visitorteam_coach_id": 455461
    },
    "standings": {
        "localteam_position": null,
        "visitorteam_position": null
    },
    "assistants": {
        "first_assistant_id": null,
        "second_assistant_id": null,
        "fourth_official_id": null
    },
    "leg": "1/1",
    "colors": null,
    "deleted": false,
    "localTeam": {
        "data": {
            "id": 22,
            "legacy_id": 384,
            "name": "Hull City",
            "short_code": "HUL",
            "twitter": "@HullCity",
            "country_id": 462,
            "national_team": false,
            "founded": 1904,
            "logo_path": "https://cdn.sportmonks.com/images//soccer/teams/22/22.png",
            "venue_id": 199,
            "current_season_id": 16211
        }
    },
    "visitorTeam": {
        "data": {
            "id": 27,
            "legacy_id": 387,
            "name": "Burnley",
            "short_code": "BUR",
            "twitter": "@BurnleyOfficial",
            "country_id": 462,
            "national_team": false,
            "founded": 1882,
            "logo_path": "https://cdn.sportmonks.com/images//soccer/teams/27/27.png",
            "venue_id": 200,
            "current_season_id": 16036
        }
    },
    "league": {
        "data": {
            "id": 8,
            "active": true,
            "type": "domestic",
            "legacy_id": 29,
            "country_id": 462,
            "logo_path": "https://cdn.sportmonks.com/images/soccer/leagues/8.png",
            "name": "Premier League",
            "is_cup": false,
            "current_season_id": 16036,
            "current_round_id": 169657,
            "current_stage_id": 77443862,
            "live_standings": true,
            "coverage": {
                "predictions": 1,
                "topscorer_goals": true,
                "topscorer_assists": true,
                "topscorer_cards": true
            }
        }
    },
    "events": {
        "data": [
            {
                "id": 6912936,
                "team_id": "27",
                "type": "yellowcard",
                "fixture_id": 6518,
                "player_id": 862,
                "player_name": "A. Westwood",
                "related_player_id": null,
                "related_player_name": null,
                "minute": 40,
                "extra_minute": null,
                "reason": null,
                "injuried": null,
                "result": null
            },
            {
                "id": 6912926,
                "team_id": "22",
                "type": "yellowcard",
                "fixture_id": 6518,
                "player_id": 33,
                "player_name": "T. Huddlestone",
                "related_player_id": null,
                "related_player_name": null,
                "minute": 53,
                "extra_minute": null,
                "reason": null,
                "injuried": null,
                "result": null
            },
            {
                "id": 6912963,
                "team_id": "22",
                "type": "substitution",
                "fixture_id": 6518,
                "player_id": 766,
                "player_name": "D. Meyler",
                "related_player_id": 1334,
                "related_player_name": "S. Maloney",
                "minute": 67,
                "extra_minute": null,
                "reason": null,
                "injuried": null,
                "result": null
            },
            {
                "id": 6912970,
                "team_id": "22",
                "type": "substitution",
                "fixture_id": 6518,
                "player_id": 4607,
                "player_name": "O. Niasse",
                "related_player_id": 4296,
                "related_player_name": "D. Mbokani",
                "minute": 67,
                "extra_minute": null,
                "reason": null,
                "injuried": null,
                "result": null
            },
            {
                "id": 6912947,
                "team_id": "27",
                "type": "yellowcard",
                "fixture_id": 6518,
                "player_id": 1448,
                "player_name": "A. Barnes",
                "related_player_id": null,
                "related_player_name": null,
                "minute": 71,
                "extra_minute": null,
                "reason": null,
                "injuried": null,
                "result": null
            },
            {
                "id": 6912912,
                "team_id": "22",
                "type": "penalty",
                "fixture_id": 6518,
                "player_id": 33,
                "player_name": "T. Huddlestone",
                "related_player_id": null,
                "related_player_name": null,
                "minute": 72,
                "extra_minute": null,
                "reason": null,
                "injuried": null,
                "result": null
            },
            {
                "id": 6912919,
                "team_id": "27",
                "type": "goal",
                "fixture_id": 6518,
                "player_id": 881,
                "player_name": "M. Keane",
                "related_player_id": 1101,
                "related_player_name": "R. Brady",
                "minute": 76,
                "extra_minute": null,
                "reason": null,
                "injuried": null,
                "result": null
            },
            {
                "id": 6912979,
                "team_id": "22",
                "type": "substitution",
                "fixture_id": 6518,
                "player_id": 1568,
                "player_name": "A. Hernández",
                "related_player_id": 5337,
                "related_player_name": "O. Elabdellaoui",
                "minute": 82,
                "extra_minute": null,
                "reason": null,
                "injuried": null,
                "result": null
            },
            {
                "id": 6912986,
                "team_id": "27",
                "type": "substitution",
                "fixture_id": 6518,
                "player_id": 505,
                "player_name": "S. Vokes",
                "related_player_id": 1625,
                "related_player_name": "A. Gray",
                "minute": 85,
                "extra_minute": null,
                "reason": null,
                "injuried": null,
                "result": null
            },
            {
                "id": 6912993,
                "team_id": "27",
                "type": "substitution",
                "fixture_id": 6518,
                "player_id": 1639,
                "player_name": "J. Tarkowski",
                "related_player_id": 862,
                "related_player_name": "A. Westwood",
                "minute": 85,
                "extra_minute": null,
                "reason": null,
                "injuried": false,
                "result": null
            },
            {
                "id": 6913000,
                "team_id": "27",
                "type": "substitution",
                "fixture_id": 6518,
                "player_id": 1442,
                "player_name": "S. Arfield",
                "related_player_id": 1101,
                "related_player_name": "R. Brady",
                "minute": 89,
                "extra_minute": null,
                "reason": null,
                "injuried": null,
                "result": null
            },
            {
                "id": 6912955,
                "team_id": "27",
                "type": "yellowred",
                "fixture_id": 6518,
                "player_id": 1448,
                "player_name": "A. Barnes",
                "related_player_id": null,
                "related_player_name": null,
                "minute": 90,
                "extra_minute": 2,
                "reason": null,
                "injuried": null,
                "result": null
            }
        ]
    },
    "odds": {
        "data": []
    }
}