{
    "id": 10403636,
    "league_id": 1001,
    "season_id": 13176,
    "stage_id": 7743326,
    "round_id": 152360,
    "group_id": null,
    "aggregate_id": null,
    "venue_id": 642,
    "referee_id": 43347,
    "localteam_id": 2355,
    "visitorteam_id": 134030,
    "winner_team_id": 2355,
    "weather_report": {
        "code": "clouds",
        "type": "few clouds",
        "icon": "https://cdn.sportmonks.com/images/weather/02d.png",
        "temperature": {
            "temp": 73.35,
            "unit": "fahrenheit"
        },
        "clouds": "20%",
        "humidity": "57%",
        "wind": {
            "speed": "6.93 m/s",
            "degree": 230
        }
    },
    "commentaries": null,
    "attendance": null,
    "pitch": "Good",
    "details": null,
    "neutral_venue": false,
    "winning_odds_calculated": true,
    "formations": {
        "localteam_formation": null,
        "visitorteam_formation": null
    },
    "scores": {
        "localteam_score": 3,
        "visitorteam_score": 0,
        "localteam_pen_score": null,
        "visitorteam_pen_score": null,
        "ht_score": "1-0",
        "ft_score": "3-0",
        "et_score": null
    },
    "time": {
        "status": "FT",
        "starting_at": {
            "date_time": "2019-01-20 09:30:00",
            "date": "2019-01-20",
            "time": "09:30:00",
            "timestamp": 1547976600,
            "timezone": "UTC"
        },
        "minute": 90,
        "second": 0,
        "added_time": 5,
        "extra_minute": null,
        "injury_time": 5
    },
    "coaches": {
        "localteam_coach_id": 1552365,
        "visitorteam_coach_id": 4192212
    },
    "standings": {
        "localteam_position": 5,
        "visitorteam_position": 8
    },
    "assistants": {
        "first_assistant_id": null,
        "second_assistant_id": null,
        "fourth_official_id": null
    },
    "leg": "1/1",
    "colors": {
        "localteam": {
            "color": null,
            "kit_colors": null
        },
        "visitorteam": {
            "color": null,
            "kit_colors": null
        }
    },
    "deleted": false,
    "localTeam": {
        "data": {
            "id": 2355,
            "legacy_id": 2317,
            "name": "Kitchee",
            "short_code": null,
            "twitter": null,
            "country_id": 64306,
            "national_team": false,
            "founded": 1931,
            "logo_path": "https://cdn.sportmonks.com/images//soccer/teams/19/2355.png",
            "venue_id": 642,
            "current_season_id": 13176
        }
    },
    "visitorTeam": {
        "data": {
            "id": 134030,
            "legacy_id": null,
            "name": "Warriors",
            "short_code": null,
            "twitter": null,
            "country_id": 64306,
            "national_team": false,
            "founded": 0,
            "logo_path": null,
            "venue_id": 4817,
            "current_season_id": 13176
        }
    },
    "league": {
        "data": {
            "id": 1001,
            "active": true,
            "type": "domestic",
            "legacy_id": 350,
            "country_id": 64306,
            "logo_path": null,
            "name": "Premier League",
            "is_cup": false,
            "current_season_id": 16570,
            "current_round_id": 182670,
            "current_stage_id": 77445709,
            "live_standings": false,
            "coverage": {
                "predictions": 1,
                "topscorer_goals": false,
                "topscorer_assists": false,
                "topscorer_cards": false
            }
        }
    },
    "events": {
        "data": [
            {
                "id": 10403636001,
                "team_id": "2355",
                "type": "yellowcard",
                "fixture_id": 10403636,
                "player_id": 313352,
                "player_name": "Gonçalves Hélio",
                "related_player_id": null,
                "related_player_name": null,
                "minute": 16,
                "extra_minute": null,
                "reason": null,
                "injuried": null,
                "result": null
            },
            {
                "id": 10403636002,
                "team_id": "2355",
                "type": "substitution",
                "fixture_id": 10403636,
                "player_id": 73714,
                "player_name": "M. Lam",
                "related_player_id": 314029,
                "related_player_name": "Huang Yang",
                "minute": 30,
                "extra_minute": null,
                "reason": null,
                "injuried": null,
                "result": null
            },
            {
                "id": 10403636003,
                "team_id": "2355",
                "type": "goal",
                "fixture_id": 10403636,
                "player_id": 314521,
                "player_name": "J. Lum",
                "related_player_id": null,
                "related_player_name": null,
                "minute": 42,
                "extra_minute": null,
                "reason": null,
                "injuried": null,
                "result": "1-0"
            },
            {
                "id": 10403636004,
                "team_id": "134030",
                "type": "yellowcard",
                "fixture_id": 10403636,
                "player_id": 314028,
                "player_name": "Ngan Lok Fung",
                "related_player_id": null,
                "related_player_name": null,
                "minute": 47,
                "extra_minute": null,
                "reason": null,
                "injuried": null,
                "result": null
            },
            {
                "id": 10403636005,
                "team_id": "2355",
                "type": "substitution",
                "fixture_id": 10403636,
                "player_id": 29328223,
                "player_name": "C. Benhaddouche",
                "related_player_id": 314839,
                "related_player_name": "Law Tsz Chun",
                "minute": 59,
                "extra_minute": null,
                "reason": null,
                "injuried": null,
                "result": null
            },
            {
                "id": 10403636006,
                "team_id": "134030",
                "type": "substitution",
                "fixture_id": 10403636,
                "player_id": 319664,
                "player_name": "Baek Ji-Hoon",
                "related_player_id": 69526,
                "related_player_name": "Stefan",
                "minute": 62,
                "extra_minute": null,
                "reason": null,
                "injuried": null,
                "result": null
            },
            {
                "id": 10403636007,
                "team_id": "134030",
                "type": "substitution",
                "fixture_id": 10403636,
                "player_id": 314320,
                "player_name": "Leong Ka Hang",
                "related_player_id": 314291,
                "related_player_name": "Cheng Siu Kwang",
                "minute": 62,
                "extra_minute": null,
                "reason": null,
                "injuried": null,
                "result": null
            },
            {
                "id": 10403636008,
                "team_id": "2355",
                "type": "yellowcard",
                "fixture_id": 10403636,
                "player_id": 313472,
                "player_name": "Ju Ying Zhi",
                "related_player_id": null,
                "related_player_name": null,
                "minute": 69,
                "extra_minute": null,
                "reason": null,
                "injuried": null,
                "result": null
            },
            {
                "id": 10403636009,
                "team_id": "2355",
                "type": "substitution",
                "fixture_id": 10403636,
                "player_id": 313662,
                "player_name": "Tong Kin Man",
                "related_player_id": 313472,
                "related_player_name": "Ju Ying Zhi",
                "minute": 74,
                "extra_minute": null,
                "reason": null,
                "injuried": null,
                "result": null
            },
            {
                "id": 10403636010,
                "team_id": "134030",
                "type": "substitution",
                "fixture_id": 10403636,
                "player_id": 314055,
                "player_name": "Fong Pak Lun",
                "related_player_id": 314269,
                "related_player_name": "Wong Chun Hin",
                "minute": 75,
                "extra_minute": null,
                "reason": null,
                "injuried": null,
                "result": null
            },
            {
                "id": 10403636011,
                "team_id": "134030",
                "type": "yellowred",
                "fixture_id": 10403636,
                "player_id": 314028,
                "player_name": "Ngan Lok Fung",
                "related_player_id": null,
                "related_player_name": null,
                "minute": 76,
                "extra_minute": null,
                "reason": null,
                "injuried": null,
                "result": null
            },
            {
                "id": 10403636012,
                "team_id": "2355",
                "type": "goal",
                "fixture_id": 10403636,
                "player_id": 158857,
                "player_name": "Lucas",
                "related_player_id": null,
                "related_player_name": null,
                "minute": 79,
                "extra_minute": null,
                "reason": null,
                "injuried": null,
                "result": "2-0"
            },
            {
                "id": 10403636013,
                "team_id": "2355",
                "type": "yellowcard",
                "fixture_id": 10403636,
                "player_id": 158857,
                "player_name": "Lucas",
                "related_player_id": null,
                "related_player_name": null,
                "minute": 81,
                "extra_minute": null,
                "reason": null,
                "injuried": null,
                "result": null
            },
            {
                "id": 10403636014,
                "team_id": "2355",
                "type": "goal",
                "fixture_id": 10403636,
                "player_id": 225200,
                "player_name": "Fernando",
                "related_player_id": null,
                "related_player_name": null,
                "minute": 87,
                "extra_minute": null,
                "reason": null,
                "injuried": null,
                "result": "3-0"
            },
            {
                "id": 10403636015,
                "team_id": "2355",
                "type": "yellowcard",
                "fixture_id": 10403636,
                "player_id": 225200,
                "player_name": "Fernando",
                "related_player_id": null,
                "related_player_name": null,
                "minute": 88,
                "extra_minute": null,
                "reason": null,
                "injuried": null,
                "result": null
            }
        ]
    },
    "odds": {
        "data": []
    }
}