{
    "id": 640037,
    "league_id": 1001,
    "season_id": 987,
    "stage_id": 1915,
    "round_id": 30836,
    "group_id": null,
    "aggregate_id": null,
    "venue_id": 642,
    "referee_id": null,
    "localteam_id": 2355,
    "visitorteam_id": 18065,
    "winner_team_id": 2355,
    "weather_report": null,
    "commentaries": false,
    "attendance": null,
    "pitch": null,
    "details": null,
    "neutral_venue": false,
    "winning_odds_calculated": true,
    "formations": {
        "localteam_formation": null,
        "visitorteam_formation": null
    },
    "scores": {
        "localteam_score": 5,
        "visitorteam_score": 0,
        "localteam_pen_score": null,
        "visitorteam_pen_score": null,
        "ht_score": "3-0",
        "ft_score": "5-0",
        "et_score": null
    },
    "time": {
        "status": "FT",
        "starting_at": {
            "date_time": "2017-01-08 09:30:00",
            "date": "2017-01-08",
            "time": "09:30:00",
            "timestamp": 1483867800,
            "timezone": "UTC"
        },
        "minute": 90,
        "second": null,
        "added_time": null,
        "extra_minute": null,
        "injury_time": null
    },
    "coaches": {
        "localteam_coach_id": null,
        "visitorteam_coach_id": null
    },
    "standings": {
        "localteam_position": null,
        "visitorteam_position": null
    },
    "assistants": {
        "first_assistant_id": null,
        "second_assistant_id": null,
        "fourth_official_id": null
    },
    "leg": null,
    "colors": null,
    "deleted": false,
    "localTeam": {
        "data": {
            "id": 2355,
            "legacy_id": 2317,
            "name": "Kitchee",
            "short_code": null,
            "twitter": null,
            "country_id": 64306,
            "national_team": false,
            "founded": 1931,
            "logo_path": "https://cdn.sportmonks.com/images//soccer/teams/19/2355.png",
            "venue_id": 642,
            "current_season_id": 13176
        }
    },
    "visitorTeam": {
        "data": {
            "id": 18065,
            "legacy_id": null,
            "name": "Guangzhou R&F U19",
            "short_code": null,
            "twitter": null,
            "country_id": 64306,
            "national_team": false,
            "founded": 0,
            "logo_path": null,
            "venue_id": null,
            "current_season_id": 13176
        }
    },
    "league": {
        "data": {
            "id": 1001,
            "active": true,
            "type": "domestic",
            "legacy_id": 350,
            "country_id": 64306,
            "logo_path": null,
            "name": "Premier League",
            "is_cup": false,
            "current_season_id": 16570,
            "current_round_id": 182670,
            "current_stage_id": 77445709,
            "live_standings": false,
            "coverage": {
                "predictions": 1,
                "topscorer_goals": false,
                "topscorer_assists": false,
                "topscorer_cards": false
            }
        }
    },
    "events": {
        "data": [
            {
                "id": 10144599,
                "team_id": "2355",
                "type": "goal",
                "fixture_id": 640037,
                "player_id": 313218,
                "player_name": "Sandro",
                "related_player_id": null,
                "related_player_name": null,
                "minute": 5,
                "extra_minute": null,
                "reason": null,
                "injuried": null,
                "result": null
            },
            {
                "id": 10144606,
                "team_id": "2355",
                "type": "goal",
                "fixture_id": 640037,
                "player_id": 73714,
                "player_name": "M. Lam",
                "related_player_id": null,
                "related_player_name": null,
                "minute": 36,
                "extra_minute": null,
                "reason": null,
                "injuried": null,
                "result": null
            },
            {
                "id": 10144611,
                "team_id": "2355",
                "type": "goal",
                "fixture_id": 640037,
                "player_id": 225200,
                "player_name": "Fernando",
                "related_player_id": null,
                "related_player_name": null,
                "minute": 41,
                "extra_minute": null,
                "reason": null,
                "injuried": null,
                "result": null
            },
            {
                "id": 10144655,
                "team_id": "2355",
                "type": "substitution",
                "fixture_id": 640037,
                "player_id": 313662,
                "player_name": "Tong Kin Man",
                "related_player_id": 313406,
                "related_player_name": "Lo Kwan Yee",
                "minute": 46,
                "extra_minute": null,
                "reason": null,
                "injuried": null,
                "result": null
            },
            {
                "id": 10144661,
                "team_id": "2355",
                "type": "substitution",
                "fixture_id": 640037,
                "player_id": 314521,
                "player_name": "J. Lum",
                "related_player_id": 314029,
                "related_player_name": "Huang Yang",
                "minute": 54,
                "extra_minute": null,
                "reason": null,
                "injuried": null,
                "result": null
            },
            {
                "id": 10144648,
                "team_id": "18065",
                "type": "yellowcard",
                "fixture_id": 640037,
                "player_id": 314571,
                "player_name": "Xiang Jiachi",
                "related_player_id": null,
                "related_player_name": null,
                "minute": 55,
                "extra_minute": null,
                "reason": null,
                "injuried": null,
                "result": null
            },
            {
                "id": 10144677,
                "team_id": "18065",
                "type": "substitution",
                "fixture_id": 640037,
                "player_id": 314561,
                "player_name": "Lam Hin Ting",
                "related_player_id": 314553,
                "related_player_name": "Yang Ziyi",
                "minute": 59,
                "extra_minute": null,
                "reason": null,
                "injuried": null,
                "result": null
            },
            {
                "id": 10144669,
                "team_id": "2355",
                "type": "substitution",
                "fixture_id": 640037,
                "player_id": 314547,
                "player_name": "Bong-Jin Kim",
                "related_player_id": 312645,
                "related_player_name": "Dong-Jin Kim",
                "minute": 71,
                "extra_minute": null,
                "reason": null,
                "injuried": null,
                "result": null
            },
            {
                "id": 10144685,
                "team_id": "18065",
                "type": "substitution",
                "fixture_id": 640037,
                "player_id": 314564,
                "player_name": "Kuang HaoKun",
                "related_player_id": 314560,
                "related_player_name": "Zhong Ke",
                "minute": 71,
                "extra_minute": null,
                "reason": null,
                "injuried": null,
                "result": null
            },
            {
                "id": 10144638,
                "team_id": "2355",
                "type": "yellowcard",
                "fixture_id": 640037,
                "player_id": 225200,
                "player_name": "Fernando",
                "related_player_id": null,
                "related_player_name": null,
                "minute": 75,
                "extra_minute": null,
                "reason": null,
                "injuried": null,
                "result": null
            },
            {
                "id": 10144618,
                "team_id": "2355",
                "type": "goal",
                "fixture_id": 640037,
                "player_id": 313437,
                "player_name": "Akande Alex",
                "related_player_id": null,
                "related_player_name": null,
                "minute": 76,
                "extra_minute": null,
                "reason": null,
                "injuried": null,
                "result": null
            },
            {
                "id": 10144630,
                "team_id": "2355",
                "type": "yellowcard",
                "fixture_id": 640037,
                "player_id": 73714,
                "player_name": "M. Lam",
                "related_player_id": null,
                "related_player_name": null,
                "minute": 79,
                "extra_minute": null,
                "reason": null,
                "injuried": null,
                "result": null
            },
            {
                "id": 10144625,
                "team_id": "2355",
                "type": "goal",
                "fixture_id": 640037,
                "player_id": 313218,
                "player_name": "Sandro",
                "related_player_id": null,
                "related_player_name": null,
                "minute": 88,
                "extra_minute": null,
                "reason": null,
                "injuried": null,
                "result": null
            },
            {
                "id": 10144694,
                "team_id": "18065",
                "type": "substitution",
                "fixture_id": 640037,
                "player_id": 313718,
                "player_name": "Jing Teng",
                "related_player_id": 314038,
                "related_player_name": "Chuck Yiu Kwok",
                "minute": 90,
                "extra_minute": 2,
                "reason": null,
                "injuried": null,
                "result": null
            }
        ]
    },
    "odds": {
        "data": []
    }
}