{
    "id": 5437140,
    "league_id": 1001,
    "season_id": 8798,
    "stage_id": 56886,
    "round_id": null,
    "group_id": null,
    "aggregate_id": null,
    "venue_id": 642,
    "referee_id": 25769,
    "localteam_id": 2355,
    "visitorteam_id": 5971,
    "winner_team_id": 2355,
    "weather_report": {
        "code": "rain",
        "type": "light intensity shower rain",
        "icon": "https://cdn.sportmonks.com/images/weather/09d.png",
        "temperature": {
            "temp": 78.8,
            "unit": "fahrenheit"
        },
        "clouds": "40%",
        "humidity": "57%",
        "wind": {
            "speed": "17.22 m/s",
            "degree": 20
        }
    },
    "commentaries": null,
    "attendance": null,
    "pitch": null,
    "details": null,
    "neutral_venue": false,
    "winning_odds_calculated": true,
    "formations": {
        "localteam_formation": null,
        "visitorteam_formation": null
    },
    "scores": {
        "localteam_score": 2,
        "visitorteam_score": 1,
        "localteam_pen_score": null,
        "visitorteam_pen_score": null,
        "ht_score": "0-1",
        "ft_score": "2-1",
        "et_score": null
    },
    "time": {
        "status": "FT",
        "starting_at": {
            "date_time": "2017-10-14 09:30:00",
            "date": "2017-10-14",
            "time": "09:30:00",
            "timestamp": 1507973400,
            "timezone": "UTC"
        },
        "minute": 90,
        "second": null,
        "added_time": null,
        "extra_minute": null,
        "injury_time": 3
    },
    "coaches": {
        "localteam_coach_id": null,
        "visitorteam_coach_id": null
    },
    "standings": {
        "localteam_position": 3,
        "visitorteam_position": 2
    },
    "assistants": {
        "first_assistant_id": null,
        "second_assistant_id": null,
        "fourth_official_id": null
    },
    "leg": "1/1",
    "colors": null,
    "deleted": false,
    "localTeam": {
        "data": {
            "id": 2355,
            "legacy_id": 2317,
            "name": "Kitchee",
            "short_code": null,
            "twitter": null,
            "country_id": 64306,
            "national_team": false,
            "founded": 1931,
            "logo_path": "https://cdn.sportmonks.com/images//soccer/teams/19/2355.png",
            "venue_id": 642,
            "current_season_id": 13176
        }
    },
    "visitorTeam": {
        "data": {
            "id": 5971,
            "legacy_id": null,
            "name": "Wofoo Tai Po",
            "short_code": null,
            "twitter": null,
            "country_id": 64306,
            "national_team": false,
            "founded": 2002,
            "logo_path": "https://cdn.sportmonks.com/images//soccer/teams/19/5971.png",
            "venue_id": 3894,
            "current_season_id": 13176
        }
    },
    "league": {
        "data": {
            "id": 1001,
            "active": true,
            "type": "domestic",
            "legacy_id": 350,
            "country_id": 64306,
            "logo_path": null,
            "name": "Premier League",
            "is_cup": false,
            "current_season_id": 16570,
            "current_round_id": 182670,
            "current_stage_id": 77445709,
            "live_standings": false,
            "coverage": {
                "predictions": 1,
                "topscorer_goals": false,
                "topscorer_assists": false,
                "topscorer_cards": false
            }
        }
    },
    "events": {
        "data": [
            {
                "id": 5437140001,
                "team_id": "5971",
                "type": "yellowcard",
                "fixture_id": 5437140,
                "player_id": 314049,
                "player_name": "Leung Kwun Chung",
                "related_player_id": null,
                "related_player_name": null,
                "minute": 19,
                "extra_minute": null,
                "reason": null,
                "injuried": null,
                "result": null
            },
            {
                "id": 5437140002,
                "team_id": "5971",
                "type": "yellowcard",
                "fixture_id": 5437140,
                "player_id": 314253,
                "player_name": "Chun Lok Tan",
                "related_player_id": null,
                "related_player_name": null,
                "minute": 20,
                "extra_minute": null,
                "reason": null,
                "injuried": null,
                "result": null
            },
            {
                "id": 5437140003,
                "team_id": "5971",
                "type": "goal",
                "fixture_id": 5437140,
                "player_id": 231561,
                "player_name": "Dudú",
                "related_player_id": null,
                "related_player_name": null,
                "minute": 22,
                "extra_minute": null,
                "reason": null,
                "injuried": null,
                "result": "0-1"
            },
            {
                "id": 5437140004,
                "team_id": "2355",
                "type": "yellowcard",
                "fixture_id": 5437140,
                "player_id": 158857,
                "player_name": "Lucas",
                "related_player_id": null,
                "related_player_name": null,
                "minute": 45,
                "extra_minute": null,
                "reason": null,
                "injuried": null,
                "result": null
            },
            {
                "id": 5437140005,
                "team_id": "5971",
                "type": "substitution",
                "fixture_id": 5437140,
                "player_id": 219177,
                "player_name": "Igor Sartori",
                "related_player_id": 49717,
                "related_player_name": "Dhiego Martins",
                "minute": 45,
                "extra_minute": 2,
                "reason": null,
                "injuried": null,
                "result": null
            },
            {
                "id": 5437140006,
                "team_id": "5971",
                "type": "yellowcard",
                "fixture_id": 5437140,
                "player_id": 49717,
                "player_name": "Dhiego Martins",
                "related_player_id": null,
                "related_player_name": null,
                "minute": 45,
                "extra_minute": 2,
                "reason": null,
                "injuried": null,
                "result": null
            },
            {
                "id": 5437140007,
                "team_id": "5971",
                "type": "yellowcard",
                "fixture_id": 5437140,
                "player_id": 231561,
                "player_name": "Dudú",
                "related_player_id": null,
                "related_player_name": null,
                "minute": 55,
                "extra_minute": null,
                "reason": null,
                "injuried": null,
                "result": null
            },
            {
                "id": 5437140008,
                "team_id": "2355",
                "type": "substitution",
                "fixture_id": 5437140,
                "player_id": 73714,
                "player_name": "M. Lam",
                "related_player_id": 313406,
                "related_player_name": "Lo Kwan Yee",
                "minute": 56,
                "extra_minute": null,
                "reason": null,
                "injuried": null,
                "result": null
            },
            {
                "id": 5437140009,
                "team_id": "2355",
                "type": "goal",
                "fixture_id": 5437140,
                "player_id": 22903,
                "player_name": "K. Vadócz",
                "related_player_id": null,
                "related_player_name": null,
                "minute": 65,
                "extra_minute": null,
                "reason": null,
                "injuried": null,
                "result": "1-1"
            },
            {
                "id": 5437140010,
                "team_id": "2355",
                "type": "yellowcard",
                "fixture_id": 5437140,
                "player_id": 313930,
                "player_name": "Daniel Cancela",
                "related_player_id": null,
                "related_player_name": null,
                "minute": 69,
                "extra_minute": null,
                "reason": null,
                "injuried": null,
                "result": null
            },
            {
                "id": 5437140011,
                "team_id": "2355",
                "type": "substitution",
                "fixture_id": 5437140,
                "player_id": 313437,
                "player_name": "Oluwatayo Akande Alexander",
                "related_player_id": 314521,
                "related_player_name": "J. Lum",
                "minute": 81,
                "extra_minute": null,
                "reason": null,
                "injuried": null,
                "result": null
            },
            {
                "id": 5437140012,
                "team_id": "2355",
                "type": "goal",
                "fixture_id": 5437140,
                "player_id": 313218,
                "player_name": "Sandro",
                "related_player_id": null,
                "related_player_name": null,
                "minute": 89,
                "extra_minute": null,
                "reason": null,
                "injuried": null,
                "result": "2-1"
            },
            {
                "id": 5437140013,
                "team_id": "2355",
                "type": "substitution",
                "fixture_id": 5437140,
                "player_id": 313932,
                "player_name": "Fernando Recio",
                "related_player_id": 313218,
                "related_player_name": "Sandro",
                "minute": 90,
                "extra_minute": 1,
                "reason": null,
                "injuried": null,
                "result": null
            }
        ]
    },
    "odds": {
        "data": []
    }
}