{
    "id": 375983,
    "league_id": 486,
    "season_id": 828,
    "stage_id": 1560,
    "round_id": 27098,
    "group_id": null,
    "aggregate_id": null,
    "venue_id": 52,
    "referee_id": 3398,
    "localteam_id": 452,
    "visitorteam_id": 2661,
    "winner_team_id": null,
    "weather_report": null,
    "commentaries": false,
    "attendance": null,
    "pitch": null,
    "details": null,
    "neutral_venue": false,
    "winning_odds_calculated": true,
    "formations": {
        "localteam_formation": "4-3-3",
        "visitorteam_formation": "3-5-2"
    },
    "scores": {
        "localteam_score": 2,
        "visitorteam_score": 2,
        "localteam_pen_score": null,
        "visitorteam_pen_score": null,
        "ht_score": "2-2",
        "ft_score": "2-2",
        "et_score": null
    },
    "time": {
        "status": "FT",
        "starting_at": {
            "date_time": "2017-04-08 11:00:00",
            "date": "2017-04-08",
            "time": "11:00:00",
            "timestamp": 1491649200,
            "timezone": "UTC"
        },
        "minute": 90,
        "second": null,
        "added_time": null,
        "extra_minute": null,
        "injury_time": null
    },
    "coaches": {
        "localteam_coach_id": 170424,
        "visitorteam_coach_id": 458707
    },
    "standings": {
        "localteam_position": null,
        "visitorteam_position": null
    },
    "assistants": {
        "first_assistant_id": null,
        "second_assistant_id": null,
        "fourth_official_id": null
    },
    "leg": null,
    "colors": null,
    "deleted": false,
    "localTeam": {
        "data": {
            "id": 452,
            "legacy_id": 767,
            "name": "Krylya Sovetov",
            "short_code": null,
            "twitter": null,
            "country_id": 227,
            "national_team": false,
            "founded": 1942,
            "logo_path": "https://cdn.sportmonks.com/images//soccer/teams/4/452.png",
            "venue_id": 219226,
            "current_season_id": 12996
        }
    },
    "visitorTeam": {
        "data": {
            "id": 2661,
            "legacy_id": 510,
            "name": "Amkar Perm'",
            "short_code": "AMK",
            "twitter": null,
            "country_id": 227,
            "national_team": false,
            "founded": 1994,
            "logo_path": "https://cdn.sportmonks.com/images//soccer/teams/5/2661.png",
            "venue_id": 1584,
            "current_season_id": 6375
        }
    },
    "league": {
        "data": {
            "id": 486,
            "active": true,
            "type": "domestic",
            "legacy_id": 42,
            "country_id": 227,
            "logo_path": null,
            "name": "Premier League",
            "is_cup": false,
            "current_season_id": 16021,
            "current_round_id": 169532,
            "current_stage_id": 77443803,
            "live_standings": true,
            "coverage": {
                "predictions": 1,
                "topscorer_goals": true,
                "topscorer_assists": true,
                "topscorer_cards": true
            }
        }
    },
    "events": {
        "data": [
            {
                "id": 8731449,
                "team_id": "2661",
                "type": "goal",
                "fixture_id": 375983,
                "player_id": 153674,
                "player_name": "J. Gol",
                "related_player_id": 169975,
                "related_player_name": "A. Gasilin",
                "minute": 8,
                "extra_minute": null,
                "reason": null,
                "injuried": null,
                "result": null
            },
            {
                "id": 8731457,
                "team_id": "452",
                "type": "goal",
                "fixture_id": 375983,
                "player_id": 95474,
                "player_name": "G. Bruno",
                "related_player_id": 128855,
                "related_player_name": "C. Pasquato",
                "minute": 16,
                "extra_minute": null,
                "reason": null,
                "injuried": null,
                "result": null
            },
            {
                "id": 8731496,
                "team_id": "2661",
                "type": "yellowcard",
                "fixture_id": 375983,
                "player_id": 169749,
                "player_name": "N. Zaytsev",
                "related_player_id": null,
                "related_player_name": null,
                "minute": 27,
                "extra_minute": null,
                "reason": null,
                "injuried": null,
                "result": null
            },
            {
                "id": 8731465,
                "team_id": "2661",
                "type": "penalty",
                "fixture_id": 375983,
                "player_id": 68469,
                "player_name": "P. Zanev",
                "related_player_id": null,
                "related_player_name": null,
                "minute": 30,
                "extra_minute": null,
                "reason": null,
                "injuried": null,
                "result": null
            },
            {
                "id": 8731473,
                "team_id": "452",
                "type": "goal",
                "fixture_id": 375983,
                "player_id": 3719,
                "player_name": "S. Kornilenko",
                "related_player_id": null,
                "related_player_name": null,
                "minute": 32,
                "extra_minute": null,
                "reason": null,
                "injuried": null,
                "result": null
            },
            {
                "id": 8731527,
                "team_id": "2661",
                "type": "substitution",
                "fixture_id": 375983,
                "player_id": 24054,
                "player_name": "D. Bodul",
                "related_player_id": 169965,
                "related_player_name": "A. Salugin",
                "minute": 54,
                "extra_minute": null,
                "reason": null,
                "injuried": null,
                "result": null
            },
            {
                "id": 8731504,
                "team_id": "2661",
                "type": "yellowcard",
                "fixture_id": 375983,
                "player_id": 150517,
                "player_name": "F. Ogude",
                "related_player_id": null,
                "related_player_name": null,
                "minute": 55,
                "extra_minute": null,
                "reason": null,
                "injuried": null,
                "result": null
            },
            {
                "id": 8731481,
                "team_id": "452",
                "type": "yellowcard",
                "fixture_id": 375983,
                "player_id": 170308,
                "player_name": "V. Zinkov",
                "related_player_id": null,
                "related_player_name": null,
                "minute": 58,
                "extra_minute": null,
                "reason": null,
                "injuried": null,
                "result": null
            },
            {
                "id": 8731533,
                "team_id": "2661",
                "type": "substitution",
                "fixture_id": 375983,
                "player_id": 170682,
                "player_name": "M. Kostyukov",
                "related_player_id": 169975,
                "related_player_name": "A. Gasilin",
                "minute": 69,
                "extra_minute": null,
                "reason": null,
                "injuried": null,
                "result": null
            },
            {
                "id": 8731512,
                "team_id": "452",
                "type": "substitution",
                "fixture_id": 375983,
                "player_id": 172294,
                "player_name": "A. Gromov",
                "related_player_id": 172247,
                "related_player_name": "S. Mijailović",
                "minute": 75,
                "extra_minute": null,
                "reason": null,
                "injuried": false,
                "result": null
            },
            {
                "id": 8731520,
                "team_id": "452",
                "type": "substitution",
                "fixture_id": 375983,
                "player_id": 30492,
                "player_name": "B. Sadik",
                "related_player_id": 95474,
                "related_player_name": "G. Bruno",
                "minute": 84,
                "extra_minute": null,
                "reason": null,
                "injuried": null,
                "result": null
            },
            {
                "id": 8731489,
                "team_id": "452",
                "type": "yellowred",
                "fixture_id": 375983,
                "player_id": 170308,
                "player_name": "V. Zinkov",
                "related_player_id": null,
                "related_player_name": null,
                "minute": 90,
                "extra_minute": 1,
                "reason": null,
                "injuried": null,
                "result": null
            },
            {
                "id": 8731541,
                "team_id": "2661",
                "type": "substitution",
                "fixture_id": 375983,
                "player_id": 56947,
                "player_name": "S. Balanovich",
                "related_player_id": 153674,
                "related_player_name": "J. Gol",
                "minute": 90,
                "extra_minute": 2,
                "reason": null,
                "injuried": null,
                "result": null
            }
        ]
    },
    "odds": {
        "data": []
    }
}