{
    "id": 375837,
    "league_id": 486,
    "season_id": 828,
    "stage_id": 1560,
    "round_id": 27096,
    "group_id": null,
    "aggregate_id": null,
    "venue_id": 52,
    "referee_id": 3388,
    "localteam_id": 452,
    "visitorteam_id": 6564,
    "winner_team_id": null,
    "weather_report": null,
    "commentaries": false,
    "attendance": null,
    "pitch": null,
    "details": null,
    "neutral_venue": false,
    "winning_odds_calculated": true,
    "formations": {
        "localteam_formation": "5-3-2",
        "visitorteam_formation": "5-3-2"
    },
    "scores": {
        "localteam_score": 0,
        "visitorteam_score": 0,
        "localteam_pen_score": null,
        "visitorteam_pen_score": null,
        "ht_score": "0-0",
        "ft_score": "0-0",
        "et_score": null
    },
    "time": {
        "status": "FT",
        "starting_at": {
            "date_time": "2017-03-19 11:00:00",
            "date": "2017-03-19",
            "time": "11:00:00",
            "timestamp": 1489921200,
            "timezone": "UTC"
        },
        "minute": 90,
        "second": null,
        "added_time": null,
        "extra_minute": null,
        "injury_time": null
    },
    "coaches": {
        "localteam_coach_id": 170424,
        "visitorteam_coach_id": 458564
    },
    "standings": {
        "localteam_position": null,
        "visitorteam_position": null
    },
    "assistants": {
        "first_assistant_id": null,
        "second_assistant_id": null,
        "fourth_official_id": null
    },
    "leg": null,
    "colors": null,
    "deleted": false,
    "localTeam": {
        "data": {
            "id": 452,
            "legacy_id": 767,
            "name": "Krylya Sovetov",
            "short_code": null,
            "twitter": null,
            "country_id": 227,
            "national_team": false,
            "founded": 1942,
            "logo_path": "https://cdn.sportmonks.com/images//soccer/teams/4/452.png",
            "venue_id": 219226,
            "current_season_id": 12996
        }
    },
    "visitorTeam": {
        "data": {
            "id": 6564,
            "legacy_id": 512,
            "name": "Rostov",
            "short_code": "FCR",
            "twitter": null,
            "country_id": 227,
            "national_team": false,
            "founded": 1930,
            "logo_path": "https://cdn.sportmonks.com/images//soccer/teams/4/6564.png",
            "venue_id": 219227,
            "current_season_id": 12996
        }
    },
    "league": {
        "data": {
            "id": 486,
            "active": true,
            "type": "domestic",
            "legacy_id": 42,
            "country_id": 227,
            "logo_path": null,
            "name": "Premier League",
            "is_cup": false,
            "current_season_id": 16021,
            "current_round_id": 169532,
            "current_stage_id": 77443803,
            "live_standings": true,
            "coverage": {
                "predictions": 1,
                "topscorer_goals": true,
                "topscorer_assists": true,
                "topscorer_cards": true
            }
        }
    },
    "events": {
        "data": [
            {
                "id": 8730383,
                "team_id": "6564",
                "type": "yellowcard",
                "fixture_id": 375837,
                "player_id": 108968,
                "player_name": "C. Noboa",
                "related_player_id": null,
                "related_player_name": null,
                "minute": 8,
                "extra_minute": null,
                "reason": null,
                "injuried": null,
                "result": null
            },
            {
                "id": 8730391,
                "team_id": "6564",
                "type": "yellowcard",
                "fixture_id": 375837,
                "player_id": 145116,
                "player_name": "A. Erokhin",
                "related_player_id": null,
                "related_player_name": null,
                "minute": 21,
                "extra_minute": null,
                "reason": null,
                "injuried": null,
                "result": null
            },
            {
                "id": 8730397,
                "team_id": "6564",
                "type": "yellowcard",
                "fixture_id": 375837,
                "player_id": 169387,
                "player_name": "T. Kalachev",
                "related_player_id": null,
                "related_player_name": null,
                "minute": 41,
                "extra_minute": null,
                "reason": null,
                "injuried": null,
                "result": null
            },
            {
                "id": 8730403,
                "team_id": "452",
                "type": "substitution",
                "fixture_id": 375837,
                "player_id": 128855,
                "player_name": "C. Pasquato",
                "related_player_id": 514,
                "related_player_name": "A. Hleb",
                "minute": 46,
                "extra_minute": null,
                "reason": null,
                "injuried": null,
                "result": null
            },
            {
                "id": 8730369,
                "team_id": "452",
                "type": "yellowcard",
                "fixture_id": 375837,
                "player_id": 170308,
                "player_name": "V. Zinkov",
                "related_player_id": null,
                "related_player_name": null,
                "minute": 56,
                "extra_minute": null,
                "reason": "Foul",
                "injuried": null,
                "result": null
            },
            {
                "id": 8730375,
                "team_id": "6564",
                "type": "yellowcard",
                "fixture_id": 375837,
                "player_id": 169252,
                "player_name": "César Navas",
                "related_player_id": null,
                "related_player_name": null,
                "minute": 60,
                "extra_minute": null,
                "reason": null,
                "injuried": null,
                "result": null
            },
            {
                "id": 8730410,
                "team_id": "452",
                "type": "substitution",
                "fixture_id": 375837,
                "player_id": 95474,
                "player_name": "G. Bruno",
                "related_player_id": 172247,
                "related_player_name": "S. Mijailović",
                "minute": 79,
                "extra_minute": null,
                "reason": null,
                "injuried": false,
                "result": null
            },
            {
                "id": 8730431,
                "team_id": "6564",
                "type": "substitution",
                "fixture_id": 375837,
                "player_id": 169790,
                "player_name": "S. Azmoun",
                "related_player_id": 169184,
                "related_player_name": "A. Bukharov",
                "minute": 81,
                "extra_minute": null,
                "reason": null,
                "injuried": null,
                "result": null
            },
            {
                "id": 8730437,
                "team_id": "6564",
                "type": "substitution",
                "fixture_id": 375837,
                "player_id": 169653,
                "player_name": "K. Bayramyan",
                "related_player_id": 170067,
                "related_player_name": "D. Terentjev",
                "minute": 87,
                "extra_minute": null,
                "reason": null,
                "injuried": null,
                "result": null
            },
            {
                "id": 8730420,
                "team_id": "452",
                "type": "substitution",
                "fixture_id": 375837,
                "player_id": 30492,
                "player_name": "B. Sadik",
                "related_player_id": 172294,
                "related_player_name": "A. Gromov",
                "minute": 88,
                "extra_minute": null,
                "reason": null,
                "injuried": null,
                "result": null
            },
            {
                "id": 8730445,
                "team_id": "6564",
                "type": "substitution",
                "fixture_id": 375837,
                "player_id": 169827,
                "player_name": "M. Dević",
                "related_player_id": 70722,
                "related_player_name": "A. Prepeliță",
                "minute": 90,
                "extra_minute": 1,
                "reason": null,
                "injuried": null,
                "result": null
            }
        ]
    },
    "odds": {
        "data": []
    }
}