{
    "id": 6596,
    "league_id": 8,
    "season_id": 13,
    "stage_id": 11,
    "round_id": 653,
    "group_id": null,
    "aggregate_id": null,
    "venue_id": 117,
    "referee_id": 118,
    "localteam_id": 42,
    "visitorteam_id": 22,
    "winner_team_id": 42,
    "weather_report": null,
    "commentaries": true,
    "attendance": null,
    "pitch": null,
    "details": null,
    "neutral_venue": false,
    "winning_odds_calculated": true,
    "formations": {
        "localteam_formation": "4-2-3-1",
        "visitorteam_formation": "4-1-4-1"
    },
    "scores": {
        "localteam_score": 3,
        "visitorteam_score": 1,
        "localteam_pen_score": null,
        "visitorteam_pen_score": null,
        "ht_score": "1-1",
        "ft_score": "3-1",
        "et_score": null
    },
    "time": {
        "status": "FT",
        "starting_at": {
            "date_time": "2017-03-04 15:00:00",
            "date": "2017-03-04",
            "time": "15:00:00",
            "timestamp": 1488639600,
            "timezone": "UTC"
        },
        "minute": 90,
        "second": null,
        "added_time": null,
        "extra_minute": null,
        "injury_time": null
    },
    "coaches": {
        "localteam_coach_id": 893654,
        "visitorteam_coach_id": 455424
    },
    "standings": {
        "localteam_position": null,
        "visitorteam_position": null
    },
    "assistants": {
        "first_assistant_id": null,
        "second_assistant_id": null,
        "fourth_official_id": null
    },
    "leg": "1/1",
    "colors": null,
    "deleted": false,
    "localTeam": {
        "data": {
            "id": 42,
            "legacy_id": 388,
            "name": "Leicester City",
            "short_code": "LEI",
            "twitter": "@LCFC",
            "country_id": 462,
            "national_team": false,
            "founded": 1884,
            "logo_path": "https://cdn.sportmonks.com/images//soccer/teams/10/42.png",
            "venue_id": 117,
            "current_season_id": 16036
        }
    },
    "visitorTeam": {
        "data": {
            "id": 22,
            "legacy_id": 384,
            "name": "Hull City",
            "short_code": "HUL",
            "twitter": "@HullCity",
            "country_id": 462,
            "national_team": false,
            "founded": 1904,
            "logo_path": "https://cdn.sportmonks.com/images//soccer/teams/22/22.png",
            "venue_id": 199,
            "current_season_id": 16211
        }
    },
    "league": {
        "data": {
            "id": 8,
            "active": true,
            "type": "domestic",
            "legacy_id": 29,
            "country_id": 462,
            "logo_path": "https://cdn.sportmonks.com/images/soccer/leagues/8.png",
            "name": "Premier League",
            "is_cup": false,
            "current_season_id": 16036,
            "current_round_id": 169657,
            "current_stage_id": 77443862,
            "live_standings": true,
            "coverage": {
                "predictions": 1,
                "topscorer_goals": true,
                "topscorer_assists": true,
                "topscorer_cards": true
            }
        }
    },
    "events": {
        "data": [
            {
                "id": 6913665,
                "team_id": "22",
                "type": "goal",
                "fixture_id": 6596,
                "player_id": 1571,
                "player_name": "S. Clucas",
                "related_player_id": null,
                "related_player_name": null,
                "minute": 14,
                "extra_minute": null,
                "reason": null,
                "injuried": null,
                "result": null
            },
            {
                "id": 6913673,
                "team_id": "42",
                "type": "goal",
                "fixture_id": 6596,
                "player_id": 1191,
                "player_name": "C. Fuchs",
                "related_player_id": 1182,
                "related_player_name": "J. Vardy",
                "minute": 27,
                "extra_minute": null,
                "reason": null,
                "injuried": null,
                "result": null
            },
            {
                "id": 6913701,
                "team_id": "42",
                "type": "yellowcard",
                "fixture_id": 6596,
                "player_id": 921,
                "player_name": "D. Drinkwater",
                "related_player_id": null,
                "related_player_name": null,
                "minute": 49,
                "extra_minute": null,
                "reason": null,
                "injuried": null,
                "result": null
            },
            {
                "id": 6913682,
                "team_id": "42",
                "type": "goal",
                "fixture_id": 6596,
                "player_id": 971,
                "player_name": "R. Mahrez",
                "related_player_id": 238,
                "related_player_name": "R. Huth",
                "minute": 59,
                "extra_minute": null,
                "reason": null,
                "injuried": null,
                "result": null
            },
            {
                "id": 6913732,
                "team_id": "22",
                "type": "substitution",
                "fixture_id": 6596,
                "player_id": 1568,
                "player_name": "A. Hernández",
                "related_player_id": 4437,
                "related_player_name": "A. NDiaye",
                "minute": 68,
                "extra_minute": null,
                "reason": null,
                "injuried": null,
                "result": null
            },
            {
                "id": 6913717,
                "team_id": "42",
                "type": "substitution",
                "fixture_id": 6596,
                "player_id": 1572,
                "player_name": "D. Gray",
                "related_player_id": 1212,
                "related_player_name": "S. Okazaki",
                "minute": 70,
                "extra_minute": null,
                "reason": null,
                "injuried": null,
                "result": null
            },
            {
                "id": 6913738,
                "team_id": "22",
                "type": "substitution",
                "fixture_id": 6596,
                "player_id": 1567,
                "player_name": "A. Diomande",
                "related_player_id": 4101,
                "related_player_name": "L. Marković",
                "minute": 78,
                "extra_minute": null,
                "reason": null,
                "injuried": null,
                "result": null
            },
            {
                "id": 6913725,
                "team_id": "42",
                "type": "substitution",
                "fixture_id": 6596,
                "player_id": 4833,
                "player_name": "I. Slimani",
                "related_player_id": 971,
                "related_player_name": "R. Mahrez",
                "minute": 83,
                "extra_minute": null,
                "reason": null,
                "injuried": null,
                "result": null
            },
            {
                "id": 6913709,
                "team_id": "22",
                "type": "yellowcard",
                "fixture_id": 6596,
                "player_id": 33,
                "player_name": "T. Huddlestone",
                "related_player_id": null,
                "related_player_name": null,
                "minute": 89,
                "extra_minute": null,
                "reason": null,
                "injuried": null,
                "result": null
            },
            {
                "id": 6913693,
                "team_id": "42",
                "type": "own-goal",
                "fixture_id": 6596,
                "player_id": 33,
                "player_name": "T. Huddlestone",
                "related_player_id": null,
                "related_player_name": null,
                "minute": 90,
                "extra_minute": null,
                "reason": null,
                "injuried": null,
                "result": null
            }
        ]
    },
    "odds": {
        "data": []
    }
}