{
    "id": 7007,
    "league_id": 8,
    "season_id": 13,
    "stage_id": 11,
    "round_id": 692,
    "group_id": null,
    "aggregate_id": null,
    "venue_id": 117,
    "referee_id": 124,
    "localteam_id": 42,
    "visitorteam_id": 3,
    "winner_team_id": 42,
    "weather_report": null,
    "commentaries": true,
    "attendance": null,
    "pitch": null,
    "details": null,
    "neutral_venue": false,
    "winning_odds_calculated": true,
    "formations": {
        "localteam_formation": "4-4-2",
        "visitorteam_formation": "4-1-3-2"
    },
    "scores": {
        "localteam_score": 2,
        "visitorteam_score": 0,
        "localteam_pen_score": null,
        "visitorteam_pen_score": null,
        "ht_score": "0-0",
        "ft_score": "2-0",
        "et_score": null
    },
    "time": {
        "status": "FT",
        "starting_at": {
            "date_time": "2017-04-04 18:45:00",
            "date": "2017-04-04",
            "time": "18:45:00",
            "timestamp": 1491331500,
            "timezone": "UTC"
        },
        "minute": 90,
        "second": null,
        "added_time": null,
        "extra_minute": null,
        "injury_time": null
    },
    "coaches": {
        "localteam_coach_id": 455473,
        "visitorteam_coach_id": 455355
    },
    "standings": {
        "localteam_position": null,
        "visitorteam_position": null
    },
    "assistants": {
        "first_assistant_id": null,
        "second_assistant_id": null,
        "fourth_official_id": null
    },
    "leg": "1/1",
    "colors": null,
    "deleted": false,
    "localTeam": {
        "data": {
            "id": 42,
            "legacy_id": 388,
            "name": "Leicester City",
            "short_code": "LEI",
            "twitter": "@LCFC",
            "country_id": 462,
            "national_team": false,
            "founded": 1884,
            "logo_path": "https://cdn.sportmonks.com/images//soccer/teams/10/42.png",
            "venue_id": 117,
            "current_season_id": 16036
        }
    },
    "visitorTeam": {
        "data": {
            "id": 3,
            "legacy_id": 383,
            "name": "Sunderland",
            "short_code": "SUN",
            "twitter": null,
            "country_id": 462,
            "national_team": false,
            "founded": 1879,
            "logo_path": "https://cdn.sportmonks.com/images//soccer/teams/3/3.png",
            "venue_id": 212,
            "current_season_id": 16210
        }
    },
    "league": {
        "data": {
            "id": 8,
            "active": true,
            "type": "domestic",
            "legacy_id": 29,
            "country_id": 462,
            "logo_path": "https://cdn.sportmonks.com/images/soccer/leagues/8.png",
            "name": "Premier League",
            "is_cup": false,
            "current_season_id": 16036,
            "current_round_id": 169657,
            "current_stage_id": 77443862,
            "live_standings": true,
            "coverage": {
                "predictions": 1,
                "topscorer_goals": true,
                "topscorer_assists": true,
                "topscorer_cards": true
            }
        }
    },
    "events": {
        "data": [
            {
                "id": 6917473,
                "team_id": "3",
                "type": "yellowcard",
                "fixture_id": 7007,
                "player_id": 175,
                "player_name": "L. Cattermole",
                "related_player_id": null,
                "related_player_name": null,
                "minute": 35,
                "extra_minute": null,
                "reason": null,
                "injuried": null,
                "result": null
            },
            {
                "id": 6917484,
                "team_id": "42",
                "type": "substitution",
                "fixture_id": 7007,
                "player_id": 174,
                "player_name": "M. Albrighton",
                "related_player_id": 1572,
                "related_player_name": "D. Gray",
                "minute": 62,
                "extra_minute": null,
                "reason": null,
                "injuried": null,
                "result": null
            },
            {
                "id": 6917491,
                "team_id": "42",
                "type": "substitution",
                "fixture_id": 7007,
                "player_id": 4833,
                "player_name": "I. Slimani",
                "related_player_id": 1212,
                "related_player_name": "S. Okazaki",
                "minute": 62,
                "extra_minute": null,
                "reason": null,
                "injuried": null,
                "result": null
            },
            {
                "id": 6917458,
                "team_id": "42",
                "type": "goal",
                "fixture_id": 7007,
                "player_id": 4833,
                "player_name": "I. Slimani",
                "related_player_id": 174,
                "related_player_name": "M. Albrighton",
                "minute": 69,
                "extra_minute": null,
                "reason": null,
                "injuried": null,
                "result": null
            },
            {
                "id": 6917506,
                "team_id": "3",
                "type": "substitution",
                "fixture_id": 7007,
                "player_id": 1806,
                "player_name": "W. Khazri",
                "related_player_id": 597,
                "related_player_name": "S. Larsson",
                "minute": 73,
                "extra_minute": null,
                "reason": null,
                "injuried": null,
                "result": null
            },
            {
                "id": 6917514,
                "team_id": "3",
                "type": "substitution",
                "fixture_id": 7007,
                "player_id": 288,
                "player_name": "V. Anichebe",
                "related_player_id": 175,
                "related_player_name": "L. Cattermole",
                "minute": 73,
                "extra_minute": null,
                "reason": null,
                "injuried": null,
                "result": null
            },
            {
                "id": 6917466,
                "team_id": "42",
                "type": "goal",
                "fixture_id": 7007,
                "player_id": 1182,
                "player_name": "J. Vardy",
                "related_player_id": 174,
                "related_player_name": "M. Albrighton",
                "minute": 78,
                "extra_minute": null,
                "reason": null,
                "injuried": null,
                "result": null
            },
            {
                "id": 6917522,
                "team_id": "3",
                "type": "substitution",
                "fixture_id": 7007,
                "player_id": 1431,
                "player_name": "D. Gibson",
                "related_player_id": 411,
                "related_player_name": "J. Rodwell",
                "minute": 80,
                "extra_minute": null,
                "reason": null,
                "injuried": null,
                "result": null
            },
            {
                "id": 6917499,
                "team_id": "42",
                "type": "substitution",
                "fixture_id": 7007,
                "player_id": 956,
                "player_name": "A. King",
                "related_player_id": 5319,
                "related_player_name": "W. Ndidi",
                "minute": 82,
                "extra_minute": null,
                "reason": null,
                "injuried": true,
                "result": null
            }
        ]
    },
    "odds": {
        "data": []
    }
}