{
    "id": 6442,
    "league_id": 8,
    "season_id": 13,
    "stage_id": 11,
    "round_id": 634,
    "group_id": null,
    "aggregate_id": null,
    "venue_id": 230,
    "referee_id": 15,
    "localteam_id": 8,
    "visitorteam_id": 6,
    "winner_team_id": 8,
    "weather_report": null,
    "commentaries": true,
    "attendance": 53159,
    "pitch": null,
    "details": null,
    "neutral_venue": false,
    "winning_odds_calculated": true,
    "formations": {
        "localteam_formation": "4-3-3",
        "visitorteam_formation": "4-2-3-1"
    },
    "scores": {
        "localteam_score": 2,
        "visitorteam_score": 0,
        "localteam_pen_score": null,
        "visitorteam_pen_score": null,
        "ht_score": "2-0",
        "ft_score": "2-0",
        "et_score": null
    },
    "time": {
        "status": "FT",
        "starting_at": {
            "date_time": "2017-02-11 17:30:00",
            "date": "2017-02-11",
            "time": "17:30:00",
            "timestamp": 1486834200,
            "timezone": "UTC"
        },
        "minute": 90,
        "second": null,
        "added_time": null,
        "extra_minute": null,
        "injury_time": null
    },
    "coaches": {
        "localteam_coach_id": 455353,
        "visitorteam_coach_id": 455358
    },
    "standings": {
        "localteam_position": null,
        "visitorteam_position": null
    },
    "assistants": {
        "first_assistant_id": null,
        "second_assistant_id": null,
        "fourth_official_id": null
    },
    "leg": "1/1",
    "colors": null,
    "deleted": false,
    "localTeam": {
        "data": {
            "id": 8,
            "legacy_id": 119,
            "name": "Liverpool",
            "short_code": "LIV",
            "twitter": "@LFC",
            "country_id": 462,
            "national_team": false,
            "founded": 1892,
            "logo_path": "https://cdn.sportmonks.com/images//soccer/teams/8/8.png",
            "venue_id": 230,
            "current_season_id": 16036
        }
    },
    "visitorTeam": {
        "data": {
            "id": 6,
            "legacy_id": 148,
            "name": "Tottenham Hotspur",
            "short_code": "TOT",
            "twitter": "@SpursOfficial",
            "country_id": 462,
            "national_team": false,
            "founded": 1882,
            "logo_path": "https://cdn.sportmonks.com/images//soccer/teams/6/6.png",
            "venue_id": 281313,
            "current_season_id": 16036
        }
    },
    "league": {
        "data": {
            "id": 8,
            "active": true,
            "type": "domestic",
            "legacy_id": 29,
            "country_id": 462,
            "logo_path": "https://cdn.sportmonks.com/images/soccer/leagues/8.png",
            "name": "Premier League",
            "is_cup": false,
            "current_season_id": 16036,
            "current_round_id": 169657,
            "current_stage_id": 77443862,
            "live_standings": true,
            "coverage": {
                "predictions": 1,
                "topscorer_goals": true,
                "topscorer_assists": true,
                "topscorer_cards": true
            }
        }
    },
    "events": {
        "data": [
            {
                "id": 6912216,
                "team_id": "8",
                "type": "goal",
                "fixture_id": 6442,
                "player_id": 1389,
                "player_name": "S. Mané",
                "related_player_id": 1365,
                "related_player_name": "G. Wijnaldum",
                "minute": 16,
                "extra_minute": null,
                "reason": null,
                "injuried": null,
                "result": null
            },
            {
                "id": 6912224,
                "team_id": "8",
                "type": "goal",
                "fixture_id": 6442,
                "player_id": 1389,
                "player_name": "S. Mané",
                "related_player_id": null,
                "related_player_name": null,
                "minute": 18,
                "extra_minute": null,
                "reason": null,
                "injuried": null,
                "result": null
            },
            {
                "id": 6912273,
                "team_id": "6",
                "type": "yellowcard",
                "fixture_id": 6442,
                "player_id": 4313,
                "player_name": "Heung-Min Son",
                "related_player_id": null,
                "related_player_name": null,
                "minute": 28,
                "extra_minute": null,
                "reason": null,
                "injuried": null,
                "result": null
            },
            {
                "id": 6912249,
                "team_id": "8",
                "type": "yellowcard",
                "fixture_id": 6442,
                "player_id": 323,
                "player_name": "J. Henderson",
                "related_player_id": null,
                "related_player_name": null,
                "minute": 53,
                "extra_minute": null,
                "reason": null,
                "injuried": null,
                "result": null
            },
            {
                "id": 6912232,
                "team_id": "8",
                "type": "yellowcard",
                "fixture_id": 6442,
                "player_id": 1920,
                "player_name": "J. Matip",
                "related_player_id": null,
                "related_player_name": null,
                "minute": 56,
                "extra_minute": null,
                "reason": null,
                "injuried": null,
                "result": null
            },
            {
                "id": 6912279,
                "team_id": "6",
                "type": "yellowcard",
                "fixture_id": 6442,
                "player_id": 997,
                "player_name": "H. Kane",
                "related_player_id": null,
                "related_player_name": null,
                "minute": 67,
                "extra_minute": null,
                "reason": null,
                "injuried": null,
                "result": null
            },
            {
                "id": 6912320,
                "team_id": "6",
                "type": "substitution",
                "fixture_id": 6442,
                "player_id": 1711,
                "player_name": "H. Winks",
                "related_player_id": 992,
                "related_player_name": "C. Eriksen",
                "minute": 68,
                "extra_minute": null,
                "reason": null,
                "injuried": null,
                "result": null
            },
            {
                "id": 6912240,
                "team_id": "8",
                "type": "yellowcard",
                "fixture_id": 6442,
                "player_id": 197,
                "player_name": "J. Milner",
                "related_player_id": null,
                "related_player_name": null,
                "minute": 68,
                "extra_minute": null,
                "reason": null,
                "injuried": null,
                "result": null
            },
            {
                "id": 6912287,
                "team_id": "6",
                "type": "yellowcard",
                "fixture_id": 6442,
                "player_id": 1711,
                "player_name": "H. Winks",
                "related_player_id": null,
                "related_player_name": null,
                "minute": 71,
                "extra_minute": null,
                "reason": null,
                "injuried": null,
                "result": null
            },
            {
                "id": 6912294,
                "team_id": "8",
                "type": "substitution",
                "fixture_id": 6442,
                "player_id": 1388,
                "player_name": "E. Can",
                "related_player_id": 810,
                "related_player_name": "Philippe Coutinho",
                "minute": 77,
                "extra_minute": null,
                "reason": null,
                "injuried": null,
                "result": null
            },
            {
                "id": 6912327,
                "team_id": "6",
                "type": "substitution",
                "fixture_id": 6442,
                "player_id": 1380,
                "player_name": "M. Sissoko",
                "related_player_id": 852,
                "related_player_name": "M. Dembélé",
                "minute": 77,
                "extra_minute": null,
                "reason": null,
                "injuried": null,
                "result": null
            },
            {
                "id": 6912266,
                "team_id": "6",
                "type": "yellowcard",
                "fixture_id": 6442,
                "player_id": 916,
                "player_name": "E. Dier",
                "related_player_id": null,
                "related_player_name": null,
                "minute": 78,
                "extra_minute": null,
                "reason": null,
                "injuried": null,
                "result": null
            },
            {
                "id": 6912304,
                "team_id": "8",
                "type": "substitution",
                "fixture_id": 6442,
                "player_id": 1906,
                "player_name": "R. Klavan",
                "related_player_id": 672,
                "related_player_name": "Lucas Leiva",
                "minute": 82,
                "extra_minute": null,
                "reason": null,
                "injuried": null,
                "result": null
            },
            {
                "id": 6912335,
                "team_id": "6",
                "type": "substitution",
                "fixture_id": 6442,
                "player_id": 1690,
                "player_name": "V. Janssen",
                "related_player_id": 4313,
                "related_player_name": "Heung-Min Son",
                "minute": 82,
                "extra_minute": null,
                "reason": null,
                "injuried": null,
                "result": null
            },
            {
                "id": 6912258,
                "team_id": "6",
                "type": "yellowcard",
                "fixture_id": 6442,
                "player_id": 988,
                "player_name": "T. Alderweireld",
                "related_player_id": null,
                "related_player_name": null,
                "minute": 83,
                "extra_minute": null,
                "reason": null,
                "injuried": null,
                "result": null
            },
            {
                "id": 6912312,
                "team_id": "8",
                "type": "substitution",
                "fixture_id": 6442,
                "player_id": 1917,
                "player_name": "T. Arnold",
                "related_player_id": 1389,
                "related_player_name": "S. Mané",
                "minute": 90,
                "extra_minute": 2,
                "reason": null,
                "injuried": null,
                "result": null
            }
        ]
    },
    "odds": {
        "data": []
    }
}