{
    "id": 375825,
    "league_id": 486,
    "season_id": 828,
    "stage_id": 1560,
    "round_id": 27096,
    "group_id": null,
    "aggregate_id": null,
    "venue_id": 70,
    "referee_id": 3390,
    "localteam_id": 490,
    "visitorteam_id": 2712,
    "winner_team_id": null,
    "weather_report": null,
    "commentaries": false,
    "attendance": 27402,
    "pitch": null,
    "details": null,
    "neutral_venue": false,
    "winning_odds_calculated": true,
    "formations": {
        "localteam_formation": "3-5-2",
        "visitorteam_formation": "4-2-3-1"
    },
    "scores": {
        "localteam_score": 1,
        "visitorteam_score": 1,
        "localteam_pen_score": null,
        "visitorteam_pen_score": null,
        "ht_score": "1-0",
        "ft_score": "1-1",
        "et_score": null
    },
    "time": {
        "status": "FT",
        "starting_at": {
            "date_time": "2017-03-18 13:30:00",
            "date": "2017-03-18",
            "time": "13:30:00",
            "timestamp": 1489843800,
            "timezone": "UTC"
        },
        "minute": 90,
        "second": null,
        "added_time": null,
        "extra_minute": null,
        "injury_time": null
    },
    "coaches": {
        "localteam_coach_id": 452674,
        "visitorteam_coach_id": 458774
    },
    "standings": {
        "localteam_position": null,
        "visitorteam_position": null
    },
    "assistants": {
        "first_assistant_id": null,
        "second_assistant_id": null,
        "fourth_official_id": null
    },
    "leg": null,
    "colors": null,
    "deleted": false,
    "localTeam": {
        "data": {
            "id": 490,
            "legacy_id": 501,
            "name": "Lokomotiv Moskva",
            "short_code": null,
            "twitter": null,
            "country_id": 227,
            "national_team": false,
            "founded": 1923,
            "logo_path": "https://cdn.sportmonks.com/images//soccer/teams/10/490.png",
            "venue_id": 177923,
            "current_season_id": 12996
        }
    },
    "visitorTeam": {
        "data": {
            "id": 2712,
            "legacy_id": 502,
            "name": "Spartak Moskva",
            "short_code": null,
            "twitter": null,
            "country_id": 227,
            "national_team": false,
            "founded": 1922,
            "logo_path": "https://cdn.sportmonks.com/images//soccer/teams/24/2712.png",
            "venue_id": 1609,
            "current_season_id": 12996
        }
    },
    "league": {
        "data": {
            "id": 486,
            "active": true,
            "type": "domestic",
            "legacy_id": 42,
            "country_id": 227,
            "logo_path": null,
            "name": "Premier League",
            "is_cup": false,
            "current_season_id": 16021,
            "current_round_id": 169532,
            "current_stage_id": 77443803,
            "live_standings": true,
            "coverage": {
                "predictions": 1,
                "topscorer_goals": true,
                "topscorer_assists": true,
                "topscorer_cards": true
            }
        }
    },
    "events": {
        "data": [
            {
                "id": 8730330,
                "team_id": "2712",
                "type": "yellowcard",
                "fixture_id": 375825,
                "player_id": 129882,
                "player_name": "Fernando",
                "related_player_id": null,
                "related_player_name": null,
                "minute": 29,
                "extra_minute": null,
                "reason": null,
                "injuried": null,
                "result": null
            },
            {
                "id": 8730306,
                "team_id": "490",
                "type": "yellowcard",
                "fixture_id": 375825,
                "player_id": 169579,
                "player_name": "V. Ignatyev",
                "related_player_id": null,
                "related_player_name": null,
                "minute": 34,
                "extra_minute": null,
                "reason": null,
                "injuried": null,
                "result": null
            },
            {
                "id": 8730281,
                "team_id": "490",
                "type": "goal",
                "fixture_id": 375825,
                "player_id": 23011,
                "player_name": "Ari",
                "related_player_id": 169579,
                "related_player_name": "V. Ignatyev",
                "minute": 41,
                "extra_minute": null,
                "reason": null,
                "injuried": null,
                "result": null
            },
            {
                "id": 8730338,
                "team_id": "490",
                "type": "substitution",
                "fixture_id": 375825,
                "player_id": 30886,
                "player_name": "N. Pejčinović",
                "related_player_id": 138,
                "related_player_name": "V. Ćorluka",
                "minute": 46,
                "extra_minute": null,
                "reason": null,
                "injuried": null,
                "result": null
            },
            {
                "id": 8730290,
                "team_id": "2712",
                "type": "goal",
                "fixture_id": 375825,
                "player_id": 24256,
                "player_name": "Q. Promes",
                "related_player_id": 113830,
                "related_player_name": "Zé Luís",
                "minute": 52,
                "extra_minute": null,
                "reason": null,
                "injuried": null,
                "result": null
            },
            {
                "id": 8730346,
                "team_id": "490",
                "type": "substitution",
                "fixture_id": 375825,
                "player_id": 170211,
                "player_name": "D. Barinov",
                "related_player_id": 169763,
                "related_player_name": "D. Tarasov",
                "minute": 63,
                "extra_minute": null,
                "reason": null,
                "injuried": false,
                "result": null
            },
            {
                "id": 8730360,
                "team_id": "2712",
                "type": "substitution",
                "fixture_id": 375825,
                "player_id": 68226,
                "player_name": "I. Popov",
                "related_player_id": 169707,
                "related_player_name": "J. Ananidze",
                "minute": 70,
                "extra_minute": null,
                "reason": null,
                "injuried": null,
                "result": null
            },
            {
                "id": 8730298,
                "team_id": "490",
                "type": "yellowcard",
                "fixture_id": 375825,
                "player_id": 3818,
                "player_name": "Manuel Fernandes",
                "related_player_id": null,
                "related_player_name": null,
                "minute": 72,
                "extra_minute": null,
                "reason": null,
                "injuried": null,
                "result": null
            },
            {
                "id": 8730354,
                "team_id": "490",
                "type": "substitution",
                "fixture_id": 375825,
                "player_id": 169368,
                "player_name": "Maicon",
                "related_player_id": 3818,
                "related_player_name": "Manuel Fernandes",
                "minute": 76,
                "extra_minute": null,
                "reason": null,
                "injuried": null,
                "result": null
            },
            {
                "id": 8730323,
                "team_id": "2712",
                "type": "yellowcard",
                "fixture_id": 375825,
                "player_id": 169286,
                "player_name": "A. Eshchenko",
                "related_player_id": null,
                "related_player_name": null,
                "minute": 79,
                "extra_minute": null,
                "reason": null,
                "injuried": null,
                "result": null
            },
            {
                "id": 8730315,
                "team_id": "490",
                "type": "yellowcard",
                "fixture_id": 375825,
                "player_id": 23011,
                "player_name": "Ari",
                "related_player_id": null,
                "related_player_name": null,
                "minute": 84,
                "extra_minute": null,
                "reason": "Foul",
                "injuried": null,
                "result": null
            }
        ]
    },
    "odds": {
        "data": []
    }
}