{
    "id": 7119,
    "league_id": 8,
    "season_id": 13,
    "stage_id": 11,
    "round_id": 701,
    "group_id": null,
    "aggregate_id": null,
    "venue_id": 151,
    "referee_id": 4,
    "localteam_id": 9,
    "visitorteam_id": 22,
    "winner_team_id": 9,
    "weather_report": null,
    "commentaries": true,
    "attendance": null,
    "pitch": null,
    "details": null,
    "neutral_venue": false,
    "winning_odds_calculated": true,
    "formations": {
        "localteam_formation": "4-2-3-1",
        "visitorteam_formation": "4-4-1-1"
    },
    "scores": {
        "localteam_score": 3,
        "visitorteam_score": 1,
        "localteam_pen_score": null,
        "visitorteam_pen_score": null,
        "ht_score": "1-0",
        "ft_score": "3-1",
        "et_score": null
    },
    "time": {
        "status": "FT",
        "starting_at": {
            "date_time": "2017-04-08 14:00:00",
            "date": "2017-04-08",
            "time": "14:00:00",
            "timestamp": 1491660000,
            "timezone": "UTC"
        },
        "minute": 90,
        "second": null,
        "added_time": null,
        "extra_minute": null,
        "injury_time": null
    },
    "coaches": {
        "localteam_coach_id": 455361,
        "visitorteam_coach_id": 455424
    },
    "standings": {
        "localteam_position": null,
        "visitorteam_position": null
    },
    "assistants": {
        "first_assistant_id": null,
        "second_assistant_id": null,
        "fourth_official_id": null
    },
    "leg": "1/1",
    "colors": null,
    "deleted": false,
    "localTeam": {
        "data": {
            "id": 9,
            "legacy_id": 127,
            "name": "Manchester City",
            "short_code": "MCI",
            "twitter": "@ManCity",
            "country_id": 462,
            "national_team": false,
            "founded": 1880,
            "logo_path": "https://cdn.sportmonks.com/images//soccer/teams/9/9.png",
            "venue_id": 151,
            "current_season_id": 16036
        }
    },
    "visitorTeam": {
        "data": {
            "id": 22,
            "legacy_id": 384,
            "name": "Hull City",
            "short_code": "HUL",
            "twitter": "@HullCity",
            "country_id": 462,
            "national_team": false,
            "founded": 1904,
            "logo_path": "https://cdn.sportmonks.com/images//soccer/teams/22/22.png",
            "venue_id": 199,
            "current_season_id": 16211
        }
    },
    "league": {
        "data": {
            "id": 8,
            "active": true,
            "type": "domestic",
            "legacy_id": 29,
            "country_id": 462,
            "logo_path": "https://cdn.sportmonks.com/images/soccer/leagues/8.png",
            "name": "Premier League",
            "is_cup": false,
            "current_season_id": 16036,
            "current_round_id": 169657,
            "current_stage_id": 77443862,
            "live_standings": true,
            "coverage": {
                "predictions": 1,
                "topscorer_goals": true,
                "topscorer_assists": true,
                "topscorer_cards": true
            }
        }
    },
    "events": {
        "data": [
            {
                "id": 6918437,
                "team_id": "22",
                "type": "yellowcard",
                "fixture_id": 7119,
                "player_id": 5311,
                "player_name": "Evandro",
                "related_player_id": null,
                "related_player_name": null,
                "minute": 28,
                "extra_minute": null,
                "reason": "Foul",
                "injuried": null,
                "result": null
            },
            {
                "id": 6918405,
                "team_id": "9",
                "type": "own-goal",
                "fixture_id": 7119,
                "player_id": 628,
                "player_name": "Ahmed El Mohamady",
                "related_player_id": null,
                "related_player_name": null,
                "minute": 31,
                "extra_minute": null,
                "reason": null,
                "injuried": null,
                "result": null
            },
            {
                "id": 6918413,
                "team_id": "9",
                "type": "goal",
                "fixture_id": 7119,
                "player_id": 1359,
                "player_name": "S. Agüero",
                "related_player_id": null,
                "related_player_name": null,
                "minute": 48,
                "extra_minute": null,
                "reason": null,
                "injuried": null,
                "result": null
            },
            {
                "id": 6918484,
                "team_id": "22",
                "type": "substitution",
                "fixture_id": 7119,
                "player_id": 1568,
                "player_name": "A. Hernández",
                "related_player_id": 5311,
                "related_player_name": "Evandro",
                "minute": 58,
                "extra_minute": null,
                "reason": null,
                "injuried": null,
                "result": null
            },
            {
                "id": 6918492,
                "team_id": "22",
                "type": "substitution",
                "fixture_id": 7119,
                "player_id": 4807,
                "player_name": "M. Henriksen",
                "related_player_id": 1571,
                "related_player_name": "S. Clucas",
                "minute": 58,
                "extra_minute": null,
                "reason": null,
                "injuried": null,
                "result": null
            },
            {
                "id": 6918421,
                "team_id": "9",
                "type": "goal",
                "fixture_id": 7119,
                "player_id": 166,
                "player_name": "F. Delph",
                "related_player_id": 802,
                "related_player_name": "R. Sterling",
                "minute": 64,
                "extra_minute": null,
                "reason": null,
                "injuried": null,
                "result": null
            },
            {
                "id": 6918459,
                "team_id": "9",
                "type": "substitution",
                "fixture_id": 7119,
                "player_id": 1792,
                "player_name": "Nolito",
                "related_player_id": 4783,
                "related_player_name": "L. Sané",
                "minute": 66,
                "extra_minute": null,
                "reason": null,
                "injuried": null,
                "result": null
            },
            {
                "id": 6918445,
                "team_id": "22",
                "type": "yellowcard",
                "fixture_id": 7119,
                "player_id": 4437,
                "player_name": "A. N'Diaye",
                "related_player_id": null,
                "related_player_name": null,
                "minute": 69,
                "extra_minute": null,
                "reason": null,
                "injuried": null,
                "result": null
            },
            {
                "id": 6918467,
                "team_id": "9",
                "type": "substitution",
                "fixture_id": 7119,
                "player_id": 1488,
                "player_name": "K. Iheanacho",
                "related_player_id": 294,
                "related_player_name": "David Silva",
                "minute": 73,
                "extra_minute": null,
                "reason": null,
                "injuried": null,
                "result": null
            },
            {
                "id": 6918476,
                "team_id": "9",
                "type": "substitution",
                "fixture_id": 7119,
                "player_id": 1399,
                "player_name": "Fernando",
                "related_player_id": 296,
                "related_player_name": "Y. Touré",
                "minute": 74,
                "extra_minute": null,
                "reason": null,
                "injuried": null,
                "result": null
            },
            {
                "id": 6918500,
                "team_id": "22",
                "type": "substitution",
                "fixture_id": 7119,
                "player_id": 1334,
                "player_name": "S. Maloney",
                "related_player_id": 4607,
                "related_player_name": "O. Niasse",
                "minute": 82,
                "extra_minute": null,
                "reason": null,
                "injuried": null,
                "result": null
            },
            {
                "id": 6918429,
                "team_id": "22",
                "type": "goal",
                "fixture_id": 7119,
                "player_id": 5349,
                "player_name": "A. Ranocchia",
                "related_player_id": 1334,
                "related_player_name": "S. Maloney",
                "minute": 85,
                "extra_minute": null,
                "reason": null,
                "injuried": null,
                "result": null
            }
        ]
    },
    "odds": {
        "data": []
    }
}