{
    "id": 6389,
    "league_id": 8,
    "season_id": 13,
    "stage_id": 11,
    "round_id": 634,
    "group_id": null,
    "aggregate_id": null,
    "venue_id": 206,
    "referee_id": 117,
    "localteam_id": 14,
    "visitorteam_id": 25,
    "winner_team_id": 14,
    "weather_report": null,
    "commentaries": true,
    "attendance": null,
    "pitch": null,
    "details": null,
    "neutral_venue": false,
    "winning_odds_calculated": true,
    "formations": {
        "localteam_formation": "4-2-3-1",
        "visitorteam_formation": "4-1-4-1"
    },
    "scores": {
        "localteam_score": 2,
        "visitorteam_score": 0,
        "localteam_pen_score": null,
        "visitorteam_pen_score": null,
        "ht_score": "1-0",
        "ft_score": "2-0",
        "et_score": null
    },
    "time": {
        "status": "FT",
        "starting_at": {
            "date_time": "2017-02-11 15:00:00",
            "date": "2017-02-11",
            "time": "15:00:00",
            "timestamp": 1486825200,
            "timezone": "UTC"
        },
        "minute": 90,
        "second": null,
        "added_time": null,
        "extra_minute": null,
        "injury_time": null
    },
    "coaches": {
        "localteam_coach_id": 455375,
        "visitorteam_coach_id": 518647
    },
    "standings": {
        "localteam_position": null,
        "visitorteam_position": null
    },
    "assistants": {
        "first_assistant_id": null,
        "second_assistant_id": null,
        "fourth_official_id": null
    },
    "leg": "1/1",
    "colors": null,
    "deleted": false,
    "localTeam": {
        "data": {
            "id": 14,
            "legacy_id": 375,
            "name": "Manchester United",
            "short_code": "MUN",
            "twitter": "@ManUtd",
            "country_id": 462,
            "national_team": false,
            "founded": 1878,
            "logo_path": "https://cdn.sportmonks.com/images//soccer/teams/14/14.png",
            "venue_id": 206,
            "current_season_id": 16036
        }
    },
    "visitorTeam": {
        "data": {
            "id": 25,
            "legacy_id": 393,
            "name": "Watford",
            "short_code": "WAT",
            "twitter": "@WatfordFC",
            "country_id": 462,
            "national_team": false,
            "founded": 1881,
            "logo_path": "https://cdn.sportmonks.com/images//soccer/teams/25/25.png",
            "venue_id": 149,
            "current_season_id": 16036
        }
    },
    "league": {
        "data": {
            "id": 8,
            "active": true,
            "type": "domestic",
            "legacy_id": 29,
            "country_id": 462,
            "logo_path": "https://cdn.sportmonks.com/images/soccer/leagues/8.png",
            "name": "Premier League",
            "is_cup": false,
            "current_season_id": 16036,
            "current_round_id": 169657,
            "current_stage_id": 77443862,
            "live_standings": true,
            "coverage": {
                "predictions": 1,
                "topscorer_goals": true,
                "topscorer_assists": true,
                "topscorer_cards": true
            }
        }
    },
    "events": {
        "data": [
            {
                "id": 6911788,
                "team_id": "14",
                "type": "goal",
                "fixture_id": 6389,
                "player_id": 846,
                "player_name": "Mata",
                "related_player_id": 1829,
                "related_player_name": "A. Martial",
                "minute": 32,
                "extra_minute": null,
                "reason": null,
                "injuried": null,
                "result": null
            },
            {
                "id": 6911835,
                "team_id": "25",
                "type": "substitution",
                "fixture_id": 6389,
                "player_id": 1374,
                "player_name": "D. Janmaat",
                "related_player_id": 1758,
                "related_player_name": "M. Britos",
                "minute": 46,
                "extra_minute": null,
                "reason": null,
                "injuried": null,
                "result": null
            },
            {
                "id": 6911796,
                "team_id": "14",
                "type": "goal",
                "fixture_id": 6389,
                "player_id": 1829,
                "player_name": "A. Martial",
                "related_player_id": 1830,
                "related_player_name": "Z. Ibrahimović",
                "minute": 60,
                "extra_minute": null,
                "reason": null,
                "injuried": null,
                "result": null
            },
            {
                "id": 6911811,
                "team_id": "14",
                "type": "substitution",
                "fixture_id": 6389,
                "player_id": 420,
                "player_name": "M. Fellaini",
                "related_player_id": 846,
                "related_player_name": "Mata",
                "minute": 72,
                "extra_minute": null,
                "reason": null,
                "injuried": null,
                "result": null
            },
            {
                "id": 6911839,
                "team_id": "25",
                "type": "substitution",
                "fixture_id": 6389,
                "player_id": 740,
                "player_name": "S. Okaka",
                "related_player_id": 1286,
                "related_player_name": "M. Zárate",
                "minute": 74,
                "extra_minute": null,
                "reason": null,
                "injuried": null,
                "result": null
            },
            {
                "id": 6911818,
                "team_id": "14",
                "type": "substitution",
                "fixture_id": 6389,
                "player_id": 1878,
                "player_name": "M. Rashford",
                "related_player_id": 1829,
                "related_player_name": "A. Martial",
                "minute": 81,
                "extra_minute": null,
                "reason": null,
                "injuried": null,
                "result": null
            },
            {
                "id": 6911847,
                "team_id": "25",
                "type": "substitution",
                "fixture_id": 6389,
                "player_id": 4766,
                "player_name": "I. Success",
                "related_player_id": 537,
                "related_player_name": "C. Cathcart",
                "minute": 83,
                "extra_minute": null,
                "reason": null,
                "injuried": null,
                "result": null
            },
            {
                "id": 6911827,
                "team_id": "14",
                "type": "substitution",
                "fixture_id": 6389,
                "player_id": 820,
                "player_name": "J. Lingard",
                "related_player_id": 1835,
                "related_player_name": "H. Mkhitaryan",
                "minute": 89,
                "extra_minute": null,
                "reason": null,
                "injuried": null,
                "result": null
            },
            {
                "id": 6911804,
                "team_id": "14",
                "type": "yellowcard",
                "fixture_id": 6389,
                "player_id": 208,
                "player_name": "A. Valencia",
                "related_player_id": null,
                "related_player_name": null,
                "minute": 90,
                "extra_minute": 2,
                "reason": null,
                "injuried": null,
                "result": null
            }
        ]
    },
    "odds": {
        "data": []
    }
}