{
    "id": 6400,
    "league_id": 8,
    "season_id": 13,
    "stage_id": 11,
    "round_id": 634,
    "group_id": null,
    "aggregate_id": null,
    "venue_id": 203,
    "referee_id": 118,
    "localteam_id": 7,
    "visitorteam_id": 13,
    "winner_team_id": null,
    "weather_report": null,
    "commentaries": true,
    "attendance": 31496,
    "pitch": null,
    "details": null,
    "neutral_venue": false,
    "winning_odds_calculated": true,
    "formations": {
        "localteam_formation": "4-3-3",
        "visitorteam_formation": "4-3-3"
    },
    "scores": {
        "localteam_score": 0,
        "visitorteam_score": 0,
        "localteam_pen_score": null,
        "visitorteam_pen_score": null,
        "ht_score": "0-0",
        "ft_score": "0-0",
        "et_score": null
    },
    "time": {
        "status": "FT",
        "starting_at": {
            "date_time": "2017-02-11 15:00:00",
            "date": "2017-02-11",
            "time": "15:00:00",
            "timestamp": 1486825200,
            "timezone": "UTC"
        },
        "minute": 90,
        "second": null,
        "added_time": null,
        "extra_minute": null,
        "injury_time": null
    },
    "coaches": {
        "localteam_coach_id": 896473,
        "visitorteam_coach_id": 455372
    },
    "standings": {
        "localteam_position": null,
        "visitorteam_position": null
    },
    "assistants": {
        "first_assistant_id": null,
        "second_assistant_id": null,
        "fourth_official_id": null
    },
    "leg": "1/1",
    "colors": null,
    "deleted": false,
    "localTeam": {
        "data": {
            "id": 7,
            "legacy_id": 390,
            "name": "Middlesbrough",
            "short_code": "MID",
            "twitter": "@Boro",
            "country_id": 462,
            "national_team": false,
            "founded": 1876,
            "logo_path": "https://cdn.sportmonks.com/images//soccer/teams/7/7.png",
            "venue_id": 203,
            "current_season_id": 16211
        }
    },
    "visitorTeam": {
        "data": {
            "id": 13,
            "legacy_id": 165,
            "name": "Everton",
            "short_code": "EVE",
            "twitter": "@Everton",
            "country_id": 462,
            "national_team": false,
            "founded": 1878,
            "logo_path": "https://cdn.sportmonks.com/images//soccer/teams/13/13.png",
            "venue_id": 202,
            "current_season_id": 16036
        }
    },
    "league": {
        "data": {
            "id": 8,
            "active": true,
            "type": "domestic",
            "legacy_id": 29,
            "country_id": 462,
            "logo_path": "https://cdn.sportmonks.com/images/soccer/leagues/8.png",
            "name": "Premier League",
            "is_cup": false,
            "current_season_id": 16036,
            "current_round_id": 169657,
            "current_stage_id": 77443862,
            "live_standings": true,
            "coverage": {
                "predictions": 1,
                "topscorer_goals": true,
                "topscorer_assists": true,
                "topscorer_cards": true
            }
        }
    },
    "events": {
        "data": [
            {
                "id": 6911855,
                "team_id": "7",
                "type": "yellowcard",
                "fixture_id": 6400,
                "player_id": 1728,
                "player_name": "A. Clayton",
                "related_player_id": null,
                "related_player_name": null,
                "minute": 31,
                "extra_minute": null,
                "reason": null,
                "injuried": null,
                "result": null
            },
            {
                "id": 6911872,
                "team_id": "7",
                "type": "substitution",
                "fixture_id": 6400,
                "player_id": 682,
                "player_name": "A. Guédioura",
                "related_player_id": 1716,
                "related_player_name": "A. Forshaw",
                "minute": 58,
                "extra_minute": null,
                "reason": null,
                "injuried": null,
                "result": null
            },
            {
                "id": 6911898,
                "team_id": "13",
                "type": "substitution",
                "fixture_id": 6400,
                "player_id": 1244,
                "player_name": "E. Valencia",
                "related_player_id": 1030,
                "related_player_name": "I. Gueye",
                "minute": 62,
                "extra_minute": null,
                "reason": null,
                "injuried": null,
                "result": null
            },
            {
                "id": 6911881,
                "team_id": "7",
                "type": "substitution",
                "fixture_id": 6400,
                "player_id": 1150,
                "player_name": "G. Ramírez",
                "related_player_id": 1737,
                "related_player_name": "C. Stuani",
                "minute": 67,
                "extra_minute": null,
                "reason": null,
                "injuried": null,
                "result": null
            },
            {
                "id": 6911906,
                "team_id": "13",
                "type": "substitution",
                "fixture_id": 6400,
                "player_id": 244,
                "player_name": "A. Lennon",
                "related_player_id": 5321,
                "related_player_name": "A. Lookman",
                "minute": 73,
                "extra_minute": null,
                "reason": null,
                "injuried": null,
                "result": null
            },
            {
                "id": 6911890,
                "team_id": "7",
                "type": "substitution",
                "fixture_id": 6400,
                "player_id": 1025,
                "player_name": "R. Gestede",
                "related_player_id": 1428,
                "related_player_name": "Álvaro Negredo",
                "minute": 82,
                "extra_minute": null,
                "reason": null,
                "injuried": null,
                "result": null
            },
            {
                "id": 6911863,
                "team_id": "7",
                "type": "yellowcard",
                "fixture_id": 6400,
                "player_id": 1150,
                "player_name": "G. Ramírez",
                "related_player_id": null,
                "related_player_name": null,
                "minute": 85,
                "extra_minute": null,
                "reason": null,
                "injuried": null,
                "result": null
            },
            {
                "id": 6911914,
                "team_id": "13",
                "type": "substitution",
                "fixture_id": 6400,
                "player_id": 291,
                "player_name": "G. Barry",
                "related_player_id": 968,
                "related_player_name": "R. Barkley",
                "minute": 87,
                "extra_minute": null,
                "reason": null,
                "injuried": null,
                "result": null
            }
        ]
    },
    "odds": {
        "data": []
    }
}