{
    "id": 6081,
    "league_id": 8,
    "season_id": 13,
    "stage_id": 11,
    "round_id": 603,
    "group_id": null,
    "aggregate_id": null,
    "venue_id": 203,
    "referee_id": 41,
    "localteam_id": 7,
    "visitorteam_id": 1,
    "winner_team_id": 1,
    "weather_report": null,
    "commentaries": true,
    "attendance": 30848,
    "pitch": null,
    "details": null,
    "neutral_venue": false,
    "winning_odds_calculated": true,
    "formations": {
        "localteam_formation": "4-3-3",
        "visitorteam_formation": "4-2-3-1"
    },
    "scores": {
        "localteam_score": 1,
        "visitorteam_score": 3,
        "localteam_pen_score": null,
        "visitorteam_pen_score": null,
        "ht_score": "1-2",
        "ft_score": "1-3",
        "et_score": null
    },
    "time": {
        "status": "FT",
        "starting_at": {
            "date_time": "2017-01-21 15:00:00",
            "date": "2017-01-21",
            "time": "15:00:00",
            "timestamp": 1485010800,
            "timezone": "UTC"
        },
        "minute": 90,
        "second": null,
        "added_time": null,
        "extra_minute": null,
        "injury_time": null
    },
    "coaches": {
        "localteam_coach_id": 896473,
        "visitorteam_coach_id": 455343
    },
    "standings": {
        "localteam_position": null,
        "visitorteam_position": null
    },
    "assistants": {
        "first_assistant_id": null,
        "second_assistant_id": null,
        "fourth_official_id": null
    },
    "leg": "1/1",
    "colors": null,
    "deleted": false,
    "localTeam": {
        "data": {
            "id": 7,
            "legacy_id": 390,
            "name": "Middlesbrough",
            "short_code": "MID",
            "twitter": "@Boro",
            "country_id": 462,
            "national_team": false,
            "founded": 1876,
            "logo_path": "https://cdn.sportmonks.com/images//soccer/teams/7/7.png",
            "venue_id": 203,
            "current_season_id": 16211
        }
    },
    "visitorTeam": {
        "data": {
            "id": 1,
            "legacy_id": 377,
            "name": "West Ham United",
            "short_code": "WHU",
            "twitter": "@WestHamUtd",
            "country_id": 462,
            "national_team": false,
            "founded": 1895,
            "logo_path": "https://cdn.sportmonks.com/images//soccer/teams/1/1.png",
            "venue_id": 214,
            "current_season_id": 16036
        }
    },
    "league": {
        "data": {
            "id": 8,
            "active": true,
            "type": "domestic",
            "legacy_id": 29,
            "country_id": 462,
            "logo_path": "https://cdn.sportmonks.com/images/soccer/leagues/8.png",
            "name": "Premier League",
            "is_cup": false,
            "current_season_id": 16036,
            "current_round_id": 169657,
            "current_stage_id": 77443862,
            "live_standings": true,
            "coverage": {
                "predictions": 1,
                "topscorer_goals": true,
                "topscorer_assists": true,
                "topscorer_cards": true
            }
        }
    },
    "events": {
        "data": [
            {
                "id": 6909154,
                "team_id": "1",
                "type": "yellowcard",
                "fixture_id": 6081,
                "player_id": 1452,
                "player_name": "M. Lanzini",
                "related_player_id": null,
                "related_player_name": null,
                "minute": 6,
                "extra_minute": null,
                "reason": null,
                "injuried": null,
                "result": null
            },
            {
                "id": 6909104,
                "team_id": "1",
                "type": "goal",
                "fixture_id": 6081,
                "player_id": 746,
                "player_name": "A. Carroll",
                "related_player_id": 1452,
                "related_player_name": "M. Lanzini",
                "minute": 9,
                "extra_minute": null,
                "reason": null,
                "injuried": null,
                "result": null
            },
            {
                "id": 6909112,
                "team_id": "7",
                "type": "goal",
                "fixture_id": 6081,
                "player_id": 1737,
                "player_name": "C. Stuani",
                "related_player_id": 1177,
                "related_player_name": "C. Chambers",
                "minute": 27,
                "extra_minute": null,
                "reason": null,
                "injuried": null,
                "result": null
            },
            {
                "id": 6909119,
                "team_id": "1",
                "type": "goal",
                "fixture_id": 6081,
                "player_id": 746,
                "player_name": "A. Carroll",
                "related_player_id": null,
                "related_player_name": null,
                "minute": 43,
                "extra_minute": null,
                "reason": null,
                "injuried": null,
                "result": null
            },
            {
                "id": 6909185,
                "team_id": "1",
                "type": "substitution",
                "fixture_id": 6081,
                "player_id": 4947,
                "player_name": "E. Fernandes",
                "related_player_id": 156,
                "related_player_name": "M. Noble",
                "minute": 54,
                "extra_minute": null,
                "reason": null,
                "injuried": null,
                "result": null
            },
            {
                "id": 6909194,
                "team_id": "1",
                "type": "substitution",
                "fixture_id": 6081,
                "player_id": 4700,
                "player_name": "J. Calleri",
                "related_player_id": 746,
                "related_player_name": "A. Carroll",
                "minute": 67,
                "extra_minute": null,
                "reason": null,
                "injuried": null,
                "result": null
            },
            {
                "id": 6909146,
                "team_id": "7",
                "type": "yellowcard",
                "fixture_id": 6081,
                "player_id": 1723,
                "player_name": "B. Gibson",
                "related_player_id": null,
                "related_player_name": null,
                "minute": 80,
                "extra_minute": null,
                "reason": null,
                "injuried": null,
                "result": null
            },
            {
                "id": 6909162,
                "team_id": "7",
                "type": "substitution",
                "fixture_id": 6081,
                "player_id": 1175,
                "player_name": "P. Bamford",
                "related_player_id": 1737,
                "related_player_name": "C. Stuani",
                "minute": 80,
                "extra_minute": null,
                "reason": null,
                "injuried": null,
                "result": null
            },
            {
                "id": 6909201,
                "team_id": "1",
                "type": "substitution",
                "fixture_id": 6081,
                "player_id": 538,
                "player_name": "J. Collins",
                "related_player_id": 4852,
                "related_player_name": "S. Feghouli",
                "minute": 83,
                "extra_minute": null,
                "reason": null,
                "injuried": null,
                "result": null
            },
            {
                "id": 6909135,
                "team_id": "7",
                "type": "yellowcard",
                "fixture_id": 6081,
                "player_id": 4777,
                "player_name": "B. Espinosa",
                "related_player_id": null,
                "related_player_name": null,
                "minute": 83,
                "extra_minute": null,
                "reason": "Foul",
                "injuried": null,
                "result": null
            },
            {
                "id": 6909176,
                "team_id": "7",
                "type": "substitution",
                "fixture_id": 6081,
                "player_id": 1025,
                "player_name": "R. Gestede",
                "related_player_id": 1716,
                "related_player_name": "A. Forshaw",
                "minute": 83,
                "extra_minute": null,
                "reason": null,
                "injuried": null,
                "result": null
            },
            {
                "id": 6909128,
                "team_id": "1",
                "type": "goal",
                "fixture_id": 6081,
                "player_id": 4700,
                "player_name": "J. Calleri",
                "related_player_id": 1452,
                "related_player_name": "M. Lanzini",
                "minute": 90,
                "extra_minute": 4,
                "reason": null,
                "injuried": null,
                "result": null
            }
        ]
    },
    "odds": {
        "data": []
    }
}