{
    "id": 6860,
    "league_id": 8,
    "season_id": 13,
    "stage_id": 11,
    "round_id": 672,
    "group_id": null,
    "aggregate_id": null,
    "venue_id": 203,
    "referee_id": 4,
    "localteam_id": 7,
    "visitorteam_id": 14,
    "winner_team_id": 14,
    "weather_report": null,
    "commentaries": true,
    "attendance": null,
    "pitch": null,
    "details": null,
    "neutral_venue": false,
    "winning_odds_calculated": true,
    "formations": {
        "localteam_formation": "4-3-3",
        "visitorteam_formation": "4-2-3-1"
    },
    "scores": {
        "localteam_score": 1,
        "visitorteam_score": 3,
        "localteam_pen_score": null,
        "visitorteam_pen_score": null,
        "ht_score": "0-1",
        "ft_score": "1-3",
        "et_score": null
    },
    "time": {
        "status": "FT",
        "starting_at": {
            "date_time": "2017-03-19 12:00:00",
            "date": "2017-03-19",
            "time": "12:00:00",
            "timestamp": 1489924800,
            "timezone": "UTC"
        },
        "minute": 90,
        "second": null,
        "added_time": null,
        "extra_minute": null,
        "injury_time": null
    },
    "coaches": {
        "localteam_coach_id": 455352,
        "visitorteam_coach_id": 455375
    },
    "standings": {
        "localteam_position": null,
        "visitorteam_position": null
    },
    "assistants": {
        "first_assistant_id": null,
        "second_assistant_id": null,
        "fourth_official_id": null
    },
    "leg": "1/1",
    "colors": null,
    "deleted": false,
    "localTeam": {
        "data": {
            "id": 7,
            "legacy_id": 390,
            "name": "Middlesbrough",
            "short_code": "MID",
            "twitter": "@Boro",
            "country_id": 462,
            "national_team": false,
            "founded": 1876,
            "logo_path": "https://cdn.sportmonks.com/images//soccer/teams/7/7.png",
            "venue_id": 203,
            "current_season_id": 16211
        }
    },
    "visitorTeam": {
        "data": {
            "id": 14,
            "legacy_id": 375,
            "name": "Manchester United",
            "short_code": "MUN",
            "twitter": "@ManUtd",
            "country_id": 462,
            "national_team": false,
            "founded": 1878,
            "logo_path": "https://cdn.sportmonks.com/images//soccer/teams/14/14.png",
            "venue_id": 206,
            "current_season_id": 16036
        }
    },
    "league": {
        "data": {
            "id": 8,
            "active": true,
            "type": "domestic",
            "legacy_id": 29,
            "country_id": 462,
            "logo_path": "https://cdn.sportmonks.com/images/soccer/leagues/8.png",
            "name": "Premier League",
            "is_cup": false,
            "current_season_id": 16036,
            "current_round_id": 169657,
            "current_stage_id": 77443862,
            "live_standings": true,
            "coverage": {
                "predictions": 1,
                "topscorer_goals": true,
                "topscorer_assists": true,
                "topscorer_cards": true
            }
        }
    },
    "events": {
        "data": [
            {
                "id": 6916212,
                "team_id": "14",
                "type": "yellowcard",
                "fixture_id": 6860,
                "player_id": 433,
                "player_name": "P. Jones",
                "related_player_id": null,
                "related_player_name": null,
                "minute": 25,
                "extra_minute": null,
                "reason": null,
                "injuried": null,
                "result": null
            },
            {
                "id": 6916172,
                "team_id": "14",
                "type": "goal",
                "fixture_id": 6860,
                "player_id": 420,
                "player_name": "M. Fellaini",
                "related_player_id": 165,
                "related_player_name": "A. Young",
                "minute": 30,
                "extra_minute": null,
                "reason": null,
                "injuried": null,
                "result": null
            },
            {
                "id": 6916204,
                "team_id": "7",
                "type": "yellowcard",
                "fixture_id": 6860,
                "player_id": 1728,
                "player_name": "A. Clayton",
                "related_player_id": null,
                "related_player_name": null,
                "minute": 33,
                "extra_minute": null,
                "reason": null,
                "injuried": null,
                "result": null
            },
            {
                "id": 6916181,
                "team_id": "14",
                "type": "goal",
                "fixture_id": 6860,
                "player_id": 820,
                "player_name": "J. Lingard",
                "related_player_id": 846,
                "related_player_name": "Mata",
                "minute": 62,
                "extra_minute": null,
                "reason": null,
                "injuried": null,
                "result": null
            },
            {
                "id": 6916220,
                "team_id": "7",
                "type": "substitution",
                "fixture_id": 6860,
                "player_id": 1025,
                "player_name": "R. Gestede",
                "related_player_id": 2598,
                "related_player_name": "G. Leadbitter",
                "minute": 67,
                "extra_minute": null,
                "reason": null,
                "injuried": null,
                "result": null
            },
            {
                "id": 6916228,
                "team_id": "7",
                "type": "substitution",
                "fixture_id": 6860,
                "player_id": 4241,
                "player_name": "Adama Traoré",
                "related_player_id": 1150,
                "related_player_name": "G. Ramírez",
                "minute": 68,
                "extra_minute": null,
                "reason": null,
                "injuried": null,
                "result": null
            },
            {
                "id": 6916236,
                "team_id": "14",
                "type": "substitution",
                "fixture_id": 6860,
                "player_id": 1876,
                "player_name": "M. Rojo",
                "related_player_id": 846,
                "related_player_name": "Mata",
                "minute": 69,
                "extra_minute": null,
                "reason": null,
                "injuried": null,
                "result": null
            },
            {
                "id": 6916189,
                "team_id": "7",
                "type": "goal",
                "fixture_id": 6860,
                "player_id": 1025,
                "player_name": "R. Gestede",
                "related_player_id": null,
                "related_player_name": null,
                "minute": 77,
                "extra_minute": null,
                "reason": null,
                "injuried": null,
                "result": null
            },
            {
                "id": 6916243,
                "team_id": "14",
                "type": "substitution",
                "fixture_id": 6860,
                "player_id": 1829,
                "player_name": "A. Martial",
                "related_player_id": 820,
                "related_player_name": "J. Lingard",
                "minute": 80,
                "extra_minute": null,
                "reason": null,
                "injuried": null,
                "result": null
            },
            {
                "id": 6916196,
                "team_id": "14",
                "type": "goal",
                "fixture_id": 6860,
                "player_id": 208,
                "player_name": "A. Valencia",
                "related_player_id": null,
                "related_player_name": null,
                "minute": 90,
                "extra_minute": 3,
                "reason": null,
                "injuried": null,
                "result": null
            },
            {
                "id": 6916251,
                "team_id": "14",
                "type": "substitution",
                "fixture_id": 6860,
                "player_id": 933,
                "player_name": "M. Darmian",
                "related_player_id": 1878,
                "related_player_name": "M. Rashford",
                "minute": 90,
                "extra_minute": 4,
                "reason": null,
                "injuried": null,
                "result": null
            }
        ]
    },
    "odds": {
        "data": []
    }
}