{
    "id": 5831,
    "league_id": 8,
    "season_id": 13,
    "stage_id": 11,
    "round_id": 582,
    "group_id": null,
    "aggregate_id": null,
    "venue_id": 203,
    "referee_id": 117,
    "localteam_id": 7,
    "visitorteam_id": 42,
    "winner_team_id": null,
    "weather_report": null,
    "commentaries": true,
    "attendance": 32437,
    "pitch": null,
    "details": null,
    "neutral_venue": false,
    "winning_odds_calculated": true,
    "formations": {
        "localteam_formation": "4-3-3",
        "visitorteam_formation": "4-3-1-2"
    },
    "scores": {
        "localteam_score": 0,
        "visitorteam_score": 0,
        "localteam_pen_score": null,
        "visitorteam_pen_score": null,
        "ht_score": "0-0",
        "ft_score": "0-0",
        "et_score": null
    },
    "time": {
        "status": "FT",
        "starting_at": {
            "date_time": "2017-01-02 12:30:00",
            "date": "2017-01-02",
            "time": "12:30:00",
            "timestamp": 1483360200,
            "timezone": "UTC"
        },
        "minute": 90,
        "second": null,
        "added_time": null,
        "extra_minute": null,
        "injury_time": null
    },
    "coaches": {
        "localteam_coach_id": 896473,
        "visitorteam_coach_id": 893654
    },
    "standings": {
        "localteam_position": null,
        "visitorteam_position": null
    },
    "assistants": {
        "first_assistant_id": null,
        "second_assistant_id": null,
        "fourth_official_id": null
    },
    "leg": "1/1",
    "colors": null,
    "deleted": false,
    "localTeam": {
        "data": {
            "id": 7,
            "legacy_id": 390,
            "name": "Middlesbrough",
            "short_code": "MID",
            "twitter": "@Boro",
            "country_id": 462,
            "national_team": false,
            "founded": 1876,
            "logo_path": "https://cdn.sportmonks.com/images//soccer/teams/7/7.png",
            "venue_id": 203,
            "current_season_id": 16211
        }
    },
    "visitorTeam": {
        "data": {
            "id": 42,
            "legacy_id": 388,
            "name": "Leicester City",
            "short_code": "LEI",
            "twitter": "@LCFC",
            "country_id": 462,
            "national_team": false,
            "founded": 1884,
            "logo_path": "https://cdn.sportmonks.com/images//soccer/teams/10/42.png",
            "venue_id": 117,
            "current_season_id": 16036
        }
    },
    "league": {
        "data": {
            "id": 8,
            "active": true,
            "type": "domestic",
            "legacy_id": 29,
            "country_id": 462,
            "logo_path": "https://cdn.sportmonks.com/images/soccer/leagues/8.png",
            "name": "Premier League",
            "is_cup": false,
            "current_season_id": 16036,
            "current_round_id": 169657,
            "current_stage_id": 77443862,
            "live_standings": true,
            "coverage": {
                "predictions": 1,
                "topscorer_goals": true,
                "topscorer_assists": true,
                "topscorer_cards": true
            }
        }
    },
    "events": {
        "data": [
            {
                "id": 6906967,
                "team_id": "7",
                "type": "yellowcard",
                "fixture_id": 5831,
                "player_id": 1150,
                "player_name": "G. Ramírez",
                "related_player_id": null,
                "related_player_name": null,
                "minute": 26,
                "extra_minute": null,
                "reason": null,
                "injuried": null,
                "result": null
            },
            {
                "id": 6906975,
                "team_id": "7",
                "type": "substitution",
                "fixture_id": 5831,
                "player_id": 1722,
                "player_name": "G. Friend",
                "related_player_id": 1721,
                "related_player_name": "Barragán",
                "minute": 34,
                "extra_minute": null,
                "reason": null,
                "injuried": null,
                "result": null
            },
            {
                "id": 6906950,
                "team_id": "7",
                "type": "yellowcard",
                "fixture_id": 5831,
                "player_id": 1723,
                "player_name": "B. Gibson",
                "related_player_id": null,
                "related_player_name": null,
                "minute": 43,
                "extra_minute": null,
                "reason": null,
                "injuried": null,
                "result": null
            },
            {
                "id": 6906997,
                "team_id": "42",
                "type": "substitution",
                "fixture_id": 5831,
                "player_id": 1585,
                "player_name": "A. Musa",
                "related_player_id": 971,
                "related_player_name": "R. Mahrez",
                "minute": 71,
                "extra_minute": null,
                "reason": null,
                "injuried": null,
                "result": null
            },
            {
                "id": 6907005,
                "team_id": "42",
                "type": "substitution",
                "fixture_id": 5831,
                "player_id": 1572,
                "player_name": "D. Gray",
                "related_player_id": 1212,
                "related_player_name": "S. Okazaki",
                "minute": 74,
                "extra_minute": null,
                "reason": null,
                "injuried": null,
                "result": null
            },
            {
                "id": 6906982,
                "team_id": "7",
                "type": "substitution",
                "fixture_id": 5831,
                "player_id": 190,
                "player_name": "S. Downing",
                "related_player_id": 4241,
                "related_player_name": "Adama Traoré",
                "minute": 80,
                "extra_minute": null,
                "reason": null,
                "injuried": null,
                "result": null
            },
            {
                "id": 6907012,
                "team_id": "42",
                "type": "substitution",
                "fixture_id": 5831,
                "player_id": 174,
                "player_name": "M. Albrighton",
                "related_player_id": 4679,
                "related_player_name": "N. Mendy",
                "minute": 83,
                "extra_minute": null,
                "reason": null,
                "injuried": null,
                "result": null
            },
            {
                "id": 6906989,
                "team_id": "7",
                "type": "substitution",
                "fixture_id": 5831,
                "player_id": 2598,
                "player_name": "G. Leadbitter",
                "related_player_id": 1716,
                "related_player_name": "A. Forshaw",
                "minute": 89,
                "extra_minute": null,
                "reason": null,
                "injuried": null,
                "result": null
            },
            {
                "id": 6906958,
                "team_id": "7",
                "type": "yellowcard",
                "fixture_id": 5831,
                "player_id": 1728,
                "player_name": "A. Clayton",
                "related_player_id": null,
                "related_player_name": null,
                "minute": 90,
                "extra_minute": 2,
                "reason": null,
                "injuried": null,
                "result": null
            }
        ]
    },
    "odds": {
        "data": []
    }
}