{
    "id": 5375133,
    "league_id": 420,
    "season_id": 8110,
    "stage_id": 56620,
    "round_id": null,
    "group_id": null,
    "aggregate_id": null,
    "venue_id": 4453,
    "referee_id": null,
    "localteam_id": 2894,
    "visitorteam_id": 762,
    "winner_team_id": null,
    "weather_report": {
        "code": "clouds",
        "type": "broken clouds",
        "icon": "https://cdn.sportmonks.com/images/weather/04d.png",
        "temperature": {
            "temp": 35.6,
            "unit": "fahrenheit"
        },
        "clouds": "75%",
        "humidity": "80%",
        "wind": {
            "speed": "9.17 m/s",
            "degree": 340
        }
    },
    "commentaries": null,
    "attendance": null,
    "pitch": null,
    "details": null,
    "neutral_venue": false,
    "winning_odds_calculated": true,
    "formations": {
        "localteam_formation": null,
        "visitorteam_formation": null
    },
    "scores": {
        "localteam_score": 2,
        "visitorteam_score": 2,
        "localteam_pen_score": null,
        "visitorteam_pen_score": null,
        "ht_score": "0-1",
        "ft_score": "2-2",
        "et_score": null
    },
    "time": {
        "status": "FT",
        "starting_at": {
            "date_time": "2017-10-22 13:00:00",
            "date": "2017-10-22",
            "time": "13:00:00",
            "timestamp": 1508677200,
            "timezone": "UTC"
        },
        "minute": 90,
        "second": null,
        "added_time": null,
        "extra_minute": null,
        "injury_time": 7
    },
    "coaches": {
        "localteam_coach_id": 459019,
        "visitorteam_coach_id": 456119
    },
    "standings": {
        "localteam_position": 9,
        "visitorteam_position": 5
    },
    "assistants": {
        "first_assistant_id": null,
        "second_assistant_id": null,
        "fourth_official_id": null
    },
    "leg": "1/1",
    "colors": null,
    "deleted": false,
    "localTeam": {
        "data": {
            "id": 2894,
            "legacy_id": 1721,
            "name": "Mosta",
            "short_code": null,
            "twitter": null,
            "country_id": 2756,
            "national_team": false,
            "founded": 1935,
            "logo_path": "https://cdn.sportmonks.com/images//soccer/teams/14/2894.png",
            "venue_id": 1702,
            "current_season_id": 13029
        }
    },
    "visitorTeam": {
        "data": {
            "id": 762,
            "legacy_id": 1717,
            "name": "Floriana",
            "short_code": null,
            "twitter": null,
            "country_id": 2756,
            "national_team": false,
            "founded": 1894,
            "logo_path": "https://cdn.sportmonks.com/images//soccer/teams/26/762.png",
            "venue_id": 239,
            "current_season_id": 13029
        }
    },
    "league": {
        "data": {
            "id": 420,
            "active": true,
            "type": "domestic",
            "legacy_id": 152,
            "country_id": 2756,
            "logo_path": null,
            "name": "Premier League",
            "is_cup": false,
            "current_season_id": 16283,
            "current_round_id": 181738,
            "current_stage_id": 77444896,
            "live_standings": true,
            "coverage": {
                "predictions": 1,
                "topscorer_goals": false,
                "topscorer_assists": false,
                "topscorer_cards": false
            }
        }
    },
    "events": {
        "data": [
            {
                "id": 5375133001,
                "team_id": "2894",
                "type": "yellowcard",
                "fixture_id": 5375133,
                "player_id": 143387,
                "player_name": "E. Zarate",
                "related_player_id": null,
                "related_player_name": null,
                "minute": 21,
                "extra_minute": null,
                "reason": null,
                "injuried": null,
                "result": null
            },
            {
                "id": 5375133002,
                "team_id": "762",
                "type": "goal",
                "fixture_id": 5375133,
                "player_id": 144662,
                "player_name": "M. Vella",
                "related_player_id": null,
                "related_player_name": null,
                "minute": 22,
                "extra_minute": null,
                "reason": null,
                "injuried": null,
                "result": "0-1"
            },
            {
                "id": 5375133003,
                "team_id": "2894",
                "type": "yellowcard",
                "fixture_id": 5375133,
                "player_id": 3181391,
                "player_name": "D. Nworah",
                "related_player_id": null,
                "related_player_name": null,
                "minute": 29,
                "extra_minute": null,
                "reason": null,
                "injuried": null,
                "result": null
            },
            {
                "id": 5375133004,
                "team_id": "2894",
                "type": "yellowcard",
                "fixture_id": 5375133,
                "player_id": 436162,
                "player_name": "D. Mansi",
                "related_player_id": null,
                "related_player_name": null,
                "minute": 31,
                "extra_minute": null,
                "reason": null,
                "injuried": null,
                "result": null
            },
            {
                "id": 5375133005,
                "team_id": "762",
                "type": "yellowcard",
                "fixture_id": 5375133,
                "player_id": 143187,
                "player_name": "D. Grima",
                "related_player_id": null,
                "related_player_name": null,
                "minute": 33,
                "extra_minute": null,
                "reason": null,
                "injuried": null,
                "result": null
            },
            {
                "id": 5375133006,
                "team_id": "2894",
                "type": "substitution",
                "fixture_id": 5375133,
                "player_id": 504839,
                "player_name": "G. Nuti",
                "related_player_id": 144163,
                "related_player_name": "Z. Brincat",
                "minute": 46,
                "extra_minute": null,
                "reason": null,
                "injuried": null,
                "result": null
            },
            {
                "id": 5375133007,
                "team_id": "762",
                "type": "yellowcard",
                "fixture_id": 5375133,
                "player_id": 143286,
                "player_name": "S. Pisani",
                "related_player_id": null,
                "related_player_name": null,
                "minute": 52,
                "extra_minute": null,
                "reason": null,
                "injuried": null,
                "result": null
            },
            {
                "id": 5375133008,
                "team_id": "762",
                "type": "substitution",
                "fixture_id": 5375133,
                "player_id": 143059,
                "player_name": "C. Borg",
                "related_player_id": 143187,
                "related_player_name": "D. Grima",
                "minute": 56,
                "extra_minute": null,
                "reason": null,
                "injuried": null,
                "result": null
            },
            {
                "id": 5375133009,
                "team_id": "762",
                "type": "redcard",
                "fixture_id": 5375133,
                "player_id": 62636,
                "player_name": "Arthur Henrique",
                "related_player_id": null,
                "related_player_name": null,
                "minute": 59,
                "extra_minute": null,
                "reason": null,
                "injuried": null,
                "result": null
            },
            {
                "id": 5375133010,
                "team_id": "2894",
                "type": "substitution",
                "fixture_id": 5375133,
                "player_id": 144374,
                "player_name": "K. Frendo",
                "related_player_id": 3181391,
                "related_player_name": "D. Nworah",
                "minute": 65,
                "extra_minute": null,
                "reason": null,
                "injuried": null,
                "result": null
            },
            {
                "id": 5375133011,
                "team_id": "2894",
                "type": "yellowcard",
                "fixture_id": 5375133,
                "player_id": 145960,
                "player_name": "D. Xuereb",
                "related_player_id": null,
                "related_player_name": null,
                "minute": 68,
                "extra_minute": null,
                "reason": null,
                "injuried": null,
                "result": null
            },
            {
                "id": 5375133012,
                "team_id": "2894",
                "type": "substitution",
                "fixture_id": 5375133,
                "player_id": 459029,
                "player_name": "C. Camilleri",
                "related_player_id": 143478,
                "related_player_name": "D. Fenech",
                "minute": 68,
                "extra_minute": null,
                "reason": null,
                "injuried": null,
                "result": null
            },
            {
                "id": 5375133013,
                "team_id": "762",
                "type": "goal",
                "fixture_id": 5375133,
                "player_id": 143286,
                "player_name": "S. Pisani",
                "related_player_id": null,
                "related_player_name": null,
                "minute": 74,
                "extra_minute": null,
                "reason": null,
                "injuried": null,
                "result": "0-2"
            },
            {
                "id": 5375133014,
                "team_id": "2894",
                "type": "yellowcard",
                "fixture_id": 5375133,
                "player_id": 180151,
                "player_name": "I. Marić",
                "related_player_id": null,
                "related_player_name": null,
                "minute": 80,
                "extra_minute": null,
                "reason": null,
                "injuried": null,
                "result": null
            },
            {
                "id": 5375133015,
                "team_id": "2894",
                "type": "goal",
                "fixture_id": 5375133,
                "player_id": 180151,
                "player_name": "I. Marić",
                "related_player_id": null,
                "related_player_name": null,
                "minute": 83,
                "extra_minute": null,
                "reason": null,
                "injuried": null,
                "result": "1-2"
            },
            {
                "id": 5375133016,
                "team_id": "762",
                "type": "substitution",
                "fixture_id": 5375133,
                "player_id": 1444085,
                "player_name": "J. Baldacchino",
                "related_player_id": 74084,
                "related_player_name": "I. Varela",
                "minute": 86,
                "extra_minute": null,
                "reason": null,
                "injuried": null,
                "result": null
            },
            {
                "id": 5375133017,
                "team_id": "2894",
                "type": "yellowred",
                "fixture_id": 5375133,
                "player_id": 180151,
                "player_name": "I. Marić",
                "related_player_id": null,
                "related_player_name": null,
                "minute": 89,
                "extra_minute": null,
                "reason": null,
                "injuried": null,
                "result": null
            },
            {
                "id": 5375133018,
                "team_id": "2894",
                "type": "yellowcard",
                "fixture_id": 5375133,
                "player_id": 144163,
                "player_name": "Z. Brincat",
                "related_player_id": null,
                "related_player_name": null,
                "minute": 90,
                "extra_minute": 4,
                "reason": null,
                "injuried": null,
                "result": null
            },
            {
                "id": 5375133020,
                "team_id": "2894",
                "type": "yellowcard",
                "fixture_id": 5375133,
                "player_id": 3219631,
                "player_name": "A. Attard",
                "related_player_id": null,
                "related_player_name": null,
                "minute": 90,
                "extra_minute": 4,
                "reason": null,
                "injuried": null,
                "result": null
            },
            {
                "id": 5375133019,
                "team_id": "2894",
                "type": "goal",
                "fixture_id": 5375133,
                "player_id": 143010,
                "player_name": "T. Farrugia",
                "related_player_id": null,
                "related_player_name": null,
                "minute": 90,
                "extra_minute": 4,
                "reason": null,
                "injuried": null,
                "result": "2-2"
            }
        ]
    },
    "odds": {
        "data": []
    }
}