{
    "id": 10411837,
    "league_id": 420,
    "season_id": 13029,
    "stage_id": 7743138,
    "round_id": 153276,
    "group_id": null,
    "aggregate_id": null,
    "venue_id": 974,
    "referee_id": null,
    "localteam_id": 2894,
    "visitorteam_id": 9824,
    "winner_team_id": 2894,
    "weather_report": null,
    "commentaries": null,
    "attendance": null,
    "pitch": "Excellent",
    "details": null,
    "neutral_venue": false,
    "winning_odds_calculated": true,
    "formations": {
        "localteam_formation": null,
        "visitorteam_formation": null
    },
    "scores": {
        "localteam_score": 3,
        "visitorteam_score": 2,
        "localteam_pen_score": null,
        "visitorteam_pen_score": null,
        "ht_score": "2-1",
        "ft_score": "3-2",
        "et_score": null
    },
    "time": {
        "status": "FT",
        "starting_at": {
            "date_time": "2019-03-02 13:00:00",
            "date": "2019-03-02",
            "time": "13:00:00",
            "timestamp": 1551531600,
            "timezone": "UTC"
        },
        "minute": 90,
        "second": 0,
        "added_time": 0,
        "extra_minute": null,
        "injury_time": 3
    },
    "coaches": {
        "localteam_coach_id": 524525,
        "visitorteam_coach_id": 11676203
    },
    "standings": {
        "localteam_position": 9,
        "visitorteam_position": 13
    },
    "assistants": {
        "first_assistant_id": null,
        "second_assistant_id": null,
        "fourth_official_id": null
    },
    "leg": "1/1",
    "colors": {
        "localteam": {
            "color": null,
            "kit_colors": null
        },
        "visitorteam": {
            "color": null,
            "kit_colors": null
        }
    },
    "deleted": false,
    "localTeam": {
        "data": {
            "id": 2894,
            "legacy_id": 1721,
            "name": "Mosta",
            "short_code": null,
            "twitter": null,
            "country_id": 2756,
            "national_team": false,
            "founded": 1935,
            "logo_path": "https://cdn.sportmonks.com/images//soccer/teams/14/2894.png",
            "venue_id": 1702,
            "current_season_id": 13029
        }
    },
    "visitorTeam": {
        "data": {
            "id": 9824,
            "legacy_id": 1723,
            "name": "Pietà Hotspurs",
            "short_code": null,
            "twitter": null,
            "country_id": 2756,
            "national_team": false,
            "founded": null,
            "logo_path": "https://cdn.sportmonks.com/images//soccer/teams/0/9824.png",
            "venue_id": 5052,
            "current_season_id": 13029
        }
    },
    "league": {
        "data": {
            "id": 420,
            "active": true,
            "type": "domestic",
            "legacy_id": 152,
            "country_id": 2756,
            "logo_path": null,
            "name": "Premier League",
            "is_cup": false,
            "current_season_id": 16283,
            "current_round_id": 181738,
            "current_stage_id": 77444896,
            "live_standings": true,
            "coverage": {
                "predictions": 1,
                "topscorer_goals": false,
                "topscorer_assists": false,
                "topscorer_cards": false
            }
        }
    },
    "events": {
        "data": [
            {
                "id": 10411837001,
                "team_id": "2894",
                "type": "goal",
                "fixture_id": 10411837,
                "player_id": 143010,
                "player_name": "T. Farrugia",
                "related_player_id": null,
                "related_player_name": null,
                "minute": 26,
                "extra_minute": null,
                "reason": null,
                "injuried": null,
                "result": "1-0"
            },
            {
                "id": 10411837002,
                "team_id": "2894",
                "type": "goal",
                "fixture_id": 10411837,
                "player_id": 145960,
                "player_name": "D. Xuereb",
                "related_player_id": null,
                "related_player_name": null,
                "minute": 37,
                "extra_minute": null,
                "reason": null,
                "injuried": null,
                "result": "2-0"
            },
            {
                "id": 10411837003,
                "team_id": "9824",
                "type": "yellowcard",
                "fixture_id": 10411837,
                "player_id": 144114,
                "player_name": "N. Pace Cocks",
                "related_player_id": null,
                "related_player_name": null,
                "minute": 38,
                "extra_minute": null,
                "reason": null,
                "injuried": null,
                "result": null
            },
            {
                "id": 10411837004,
                "team_id": "9824",
                "type": "goal",
                "fixture_id": 10411837,
                "player_id": 467813,
                "player_name": "N. Pisani",
                "related_player_id": null,
                "related_player_name": null,
                "minute": 39,
                "extra_minute": null,
                "reason": null,
                "injuried": null,
                "result": "2-1"
            },
            {
                "id": 10411837005,
                "team_id": "2894",
                "type": "yellowcard",
                "fixture_id": 10411837,
                "player_id": 142495,
                "player_name": "D. Imeri",
                "related_player_id": null,
                "related_player_name": null,
                "minute": 55,
                "extra_minute": null,
                "reason": null,
                "injuried": null,
                "result": null
            },
            {
                "id": 10411837006,
                "team_id": "2894",
                "type": "substitution",
                "fixture_id": 10411837,
                "player_id": 144374,
                "player_name": "K. Frendo",
                "related_player_id": 209070,
                "related_player_name": "A. Darlington",
                "minute": 62,
                "extra_minute": null,
                "reason": null,
                "injuried": null,
                "result": null
            },
            {
                "id": 10411837007,
                "team_id": "9824",
                "type": "substitution",
                "fixture_id": 10411837,
                "player_id": 467823,
                "player_name": "J. Scicluna",
                "related_player_id": 467813,
                "related_player_name": "N. Pisani",
                "minute": 66,
                "extra_minute": null,
                "reason": null,
                "injuried": null,
                "result": null
            },
            {
                "id": 10411837008,
                "team_id": "9824",
                "type": "goal",
                "fixture_id": 10411837,
                "player_id": 469483,
                "player_name": "G. Mensah",
                "related_player_id": null,
                "related_player_name": null,
                "minute": 76,
                "extra_minute": null,
                "reason": null,
                "injuried": null,
                "result": "2-2"
            },
            {
                "id": 10411837009,
                "team_id": "2894",
                "type": "goal",
                "fixture_id": 10411837,
                "player_id": 142495,
                "player_name": "D. Imeri",
                "related_player_id": null,
                "related_player_name": null,
                "minute": 80,
                "extra_minute": null,
                "reason": null,
                "injuried": null,
                "result": "3-2"
            },
            {
                "id": 10411837010,
                "team_id": "9824",
                "type": "substitution",
                "fixture_id": 10411837,
                "player_id": 23382814,
                "player_name": "J. Ghio",
                "related_player_id": 21773309,
                "related_player_name": "P. Chimezie",
                "minute": 81,
                "extra_minute": null,
                "reason": null,
                "injuried": null,
                "result": null
            },
            {
                "id": 10411837011,
                "team_id": "9824",
                "type": "substitution",
                "fixture_id": 10411837,
                "player_id": 106923,
                "player_name": "G. Kekua",
                "related_player_id": 144114,
                "related_player_name": "N. Pace Cocks",
                "minute": 85,
                "extra_minute": null,
                "reason": null,
                "injuried": null,
                "result": null
            },
            {
                "id": 10411837012,
                "team_id": "2894",
                "type": "substitution",
                "fixture_id": 10411837,
                "player_id": 144159,
                "player_name": "J. Brincat",
                "related_player_id": 365008,
                "related_player_name": "M. Sammartino",
                "minute": 86,
                "extra_minute": null,
                "reason": null,
                "injuried": null,
                "result": null
            },
            {
                "id": 10411837013,
                "team_id": "2894",
                "type": "substitution",
                "fixture_id": 10411837,
                "player_id": 143128,
                "player_name": "S. Bonnici",
                "related_player_id": 474586,
                "related_player_name": "A. Roach",
                "minute": 90,
                "extra_minute": 1,
                "reason": null,
                "injuried": null,
                "result": null
            }
        ]
    },
    "odds": {
        "data": []
    }
}