{
    "id": 5375124,
    "league_id": 420,
    "season_id": 8110,
    "stage_id": 56620,
    "round_id": null,
    "group_id": null,
    "aggregate_id": null,
    "venue_id": 4453,
    "referee_id": null,
    "localteam_id": 2894,
    "visitorteam_id": 5425,
    "winner_team_id": 2894,
    "weather_report": {
        "code": "drizzle",
        "type": "light intensity drizzle rain",
        "icon": "https://cdn.sportmonks.com/images/weather/09d.png",
        "temperature": {
            "temp": 44.6,
            "unit": "fahrenheit"
        },
        "clouds": "75%",
        "humidity": "93%",
        "wind": {
            "speed": "11.41 m/s",
            "degree": 150
        }
    },
    "commentaries": null,
    "attendance": null,
    "pitch": null,
    "details": null,
    "neutral_venue": false,
    "winning_odds_calculated": true,
    "formations": {
        "localteam_formation": null,
        "visitorteam_formation": null
    },
    "scores": {
        "localteam_score": 1,
        "visitorteam_score": 0,
        "localteam_pen_score": null,
        "visitorteam_pen_score": null,
        "ht_score": "0-0",
        "ft_score": "1-0",
        "et_score": null
    },
    "time": {
        "status": "FT",
        "starting_at": {
            "date_time": "2017-10-14 13:00:00",
            "date": "2017-10-14",
            "time": "13:00:00",
            "timestamp": 1507986000,
            "timezone": "UTC"
        },
        "minute": 90,
        "second": null,
        "added_time": null,
        "extra_minute": null,
        "injury_time": null
    },
    "coaches": {
        "localteam_coach_id": null,
        "visitorteam_coach_id": null
    },
    "standings": {
        "localteam_position": 11,
        "visitorteam_position": 12
    },
    "assistants": {
        "first_assistant_id": null,
        "second_assistant_id": null,
        "fourth_official_id": null
    },
    "leg": "1/1",
    "colors": null,
    "deleted": false,
    "localTeam": {
        "data": {
            "id": 2894,
            "legacy_id": 1721,
            "name": "Mosta",
            "short_code": null,
            "twitter": null,
            "country_id": 2756,
            "national_team": false,
            "founded": 1935,
            "logo_path": "https://cdn.sportmonks.com/images//soccer/teams/14/2894.png",
            "venue_id": 1702,
            "current_season_id": 13029
        }
    },
    "visitorTeam": {
        "data": {
            "id": 5425,
            "legacy_id": 3664,
            "name": "St. Andrews",
            "short_code": null,
            "twitter": null,
            "country_id": 2756,
            "national_team": false,
            "founded": null,
            "logo_path": "https://cdn.sportmonks.com/images//soccer/teams/17/5425.png",
            "venue_id": 3483,
            "current_season_id": 13029
        }
    },
    "league": {
        "data": {
            "id": 420,
            "active": true,
            "type": "domestic",
            "legacy_id": 152,
            "country_id": 2756,
            "logo_path": null,
            "name": "Premier League",
            "is_cup": false,
            "current_season_id": 16283,
            "current_round_id": 181738,
            "current_stage_id": 77444896,
            "live_standings": true,
            "coverage": {
                "predictions": 1,
                "topscorer_goals": false,
                "topscorer_assists": false,
                "topscorer_cards": false
            }
        }
    },
    "events": {
        "data": [
            {
                "id": 5375124002,
                "team_id": "2894",
                "type": "penalty",
                "fixture_id": 5375124,
                "player_id": 477672,
                "player_name": "Leozinho",
                "related_player_id": null,
                "related_player_name": null,
                "minute": 68,
                "extra_minute": null,
                "reason": null,
                "injuried": null,
                "result": "1-0"
            }
        ]
    },
    "odds": {
        "data": []
    }
}