{
    "id": 10411808,
    "league_id": 420,
    "season_id": 13029,
    "stage_id": 7743138,
    "round_id": 153272,
    "group_id": null,
    "aggregate_id": null,
    "venue_id": 7824,
    "referee_id": null,
    "localteam_id": 2894,
    "visitorteam_id": 10462,
    "winner_team_id": 10462,
    "weather_report": {
        "code": "clear",
        "type": "clear sky",
        "icon": "https://cdn.sportmonks.com/images/weather/01d.png",
        "temperature": {
            "temp": 49.7,
            "unit": "fahrenheit"
        },
        "clouds": "0%",
        "humidity": "66%",
        "wind": {
            "speed": "4.38 m/s",
            "degree": 119.502
        }
    },
    "commentaries": null,
    "attendance": null,
    "pitch": "Good",
    "details": null,
    "neutral_venue": false,
    "winning_odds_calculated": true,
    "formations": {
        "localteam_formation": null,
        "visitorteam_formation": null
    },
    "scores": {
        "localteam_score": 0,
        "visitorteam_score": 3,
        "localteam_pen_score": null,
        "visitorteam_pen_score": null,
        "ht_score": "0-1",
        "ft_score": "0-3",
        "et_score": null
    },
    "time": {
        "status": "FT",
        "starting_at": {
            "date_time": "2019-01-19 13:00:00",
            "date": "2019-01-19",
            "time": "13:00:00",
            "timestamp": 1547902800,
            "timezone": "UTC"
        },
        "minute": 90,
        "second": 0,
        "added_time": 0,
        "extra_minute": null,
        "injury_time": 3
    },
    "coaches": {
        "localteam_coach_id": 524525,
        "visitorteam_coach_id": 43981
    },
    "standings": {
        "localteam_position": 11,
        "visitorteam_position": 13
    },
    "assistants": {
        "first_assistant_id": null,
        "second_assistant_id": null,
        "fourth_official_id": null
    },
    "leg": "1/1",
    "colors": {
        "localteam": {
            "color": null,
            "kit_colors": null
        },
        "visitorteam": {
            "color": null,
            "kit_colors": null
        }
    },
    "deleted": false,
    "localTeam": {
        "data": {
            "id": 2894,
            "legacy_id": 1721,
            "name": "Mosta",
            "short_code": null,
            "twitter": null,
            "country_id": 2756,
            "national_team": false,
            "founded": 1935,
            "logo_path": "https://cdn.sportmonks.com/images//soccer/teams/14/2894.png",
            "venue_id": 1702,
            "current_season_id": 13029
        }
    },
    "visitorTeam": {
        "data": {
            "id": 10462,
            "legacy_id": null,
            "name": "Senglea Athletic",
            "short_code": null,
            "twitter": null,
            "country_id": 2756,
            "national_team": false,
            "founded": 0,
            "logo_path": "https://cdn.sportmonks.com/images//soccer/teams/30/10462.png",
            "venue_id": 4453,
            "current_season_id": 13029
        }
    },
    "league": {
        "data": {
            "id": 420,
            "active": true,
            "type": "domestic",
            "legacy_id": 152,
            "country_id": 2756,
            "logo_path": null,
            "name": "Premier League",
            "is_cup": false,
            "current_season_id": 16283,
            "current_round_id": 181738,
            "current_stage_id": 77444896,
            "live_standings": true,
            "coverage": {
                "predictions": 1,
                "topscorer_goals": false,
                "topscorer_assists": false,
                "topscorer_cards": false
            }
        }
    },
    "events": {
        "data": [
            {
                "id": 10411808001,
                "team_id": "10462",
                "type": "goal",
                "fixture_id": 10411808,
                "player_id": 3187826,
                "player_name": "A. Cáseres",
                "related_player_id": null,
                "related_player_name": null,
                "minute": 4,
                "extra_minute": null,
                "reason": null,
                "injuried": null,
                "result": "0-1"
            },
            {
                "id": 10411808002,
                "team_id": "2894",
                "type": "substitution",
                "fixture_id": 10411808,
                "player_id": 144163,
                "player_name": "Z. Brincat",
                "related_player_id": 100371,
                "related_player_name": "M. Aoudou",
                "minute": 28,
                "extra_minute": null,
                "reason": null,
                "injuried": null,
                "result": null
            },
            {
                "id": 10411808003,
                "team_id": "10462",
                "type": "yellowcard",
                "fixture_id": 10411808,
                "player_id": 401002,
                "player_name": "Diego",
                "related_player_id": null,
                "related_player_name": null,
                "minute": 45,
                "extra_minute": null,
                "reason": null,
                "injuried": null,
                "result": null
            },
            {
                "id": 10411808004,
                "team_id": "10462",
                "type": "goal",
                "fixture_id": 10411808,
                "player_id": null,
                "player_name": "S. Romulo",
                "related_player_id": null,
                "related_player_name": null,
                "minute": 52,
                "extra_minute": null,
                "reason": null,
                "injuried": null,
                "result": "0-2"
            },
            {
                "id": 10411808005,
                "team_id": "2894",
                "type": "substitution",
                "fixture_id": 10411808,
                "player_id": 144159,
                "player_name": "J. Brincat",
                "related_player_id": 144374,
                "related_player_name": "K. Frendo",
                "minute": 54,
                "extra_minute": null,
                "reason": null,
                "injuried": null,
                "result": null
            },
            {
                "id": 10411808006,
                "team_id": "2894",
                "type": "yellowcard",
                "fixture_id": 10411808,
                "player_id": 13991957,
                "player_name": "G. Cuomo",
                "related_player_id": null,
                "related_player_name": null,
                "minute": 63,
                "extra_minute": null,
                "reason": null,
                "injuried": null,
                "result": null
            },
            {
                "id": 10411808007,
                "team_id": "10462",
                "type": "goal",
                "fixture_id": 10411808,
                "player_id": 3188115,
                "player_name": "M. García",
                "related_player_id": null,
                "related_player_name": null,
                "minute": 65,
                "extra_minute": null,
                "reason": null,
                "injuried": null,
                "result": "0-3"
            },
            {
                "id": 10411808008,
                "team_id": "10462",
                "type": "substitution",
                "fixture_id": 10411808,
                "player_id": 26328651,
                "player_name": "L. Mallia",
                "related_player_id": null,
                "related_player_name": "S. Romulo",
                "minute": 69,
                "extra_minute": null,
                "reason": null,
                "injuried": null,
                "result": null
            },
            {
                "id": 10411808009,
                "team_id": "10462",
                "type": "substitution",
                "fixture_id": 10411808,
                "player_id": 465587,
                "player_name": "G. Camilleri",
                "related_player_id": 142900,
                "related_player_name": "L. Grech",
                "minute": 72,
                "extra_minute": null,
                "reason": null,
                "injuried": null,
                "result": null
            },
            {
                "id": 10411808010,
                "team_id": "2894",
                "type": "substitution",
                "fixture_id": 10411808,
                "player_id": 143637,
                "player_name": "K. Zammit",
                "related_player_id": 150261,
                "related_player_name": "D. Angan",
                "minute": 83,
                "extra_minute": null,
                "reason": null,
                "injuried": null,
                "result": null
            },
            {
                "id": 10411808011,
                "team_id": "10462",
                "type": "substitution",
                "fixture_id": 10411808,
                "player_id": 143073,
                "player_name": "M. Bartolo",
                "related_player_id": 5666676,
                "related_player_name": "G. Leyton",
                "minute": 84,
                "extra_minute": null,
                "reason": null,
                "injuried": null,
                "result": null
            },
            {
                "id": 10411808012,
                "team_id": "10462",
                "type": "yellowcard",
                "fixture_id": 10411808,
                "player_id": 3188115,
                "player_name": "M. García",
                "related_player_id": 5666676,
                "related_player_name": null,
                "minute": 90,
                "extra_minute": null,
                "reason": null,
                "injuried": null,
                "result": null
            },
            {
                "id": 10411808013,
                "team_id": "2894",
                "type": "yellowcard",
                "fixture_id": 10411808,
                "player_id": 145960,
                "player_name": "D. Xuereb",
                "related_player_id": null,
                "related_player_name": null,
                "minute": 90,
                "extra_minute": null,
                "reason": null,
                "injuried": null,
                "result": null
            }
        ]
    },
    "odds": {
        "data": []
    }
}