{
    "id": 10411850,
    "league_id": 420,
    "season_id": 13029,
    "stage_id": 7743138,
    "round_id": 153278,
    "group_id": null,
    "aggregate_id": null,
    "venue_id": 7824,
    "referee_id": null,
    "localteam_id": 2894,
    "visitorteam_id": 147,
    "winner_team_id": 147,
    "weather_report": {
        "code": "clouds",
        "type": "few clouds",
        "icon": "https://cdn.sportmonks.com/images/weather/02n.png",
        "temperature": {
            "temp": 48.2,
            "unit": "fahrenheit"
        },
        "clouds": "20%",
        "humidity": "70%",
        "pressure": 1016,
        "wind": {
            "speed": "6.93 m/s",
            "degree": 280
        }
    },
    "commentaries": null,
    "attendance": null,
    "pitch": "Artificial Turf",
    "details": null,
    "neutral_venue": false,
    "winning_odds_calculated": true,
    "formations": {
        "localteam_formation": null,
        "visitorteam_formation": null
    },
    "scores": {
        "localteam_score": 0,
        "visitorteam_score": 1,
        "localteam_pen_score": null,
        "visitorteam_pen_score": null,
        "ht_score": "0-1",
        "ft_score": "0-1",
        "et_score": null
    },
    "time": {
        "status": "FT",
        "starting_at": {
            "date_time": "2019-03-13 19:15:00",
            "date": "2019-03-13",
            "time": "19:15:00",
            "timestamp": 1552504500,
            "timezone": "UTC"
        },
        "minute": 90,
        "second": 0,
        "added_time": 3,
        "extra_minute": null,
        "injury_time": 3
    },
    "coaches": {
        "localteam_coach_id": 524525,
        "visitorteam_coach_id": 462460
    },
    "standings": {
        "localteam_position": 9,
        "visitorteam_position": 2
    },
    "assistants": {
        "first_assistant_id": null,
        "second_assistant_id": null,
        "fourth_official_id": null
    },
    "leg": "1/1",
    "colors": {
        "localteam": {
            "color": null,
            "kit_colors": null
        },
        "visitorteam": {
            "color": null,
            "kit_colors": null
        }
    },
    "deleted": false,
    "localTeam": {
        "data": {
            "id": 2894,
            "legacy_id": 1721,
            "name": "Mosta",
            "short_code": null,
            "twitter": null,
            "country_id": 2756,
            "national_team": false,
            "founded": 1935,
            "logo_path": "https://cdn.sportmonks.com/images//soccer/teams/14/2894.png",
            "venue_id": 1702,
            "current_season_id": 13029
        }
    },
    "visitorTeam": {
        "data": {
            "id": 147,
            "legacy_id": 1716,
            "name": "Valletta",
            "short_code": null,
            "twitter": null,
            "country_id": 2756,
            "national_team": false,
            "founded": 1944,
            "logo_path": "https://cdn.sportmonks.com/images//soccer/teams/19/147.png",
            "venue_id": 4453,
            "current_season_id": 13029
        }
    },
    "league": {
        "data": {
            "id": 420,
            "active": true,
            "type": "domestic",
            "legacy_id": 152,
            "country_id": 2756,
            "logo_path": null,
            "name": "Premier League",
            "is_cup": false,
            "current_season_id": 16283,
            "current_round_id": 181738,
            "current_stage_id": 77444896,
            "live_standings": true,
            "coverage": {
                "predictions": 1,
                "topscorer_goals": false,
                "topscorer_assists": false,
                "topscorer_cards": false
            }
        }
    },
    "events": {
        "data": [
            {
                "id": 10411850002,
                "team_id": "147",
                "type": "goal",
                "fixture_id": 10411850,
                "player_id": 77629,
                "player_name": "M. Alba",
                "related_player_id": null,
                "related_player_name": null,
                "minute": 6,
                "extra_minute": null,
                "reason": null,
                "injuried": null,
                "result": "0-1"
            },
            {
                "id": 10411850003,
                "team_id": "2894",
                "type": "yellowcard",
                "fixture_id": 10411850,
                "player_id": 474586,
                "player_name": "A. Roach",
                "related_player_id": null,
                "related_player_name": null,
                "minute": 37,
                "extra_minute": null,
                "reason": null,
                "injuried": null,
                "result": null
            },
            {
                "id": 10411850004,
                "team_id": "147",
                "type": "substitution",
                "fixture_id": 10411850,
                "player_id": 144441,
                "player_name": "E. Peña",
                "related_player_id": 78397,
                "related_player_name": "B. Gavrilă",
                "minute": 68,
                "extra_minute": null,
                "reason": null,
                "injuried": null,
                "result": null
            },
            {
                "id": 10411850005,
                "team_id": "2894",
                "type": "substitution",
                "fixture_id": 10411850,
                "player_id": 144163,
                "player_name": "Z. Brincat",
                "related_player_id": 144159,
                "related_player_name": "J. Brincat",
                "minute": 69,
                "extra_minute": null,
                "reason": null,
                "injuried": null,
                "result": null
            },
            {
                "id": 10411850006,
                "team_id": "147",
                "type": "yellowcard",
                "fixture_id": 10411850,
                "player_id": 144534,
                "player_name": "A. Monticelli",
                "related_player_id": null,
                "related_player_name": null,
                "minute": 73,
                "extra_minute": null,
                "reason": null,
                "injuried": null,
                "result": null
            },
            {
                "id": 10411850007,
                "team_id": "147",
                "type": "substitution",
                "fixture_id": 10411850,
                "player_id": 144066,
                "player_name": "J. Borg",
                "related_player_id": 77629,
                "related_player_name": "M. Alba",
                "minute": 74,
                "extra_minute": null,
                "reason": null,
                "injuried": null,
                "result": null
            },
            {
                "id": 10411850008,
                "team_id": "147",
                "type": "yellowcard",
                "fixture_id": 10411850,
                "player_id": 15446,
                "player_name": "J. Zerafa",
                "related_player_id": null,
                "related_player_name": null,
                "minute": 74,
                "extra_minute": null,
                "reason": null,
                "injuried": null,
                "result": null
            },
            {
                "id": 10411850009,
                "team_id": "2894",
                "type": "yellowcard",
                "fixture_id": 10411850,
                "player_id": 131574,
                "player_name": "J. Cisotti",
                "related_player_id": null,
                "related_player_name": null,
                "minute": 81,
                "extra_minute": null,
                "reason": null,
                "injuried": null,
                "result": null
            },
            {
                "id": 10411850010,
                "team_id": "147",
                "type": "substitution",
                "fixture_id": 10411850,
                "player_id": 144067,
                "player_name": "N. Pulis",
                "related_player_id": 144534,
                "related_player_name": "A. Monticelli",
                "minute": 86,
                "extra_minute": null,
                "reason": null,
                "injuried": null,
                "result": null
            }
        ]
    },
    "odds": {
        "data": []
    }
}