{
    "id": 376283,
    "league_id": 486,
    "season_id": 828,
    "stage_id": 1560,
    "round_id": 27101,
    "group_id": null,
    "aggregate_id": null,
    "venue_id": 2012,
    "referee_id": 3390,
    "localteam_id": 3452,
    "visitorteam_id": 2963,
    "winner_team_id": 2963,
    "weather_report": null,
    "commentaries": false,
    "attendance": null,
    "pitch": null,
    "details": null,
    "neutral_venue": false,
    "winning_odds_calculated": true,
    "formations": {
        "localteam_formation": "4-1-4-1",
        "visitorteam_formation": "4-2-3-1"
    },
    "scores": {
        "localteam_score": 0,
        "visitorteam_score": 1,
        "localteam_pen_score": null,
        "visitorteam_pen_score": null,
        "ht_score": "0-1",
        "ft_score": "0-1",
        "et_score": null
    },
    "time": {
        "status": "FT",
        "starting_at": {
            "date_time": "2017-04-26 14:00:00",
            "date": "2017-04-26",
            "time": "14:00:00",
            "timestamp": 1493215200,
            "timezone": "UTC"
        },
        "minute": 90,
        "second": null,
        "added_time": null,
        "extra_minute": null,
        "injury_time": null
    },
    "coaches": {
        "localteam_coach_id": 3181403,
        "visitorteam_coach_id": 784486
    },
    "standings": {
        "localteam_position": null,
        "visitorteam_position": null
    },
    "assistants": {
        "first_assistant_id": null,
        "second_assistant_id": null,
        "fourth_official_id": null
    },
    "leg": null,
    "colors": null,
    "deleted": false,
    "localTeam": {
        "data": {
            "id": 3452,
            "legacy_id": 768,
            "name": "Orenburg",
            "short_code": null,
            "twitter": null,
            "country_id": 227,
            "national_team": false,
            "founded": 0,
            "logo_path": "https://cdn.sportmonks.com/images//soccer/teams/28/3452.png",
            "venue_id": 2012,
            "current_season_id": 12996
        }
    },
    "visitorTeam": {
        "data": {
            "id": 2963,
            "legacy_id": 122,
            "name": "Zenit",
            "short_code": "ZSP",
            "twitter": null,
            "country_id": 227,
            "national_team": false,
            "founded": 1925,
            "logo_path": "https://cdn.sportmonks.com/images//soccer/teams/19/2963.png",
            "venue_id": 185602,
            "current_season_id": 12996
        }
    },
    "league": {
        "data": {
            "id": 486,
            "active": true,
            "type": "domestic",
            "legacy_id": 42,
            "country_id": 227,
            "logo_path": null,
            "name": "Premier League",
            "is_cup": false,
            "current_season_id": 16021,
            "current_round_id": 169532,
            "current_stage_id": 77443803,
            "live_standings": true,
            "coverage": {
                "predictions": 1,
                "topscorer_goals": true,
                "topscorer_assists": true,
                "topscorer_cards": true
            }
        }
    },
    "events": {
        "data": [
            {
                "id": 8733725,
                "team_id": "2963",
                "type": "penalty",
                "fixture_id": 376283,
                "player_id": 170709,
                "player_name": "Giuliano",
                "related_player_id": null,
                "related_player_name": null,
                "minute": 17,
                "extra_minute": null,
                "reason": null,
                "injuried": null,
                "result": null
            },
            {
                "id": 8733740,
                "team_id": "2963",
                "type": "yellowcard",
                "fixture_id": 376283,
                "player_id": 129211,
                "player_name": "Neto",
                "related_player_id": null,
                "related_player_name": null,
                "minute": 43,
                "extra_minute": null,
                "reason": null,
                "injuried": null,
                "result": null
            },
            {
                "id": 8733776,
                "team_id": "3452",
                "type": "substitution",
                "fixture_id": 376283,
                "player_id": 170634,
                "player_name": "D. Andreev",
                "related_player_id": 169888,
                "related_player_name": "A. Oyewole",
                "minute": 46,
                "extra_minute": null,
                "reason": null,
                "injuried": null,
                "result": null
            },
            {
                "id": 8733784,
                "team_id": "3452",
                "type": "substitution",
                "fixture_id": 376283,
                "player_id": 106341,
                "player_name": "E. Lobjanidze",
                "related_player_id": 79684,
                "related_player_name": "M. Ďuriš",
                "minute": 57,
                "extra_minute": null,
                "reason": null,
                "injuried": null,
                "result": null
            },
            {
                "id": 8733760,
                "team_id": "2963",
                "type": "yellowcard",
                "fixture_id": 376283,
                "player_id": 169659,
                "player_name": "O. Shatov",
                "related_player_id": null,
                "related_player_name": null,
                "minute": 60,
                "extra_minute": null,
                "reason": null,
                "injuried": null,
                "result": null
            },
            {
                "id": 8733733,
                "team_id": "2963",
                "type": "yellowcard",
                "fixture_id": 376283,
                "player_id": 169628,
                "player_name": "I. Smolnikov",
                "related_player_id": null,
                "related_player_name": null,
                "minute": 66,
                "extra_minute": null,
                "reason": null,
                "injuried": null,
                "result": null
            },
            {
                "id": 8733792,
                "team_id": "3452",
                "type": "substitution",
                "fixture_id": 376283,
                "player_id": 169405,
                "player_name": "R. Vorobyov",
                "related_player_id": 108811,
                "related_player_name": "D. Popovič",
                "minute": 75,
                "extra_minute": null,
                "reason": null,
                "injuried": null,
                "result": null
            },
            {
                "id": 8733800,
                "team_id": "2963",
                "type": "substitution",
                "fixture_id": 376283,
                "player_id": 95132,
                "player_name": "Y. Mollo",
                "related_player_id": 25446,
                "related_player_name": "L. Đorđević",
                "minute": 75,
                "extra_minute": null,
                "reason": null,
                "injuried": null,
                "result": null
            },
            {
                "id": 8733768,
                "team_id": "2963",
                "type": "yellowcard",
                "fixture_id": 376283,
                "player_id": 169377,
                "player_name": "I. Tsallagov",
                "related_player_id": null,
                "related_player_name": null,
                "minute": 81,
                "extra_minute": null,
                "reason": "Foul",
                "injuried": null,
                "result": null
            },
            {
                "id": 8733808,
                "team_id": "2963",
                "type": "substitution",
                "fixture_id": 376283,
                "player_id": 169563,
                "player_name": "A. Kerzhakov",
                "related_player_id": 169189,
                "related_player_name": "Danny",
                "minute": 88,
                "extra_minute": null,
                "reason": null,
                "injuried": null,
                "result": null
            },
            {
                "id": 8733752,
                "team_id": "2963",
                "type": "yellowcard",
                "fixture_id": 376283,
                "player_id": 1426,
                "player_name": "Javi García",
                "related_player_id": null,
                "related_player_name": null,
                "minute": 90,
                "extra_minute": null,
                "reason": null,
                "injuried": null,
                "result": null
            }
        ]
    },
    "odds": {
        "data": []
    }
}