{
    "id": 640672,
    "league_id": 1001,
    "season_id": 987,
    "stage_id": 1915,
    "round_id": 30841,
    "group_id": null,
    "aggregate_id": null,
    "venue_id": 13871,
    "referee_id": null,
    "localteam_id": 5480,
    "visitorteam_id": 7423,
    "winner_team_id": 5480,
    "weather_report": null,
    "commentaries": false,
    "attendance": null,
    "pitch": null,
    "details": null,
    "neutral_venue": false,
    "winning_odds_calculated": true,
    "formations": {
        "localteam_formation": null,
        "visitorteam_formation": null
    },
    "scores": {
        "localteam_score": 2,
        "visitorteam_score": 1,
        "localteam_pen_score": null,
        "visitorteam_pen_score": null,
        "ht_score": "1-0",
        "ft_score": "2-1",
        "et_score": null
    },
    "time": {
        "status": "FT",
        "starting_at": {
            "date_time": "2017-03-03 12:00:00",
            "date": "2017-03-03",
            "time": "12:00:00",
            "timestamp": 1488542400,
            "timezone": "UTC"
        },
        "minute": 90,
        "second": null,
        "added_time": null,
        "extra_minute": null,
        "injury_time": null
    },
    "coaches": {
        "localteam_coach_id": null,
        "visitorteam_coach_id": null
    },
    "standings": {
        "localteam_position": null,
        "visitorteam_position": null
    },
    "assistants": {
        "first_assistant_id": null,
        "second_assistant_id": null,
        "fourth_official_id": null
    },
    "leg": null,
    "colors": null,
    "deleted": false,
    "localTeam": {
        "data": {
            "id": 5480,
            "legacy_id": 6271,
            "name": "Pegasus",
            "short_code": null,
            "twitter": null,
            "country_id": 64306,
            "national_team": false,
            "founded": 2008,
            "logo_path": "https://cdn.sportmonks.com/images//soccer/teams/8/5480.png",
            "venue_id": 642,
            "current_season_id": 13176
        }
    },
    "visitorTeam": {
        "data": {
            "id": 7423,
            "legacy_id": null,
            "name": "BCGS Hong Kong Sapling",
            "short_code": null,
            "twitter": null,
            "country_id": 64306,
            "national_team": false,
            "founded": 2011,
            "logo_path": "https://cdn.sportmonks.com/images//soccer/teams/31/7423.png",
            "venue_id": 13843,
            "current_season_id": 8798
        }
    },
    "league": {
        "data": {
            "id": 1001,
            "active": true,
            "type": "domestic",
            "legacy_id": 350,
            "country_id": 64306,
            "logo_path": null,
            "name": "Premier League",
            "is_cup": false,
            "current_season_id": 16570,
            "current_round_id": 182670,
            "current_stage_id": 77445709,
            "live_standings": false,
            "coverage": {
                "predictions": 1,
                "topscorer_goals": false,
                "topscorer_assists": false,
                "topscorer_cards": false
            }
        }
    },
    "events": {
        "data": [
            {
                "id": 10146369,
                "team_id": "5480",
                "type": "yellowcard",
                "fixture_id": 640672,
                "player_id": 313299,
                "player_name": "E. Mbome",
                "related_player_id": null,
                "related_player_name": null,
                "minute": 9,
                "extra_minute": null,
                "reason": null,
                "injuried": null,
                "result": null
            },
            {
                "id": 10146342,
                "team_id": "5480",
                "type": "goal",
                "fixture_id": 640672,
                "player_id": 49717,
                "player_name": "Dhiego Martins",
                "related_player_id": null,
                "related_player_name": null,
                "minute": 15,
                "extra_minute": null,
                "reason": null,
                "injuried": null,
                "result": null
            },
            {
                "id": 10146428,
                "team_id": "7423",
                "type": "substitution",
                "fixture_id": 640672,
                "player_id": 314541,
                "player_name": "Dong-Hun Yoon",
                "related_player_id": 314364,
                "related_player_name": "Lau Tsz Kin",
                "minute": 45,
                "extra_minute": null,
                "reason": null,
                "injuried": null,
                "result": null
            },
            {
                "id": 10146403,
                "team_id": "5480",
                "type": "substitution",
                "fixture_id": 640672,
                "player_id": 313412,
                "player_name": "Yeung Chi Lun",
                "related_player_id": 313299,
                "related_player_name": "E. Mbome",
                "minute": 46,
                "extra_minute": null,
                "reason": null,
                "injuried": null,
                "result": null
            },
            {
                "id": 10146350,
                "team_id": "7423",
                "type": "goal",
                "fixture_id": 640672,
                "player_id": 314291,
                "player_name": "Cheng Siu Kwang",
                "related_player_id": null,
                "related_player_name": null,
                "minute": 60,
                "extra_minute": null,
                "reason": null,
                "injuried": null,
                "result": null
            },
            {
                "id": 10146414,
                "team_id": "5480",
                "type": "substitution",
                "fixture_id": 640672,
                "player_id": 313221,
                "player_name": "Annan Christian",
                "related_player_id": 314363,
                "related_player_name": "Siu Chun Ming",
                "minute": 62,
                "extra_minute": null,
                "reason": null,
                "injuried": null,
                "result": null
            },
            {
                "id": 10146361,
                "team_id": "5480",
                "type": "goal",
                "fixture_id": 640672,
                "player_id": 314320,
                "player_name": "Leong Ka Hang",
                "related_player_id": null,
                "related_player_name": null,
                "minute": 63,
                "extra_minute": null,
                "reason": null,
                "injuried": null,
                "result": null
            },
            {
                "id": 10146438,
                "team_id": "7423",
                "type": "substitution",
                "fixture_id": 640672,
                "player_id": 313998,
                "player_name": "Cheung Kwok Ming",
                "related_player_id": 314465,
                "related_player_name": "Kwok Tsz Kaai",
                "minute": 68,
                "extra_minute": null,
                "reason": null,
                "injuried": null,
                "result": null
            },
            {
                "id": 10146386,
                "team_id": "7423",
                "type": "yellowcard",
                "fixture_id": 640672,
                "player_id": 314382,
                "player_name": "Lau Kwun Pong",
                "related_player_id": null,
                "related_player_name": null,
                "minute": 73,
                "extra_minute": null,
                "reason": null,
                "injuried": null,
                "result": null
            },
            {
                "id": 10146420,
                "team_id": "5480",
                "type": "substitution",
                "fixture_id": 640672,
                "player_id": 314361,
                "player_name": "Chung Wai Keung",
                "related_player_id": 49717,
                "related_player_name": "Dhiego Martins",
                "minute": 75,
                "extra_minute": null,
                "reason": null,
                "injuried": null,
                "result": null
            },
            {
                "id": 10146449,
                "team_id": "7423",
                "type": "substitution",
                "fixture_id": 640672,
                "player_id": 314446,
                "player_name": "Lau Chi Lok",
                "related_player_id": 314352,
                "related_player_name": "Liu Pui Fung",
                "minute": 75,
                "extra_minute": null,
                "reason": null,
                "injuried": null,
                "result": null
            },
            {
                "id": 10146377,
                "team_id": "5480",
                "type": "yellowcard",
                "fixture_id": 640672,
                "player_id": 313258,
                "player_name": "Chan Siu Ki",
                "related_player_id": null,
                "related_player_name": null,
                "minute": 90,
                "extra_minute": 4,
                "reason": null,
                "injuried": null,
                "result": null
            },
            {
                "id": 10146396,
                "team_id": "7423",
                "type": "yellowcard",
                "fixture_id": 640672,
                "player_id": 314446,
                "player_name": "Lau Chi Lok",
                "related_player_id": null,
                "related_player_name": null,
                "minute": 90,
                "extra_minute": 4,
                "reason": null,
                "injuried": null,
                "result": null
            }
        ]
    },
    "odds": {
        "data": []
    }
}