{
    "id": 641028,
    "league_id": 1001,
    "season_id": 987,
    "stage_id": 1915,
    "round_id": 30845,
    "group_id": null,
    "aggregate_id": null,
    "venue_id": 642,
    "referee_id": null,
    "localteam_id": 5480,
    "visitorteam_id": 18134,
    "winner_team_id": 5480,
    "weather_report": null,
    "commentaries": false,
    "attendance": null,
    "pitch": null,
    "details": null,
    "neutral_venue": false,
    "winning_odds_calculated": true,
    "formations": {
        "localteam_formation": null,
        "visitorteam_formation": null
    },
    "scores": {
        "localteam_score": 5,
        "visitorteam_score": 0,
        "localteam_pen_score": null,
        "visitorteam_pen_score": null,
        "ht_score": "2-0",
        "ft_score": "5-0",
        "et_score": null
    },
    "time": {
        "status": "FT",
        "starting_at": {
            "date_time": "2017-04-22 12:00:00",
            "date": "2017-04-22",
            "time": "12:00:00",
            "timestamp": 1492862400,
            "timezone": "UTC"
        },
        "minute": 90,
        "second": null,
        "added_time": null,
        "extra_minute": null,
        "injury_time": null
    },
    "coaches": {
        "localteam_coach_id": null,
        "visitorteam_coach_id": null
    },
    "standings": {
        "localteam_position": null,
        "visitorteam_position": null
    },
    "assistants": {
        "first_assistant_id": null,
        "second_assistant_id": null,
        "fourth_official_id": null
    },
    "leg": null,
    "colors": null,
    "deleted": false,
    "localTeam": {
        "data": {
            "id": 5480,
            "legacy_id": 6271,
            "name": "Pegasus",
            "short_code": null,
            "twitter": null,
            "country_id": 64306,
            "national_team": false,
            "founded": 2008,
            "logo_path": "https://cdn.sportmonks.com/images//soccer/teams/8/5480.png",
            "venue_id": 642,
            "current_season_id": 13176
        }
    },
    "visitorTeam": {
        "data": {
            "id": 18134,
            "legacy_id": 2799,
            "name": "Hong Kong",
            "short_code": "HKG",
            "twitter": null,
            "country_id": 64306,
            "national_team": true,
            "founded": 1886,
            "logo_path": "https://cdn.sportmonks.com/images//soccer/teams/22/18134.png",
            "venue_id": 13845,
            "current_season_id": 14986
        }
    },
    "league": {
        "data": {
            "id": 1001,
            "active": true,
            "type": "domestic",
            "legacy_id": 350,
            "country_id": 64306,
            "logo_path": null,
            "name": "Premier League",
            "is_cup": false,
            "current_season_id": 16570,
            "current_round_id": 182670,
            "current_stage_id": 77445709,
            "live_standings": false,
            "coverage": {
                "predictions": 1,
                "topscorer_goals": false,
                "topscorer_assists": false,
                "topscorer_cards": false
            }
        }
    },
    "events": {
        "data": [
            {
                "id": 10147928,
                "team_id": "5480",
                "type": "goal",
                "fixture_id": 641028,
                "player_id": 256840,
                "player_name": "Eduardo Praes",
                "related_player_id": null,
                "related_player_name": null,
                "minute": 12,
                "extra_minute": null,
                "reason": null,
                "injuried": null,
                "result": null
            },
            {
                "id": 10147973,
                "team_id": "18134",
                "type": "yellowcard",
                "fixture_id": 641028,
                "player_id": 314509,
                "player_name": "R. Bacon",
                "related_player_id": null,
                "related_player_name": null,
                "minute": 16,
                "extra_minute": null,
                "reason": null,
                "injuried": null,
                "result": null
            },
            {
                "id": 10147938,
                "team_id": "5480",
                "type": "goal",
                "fixture_id": 641028,
                "player_id": 49717,
                "player_name": "Dhiego Martins",
                "related_player_id": null,
                "related_player_name": null,
                "minute": 45,
                "extra_minute": null,
                "reason": null,
                "injuried": null,
                "result": null
            },
            {
                "id": 10147979,
                "team_id": "5480",
                "type": "substitution",
                "fixture_id": 641028,
                "player_id": 313221,
                "player_name": "Annan Christian",
                "related_player_id": 314320,
                "related_player_name": "Leong Ka Hang",
                "minute": 46,
                "extra_minute": null,
                "reason": null,
                "injuried": null,
                "result": null
            },
            {
                "id": 10148002,
                "team_id": "18134",
                "type": "substitution",
                "fixture_id": 641028,
                "player_id": 314914,
                "player_name": "Cheng Chi Kin",
                "related_player_id": 314524,
                "related_player_name": "Man Daniel Ga Wing",
                "minute": 61,
                "extra_minute": null,
                "reason": null,
                "injuried": null,
                "result": null
            },
            {
                "id": 10147947,
                "team_id": "5480",
                "type": "goal",
                "fixture_id": 641028,
                "player_id": 313221,
                "player_name": "Annan Christian",
                "related_player_id": null,
                "related_player_name": null,
                "minute": 62,
                "extra_minute": null,
                "reason": null,
                "injuried": null,
                "result": null
            },
            {
                "id": 10147986,
                "team_id": "5480",
                "type": "substitution",
                "fixture_id": 641028,
                "player_id": 313543,
                "player_name": "Wong Chun Ho",
                "related_player_id": 225391,
                "related_player_name": "João Emir",
                "minute": 70,
                "extra_minute": null,
                "reason": null,
                "injuried": null,
                "result": null
            },
            {
                "id": 10147994,
                "team_id": "5480",
                "type": "substitution",
                "fixture_id": 641028,
                "player_id": 160362,
                "player_name": "Salva Chamorro",
                "related_player_id": 49717,
                "related_player_name": "Dhiego Martins",
                "minute": 70,
                "extra_minute": null,
                "reason": null,
                "injuried": null,
                "result": null
            },
            {
                "id": 10148010,
                "team_id": "18134",
                "type": "substitution",
                "fixture_id": 641028,
                "player_id": 314486,
                "player_name": "M. Hampshire",
                "related_player_id": 314490,
                "related_player_name": "Wong Wing Kit",
                "minute": 75,
                "extra_minute": null,
                "reason": null,
                "injuried": null,
                "result": null
            },
            {
                "id": 10148018,
                "team_id": "18134",
                "type": "substitution",
                "fixture_id": 641028,
                "player_id": 314507,
                "player_name": "T. Smith",
                "related_player_id": 314509,
                "related_player_name": "R. Bacon",
                "minute": 81,
                "extra_minute": null,
                "reason": null,
                "injuried": null,
                "result": null
            },
            {
                "id": 10147954,
                "team_id": "5480",
                "type": "goal",
                "fixture_id": 641028,
                "player_id": 315246,
                "player_name": "Lam Jordan Lok Kan",
                "related_player_id": null,
                "related_player_name": null,
                "minute": 85,
                "extra_minute": null,
                "reason": null,
                "injuried": null,
                "result": null
            },
            {
                "id": 10147962,
                "team_id": "5480",
                "type": "goal",
                "fixture_id": 641028,
                "player_id": 315246,
                "player_name": "Lam Jordan Lok Kan",
                "related_player_id": null,
                "related_player_name": null,
                "minute": 90,
                "extra_minute": null,
                "reason": null,
                "injuried": null,
                "result": null
            }
        ]
    },
    "odds": {
        "data": []
    }
}