{
    "id": 10403632,
    "league_id": 1001,
    "season_id": 13176,
    "stage_id": 7743326,
    "round_id": 152360,
    "group_id": null,
    "aggregate_id": null,
    "venue_id": 642,
    "referee_id": 35254,
    "localteam_id": 5480,
    "visitorteam_id": 235775,
    "winner_team_id": null,
    "weather_report": {
        "code": "haze",
        "type": "haze",
        "icon": "https://cdn.sportmonks.com/images/weather/50d.png",
        "temperature": {
            "temp": 68.07,
            "unit": "fahrenheit"
        },
        "clouds": "20%",
        "humidity": "68%",
        "wind": {
            "speed": "8.05 m/s",
            "degree": 250
        }
    },
    "commentaries": null,
    "attendance": null,
    "pitch": "Good",
    "details": null,
    "neutral_venue": false,
    "winning_odds_calculated": true,
    "formations": {
        "localteam_formation": null,
        "visitorteam_formation": null
    },
    "scores": {
        "localteam_score": 1,
        "visitorteam_score": 1,
        "localteam_pen_score": null,
        "visitorteam_pen_score": null,
        "ht_score": "1-0",
        "ft_score": "1-1",
        "et_score": null
    },
    "time": {
        "status": "FT",
        "starting_at": {
            "date_time": "2019-01-19 09:30:00",
            "date": "2019-01-19",
            "time": "09:30:00",
            "timestamp": 1547890200,
            "timezone": "UTC"
        },
        "minute": 90,
        "second": 0,
        "added_time": 0,
        "extra_minute": null,
        "injury_time": 3
    },
    "coaches": {
        "localteam_coach_id": 23688760,
        "visitorteam_coach_id": 313832
    },
    "standings": {
        "localteam_position": 6,
        "visitorteam_position": 9
    },
    "assistants": {
        "first_assistant_id": null,
        "second_assistant_id": null,
        "fourth_official_id": null
    },
    "leg": "1/1",
    "colors": {
        "localteam": {
            "color": null,
            "kit_colors": null
        },
        "visitorteam": {
            "color": null,
            "kit_colors": null
        }
    },
    "deleted": false,
    "localTeam": {
        "data": {
            "id": 5480,
            "legacy_id": 6271,
            "name": "Pegasus",
            "short_code": null,
            "twitter": null,
            "country_id": 64306,
            "national_team": false,
            "founded": 2008,
            "logo_path": "https://cdn.sportmonks.com/images//soccer/teams/8/5480.png",
            "venue_id": 642,
            "current_season_id": 13176
        }
    },
    "visitorTeam": {
        "data": {
            "id": 235775,
            "legacy_id": null,
            "name": "Dreams",
            "short_code": null,
            "twitter": null,
            "country_id": 64306,
            "national_team": false,
            "founded": null,
            "logo_path": null,
            "venue_id": null,
            "current_season_id": null
        }
    },
    "league": {
        "data": {
            "id": 1001,
            "active": true,
            "type": "domestic",
            "legacy_id": 350,
            "country_id": 64306,
            "logo_path": null,
            "name": "Premier League",
            "is_cup": false,
            "current_season_id": 16570,
            "current_round_id": 182670,
            "current_stage_id": 77445709,
            "live_standings": false,
            "coverage": {
                "predictions": 1,
                "topscorer_goals": false,
                "topscorer_assists": false,
                "topscorer_cards": false
            }
        }
    },
    "events": {
        "data": [
            {
                "id": 10403632001,
                "team_id": "235775",
                "type": "substitution",
                "fixture_id": 10403632,
                "player_id": 314488,
                "player_name": "Diego Higino",
                "related_player_id": 314541,
                "related_player_name": "Yoon Dong-Hun",
                "minute": 24,
                "extra_minute": null,
                "reason": null,
                "injuried": null,
                "result": null
            },
            {
                "id": 10403632002,
                "team_id": "5480",
                "type": "goal",
                "fixture_id": 10403632,
                "player_id": 314584,
                "player_name": "T. Major",
                "related_player_id": null,
                "related_player_name": null,
                "minute": 37,
                "extra_minute": null,
                "reason": null,
                "injuried": null,
                "result": "1-0"
            },
            {
                "id": 10403632003,
                "team_id": "235775",
                "type": "goal",
                "fixture_id": 10403632,
                "player_id": 153485,
                "player_name": "Gondra",
                "related_player_id": null,
                "related_player_name": null,
                "minute": 50,
                "extra_minute": null,
                "reason": null,
                "injuried": null,
                "result": "1-1"
            },
            {
                "id": 10403632004,
                "team_id": "235775",
                "type": "yellowcard",
                "fixture_id": 10403632,
                "player_id": 15434394,
                "player_name": "S. Kitamura",
                "related_player_id": null,
                "related_player_name": null,
                "minute": 56,
                "extra_minute": null,
                "reason": null,
                "injuried": null,
                "result": null
            },
            {
                "id": 10403632005,
                "team_id": "5480",
                "type": "substitution",
                "fixture_id": 10403632,
                "player_id": 787783,
                "player_name": "S. Sasaki",
                "related_player_id": 57330,
                "related_player_name": "David",
                "minute": 58,
                "extra_minute": null,
                "reason": null,
                "injuried": null,
                "result": null
            },
            {
                "id": 10403632006,
                "team_id": "235775",
                "type": "substitution",
                "fixture_id": 10403632,
                "player_id": 314187,
                "player_name": "Lai Hau Hei",
                "related_player_id": 15434394,
                "related_player_name": "S. Kitamura",
                "minute": 62,
                "extra_minute": null,
                "reason": null,
                "injuried": null,
                "result": null
            },
            {
                "id": 10403632007,
                "team_id": "235775",
                "type": "yellowcard",
                "fixture_id": 10403632,
                "player_id": 2178763,
                "player_name": "Lui Man Tik",
                "related_player_id": null,
                "related_player_name": null,
                "minute": 63,
                "extra_minute": null,
                "reason": null,
                "injuried": null,
                "result": null
            },
            {
                "id": 10403632008,
                "team_id": "5480",
                "type": "substitution",
                "fixture_id": 10403632,
                "player_id": 314363,
                "player_name": "Siu Chun Ming",
                "related_player_id": 313991,
                "related_player_name": "Law Hiu Chung",
                "minute": 67,
                "extra_minute": null,
                "reason": null,
                "injuried": null,
                "result": null
            },
            {
                "id": 10403632009,
                "team_id": "5480",
                "type": "yellowcard",
                "fixture_id": 10403632,
                "player_id": 313258,
                "player_name": "Chan Siu Ki",
                "related_player_id": null,
                "related_player_name": null,
                "minute": 69,
                "extra_minute": null,
                "reason": null,
                "injuried": null,
                "result": null
            },
            {
                "id": 10403632010,
                "team_id": "235775",
                "type": "substitution",
                "fixture_id": 10403632,
                "player_id": 22515336,
                "player_name": "Peng Lin Lin",
                "related_player_id": 313235,
                "related_player_name": "Leung Tsz Chun",
                "minute": 83,
                "extra_minute": null,
                "reason": null,
                "injuried": null,
                "result": null
            },
            {
                "id": 10403632011,
                "team_id": "235775",
                "type": "yellowcard",
                "fixture_id": 10403632,
                "player_id": 314488,
                "player_name": "Diego Higino",
                "related_player_id": null,
                "related_player_name": null,
                "minute": 90,
                "extra_minute": 1,
                "reason": null,
                "injuried": null,
                "result": null
            }
        ]
    },
    "odds": {
        "data": []
    }
}