{
    "id": 329452,
    "league_id": 420,
    "season_id": 793,
    "stage_id": 1457,
    "round_id": 26295,
    "group_id": null,
    "aggregate_id": null,
    "venue_id": 7824,
    "referee_id": null,
    "localteam_id": 5231,
    "visitorteam_id": 5425,
    "winner_team_id": null,
    "weather_report": null,
    "commentaries": false,
    "attendance": null,
    "pitch": null,
    "details": null,
    "neutral_venue": false,
    "winning_odds_calculated": true,
    "formations": {
        "localteam_formation": null,
        "visitorteam_formation": null
    },
    "scores": {
        "localteam_score": 2,
        "visitorteam_score": 2,
        "localteam_pen_score": null,
        "visitorteam_pen_score": null,
        "ht_score": "1-1",
        "ft_score": "2-2",
        "et_score": null
    },
    "time": {
        "status": "FT",
        "starting_at": {
            "date_time": "2017-01-14 13:00:00",
            "date": "2017-01-14",
            "time": "13:00:00",
            "timestamp": 1484398800,
            "timezone": "UTC"
        },
        "minute": 90,
        "second": null,
        "added_time": null,
        "extra_minute": null,
        "injury_time": null
    },
    "coaches": {
        "localteam_coach_id": null,
        "visitorteam_coach_id": null
    },
    "standings": {
        "localteam_position": null,
        "visitorteam_position": null
    },
    "assistants": {
        "first_assistant_id": null,
        "second_assistant_id": null,
        "fourth_official_id": null
    },
    "leg": null,
    "colors": null,
    "deleted": false,
    "localTeam": {
        "data": {
            "id": 5231,
            "legacy_id": null,
            "name": "Pembroke Athleta",
            "short_code": null,
            "twitter": null,
            "country_id": 2756,
            "national_team": false,
            "founded": 1994,
            "logo_path": "https://cdn.sportmonks.com/images//soccer/teams/15/5231.png",
            "venue_id": 3483,
            "current_season_id": 13035
        }
    },
    "visitorTeam": {
        "data": {
            "id": 5425,
            "legacy_id": 3664,
            "name": "St. Andrews",
            "short_code": null,
            "twitter": null,
            "country_id": 2756,
            "national_team": false,
            "founded": null,
            "logo_path": "https://cdn.sportmonks.com/images//soccer/teams/17/5425.png",
            "venue_id": 3483,
            "current_season_id": 13029
        }
    },
    "league": {
        "data": {
            "id": 420,
            "active": true,
            "type": "domestic",
            "legacy_id": 152,
            "country_id": 2756,
            "logo_path": null,
            "name": "Premier League",
            "is_cup": false,
            "current_season_id": 16283,
            "current_round_id": 181738,
            "current_stage_id": 77444896,
            "live_standings": true,
            "coverage": {
                "predictions": 1,
                "topscorer_goals": false,
                "topscorer_assists": false,
                "topscorer_cards": false
            }
        }
    },
    "events": {
        "data": [
            {
                "id": 8441803,
                "team_id": "5425",
                "type": "goal",
                "fixture_id": 329452,
                "player_id": 144630,
                "player_name": "I. Paz",
                "related_player_id": null,
                "related_player_name": null,
                "minute": 25,
                "extra_minute": null,
                "reason": null,
                "injuried": null,
                "result": null
            },
            {
                "id": 8441811,
                "team_id": "5231",
                "type": "goal",
                "fixture_id": 329452,
                "player_id": 47896,
                "player_name": "A. Dhrami",
                "related_player_id": null,
                "related_player_name": null,
                "minute": 32,
                "extra_minute": null,
                "reason": null,
                "injuried": null,
                "result": null
            },
            {
                "id": 8441819,
                "team_id": "5231",
                "type": "goal",
                "fixture_id": 329452,
                "player_id": 49656,
                "player_name": "S. Račić",
                "related_player_id": null,
                "related_player_name": null,
                "minute": 49,
                "extra_minute": null,
                "reason": null,
                "injuried": null,
                "result": null
            },
            {
                "id": 8441828,
                "team_id": "5425",
                "type": "goal",
                "fixture_id": 329452,
                "player_id": 144630,
                "player_name": "I. Paz",
                "related_player_id": null,
                "related_player_name": null,
                "minute": 79,
                "extra_minute": null,
                "reason": null,
                "injuried": null,
                "result": null
            }
        ]
    },
    "odds": {
        "data": []
    }
}