{
    "id": 330355,
    "league_id": 420,
    "season_id": 793,
    "stage_id": 1457,
    "round_id": 26301,
    "group_id": null,
    "aggregate_id": null,
    "venue_id": 974,
    "referee_id": null,
    "localteam_id": 5231,
    "visitorteam_id": 7800,
    "winner_team_id": 7800,
    "weather_report": null,
    "commentaries": false,
    "attendance": null,
    "pitch": null,
    "details": null,
    "neutral_venue": false,
    "winning_odds_calculated": true,
    "formations": {
        "localteam_formation": null,
        "visitorteam_formation": null
    },
    "scores": {
        "localteam_score": 2,
        "visitorteam_score": 5,
        "localteam_pen_score": null,
        "visitorteam_pen_score": null,
        "ht_score": "1-2",
        "ft_score": "2-5",
        "et_score": null
    },
    "time": {
        "status": "FT",
        "starting_at": {
            "date_time": "2017-03-05 13:00:00",
            "date": "2017-03-05",
            "time": "13:00:00",
            "timestamp": 1488718800,
            "timezone": "UTC"
        },
        "minute": 90,
        "second": null,
        "added_time": null,
        "extra_minute": null,
        "injury_time": null
    },
    "coaches": {
        "localteam_coach_id": null,
        "visitorteam_coach_id": null
    },
    "standings": {
        "localteam_position": null,
        "visitorteam_position": null
    },
    "assistants": {
        "first_assistant_id": null,
        "second_assistant_id": null,
        "fourth_official_id": null
    },
    "leg": null,
    "colors": null,
    "deleted": false,
    "localTeam": {
        "data": {
            "id": 5231,
            "legacy_id": null,
            "name": "Pembroke Athleta",
            "short_code": null,
            "twitter": null,
            "country_id": 2756,
            "national_team": false,
            "founded": 1994,
            "logo_path": "https://cdn.sportmonks.com/images//soccer/teams/15/5231.png",
            "venue_id": 3483,
            "current_season_id": 13035
        }
    },
    "visitorTeam": {
        "data": {
            "id": 7800,
            "legacy_id": 1718,
            "name": "Balzan",
            "short_code": null,
            "twitter": null,
            "country_id": 2756,
            "national_team": false,
            "founded": 0,
            "logo_path": "https://cdn.sportmonks.com/images//soccer/teams/24/7800.png",
            "venue_id": 5052,
            "current_season_id": 13029
        }
    },
    "league": {
        "data": {
            "id": 420,
            "active": true,
            "type": "domestic",
            "legacy_id": 152,
            "country_id": 2756,
            "logo_path": null,
            "name": "Premier League",
            "is_cup": false,
            "current_season_id": 16283,
            "current_round_id": 181738,
            "current_stage_id": 77444896,
            "live_standings": true,
            "coverage": {
                "predictions": 1,
                "topscorer_goals": false,
                "topscorer_assists": false,
                "topscorer_cards": false
            }
        }
    },
    "events": {
        "data": [
            {
                "id": 8443464,
                "team_id": "7800",
                "type": "goal",
                "fixture_id": 330355,
                "player_id": 76445,
                "player_name": "Alan",
                "related_player_id": null,
                "related_player_name": null,
                "minute": 11,
                "extra_minute": null,
                "reason": null,
                "injuried": null,
                "result": null
            },
            {
                "id": 8443473,
                "team_id": "5231",
                "type": "goal",
                "fixture_id": 330355,
                "player_id": 136602,
                "player_name": "G. Nagaoka",
                "related_player_id": null,
                "related_player_name": null,
                "minute": 18,
                "extra_minute": null,
                "reason": null,
                "injuried": null,
                "result": null
            },
            {
                "id": 8443483,
                "team_id": "7800",
                "type": "goal",
                "fixture_id": 330355,
                "player_id": 76445,
                "player_name": "Alan",
                "related_player_id": null,
                "related_player_name": null,
                "minute": 42,
                "extra_minute": null,
                "reason": null,
                "injuried": null,
                "result": null
            },
            {
                "id": 8443491,
                "team_id": "7800",
                "type": "goal",
                "fixture_id": 330355,
                "player_id": 76445,
                "player_name": "Alan",
                "related_player_id": null,
                "related_player_name": null,
                "minute": 61,
                "extra_minute": null,
                "reason": null,
                "injuried": null,
                "result": null
            },
            {
                "id": 8443499,
                "team_id": "7800",
                "type": "goal",
                "fixture_id": 330355,
                "player_id": 143771,
                "player_name": "B. Kaljević",
                "related_player_id": null,
                "related_player_name": null,
                "minute": 65,
                "extra_minute": null,
                "reason": null,
                "injuried": null,
                "result": null
            },
            {
                "id": 8443506,
                "team_id": "7800",
                "type": "goal",
                "fixture_id": 330355,
                "player_id": 144071,
                "player_name": "M. Piciollo",
                "related_player_id": null,
                "related_player_name": null,
                "minute": 75,
                "extra_minute": null,
                "reason": null,
                "injuried": null,
                "result": null
            },
            {
                "id": 8443514,
                "team_id": "5231",
                "type": "goal",
                "fixture_id": 330355,
                "player_id": 143805,
                "player_name": "D. Falzon",
                "related_player_id": null,
                "related_player_name": null,
                "minute": 83,
                "extra_minute": null,
                "reason": null,
                "injuried": null,
                "result": null
            }
        ]
    },
    "odds": {
        "data": []
    }
}