{
    "id": 10411799,
    "league_id": 420,
    "season_id": 13029,
    "stage_id": 7743138,
    "round_id": 153271,
    "group_id": null,
    "aggregate_id": null,
    "venue_id": 7844,
    "referee_id": null,
    "localteam_id": 9824,
    "visitorteam_id": 360,
    "winner_team_id": 360,
    "weather_report": {
        "code": "clouds",
        "type": "scattered clouds",
        "icon": "https://cdn.sportmonks.com/images/weather/03d.png",
        "temperature": {
            "temp": 51.8,
            "unit": "fahrenheit"
        },
        "clouds": "40%",
        "humidity": "62%",
        "wind": {
            "speed": "19.46 m/s",
            "degree": 350
        }
    },
    "commentaries": null,
    "attendance": null,
    "pitch": "Good",
    "details": null,
    "neutral_venue": false,
    "winning_odds_calculated": true,
    "formations": {
        "localteam_formation": null,
        "visitorteam_formation": null
    },
    "scores": {
        "localteam_score": 0,
        "visitorteam_score": 2,
        "localteam_pen_score": null,
        "visitorteam_pen_score": null,
        "ht_score": "0-2",
        "ft_score": "0-2",
        "et_score": null
    },
    "time": {
        "status": "FT",
        "starting_at": {
            "date_time": "2019-01-12 13:00:00",
            "date": "2019-01-12",
            "time": "13:00:00",
            "timestamp": 1547298000,
            "timezone": "UTC"
        },
        "minute": 90,
        "second": 0,
        "added_time": 3,
        "extra_minute": null,
        "injury_time": 3
    },
    "coaches": {
        "localteam_coach_id": 11676203,
        "visitorteam_coach_id": 1552879
    },
    "standings": {
        "localteam_position": 12,
        "visitorteam_position": 2
    },
    "assistants": {
        "first_assistant_id": null,
        "second_assistant_id": null,
        "fourth_official_id": null
    },
    "leg": "1/1",
    "colors": {
        "localteam": {
            "color": null,
            "kit_colors": null
        },
        "visitorteam": {
            "color": null,
            "kit_colors": null
        }
    },
    "deleted": false,
    "localTeam": {
        "data": {
            "id": 9824,
            "legacy_id": 1723,
            "name": "Pietà Hotspurs",
            "short_code": null,
            "twitter": null,
            "country_id": 2756,
            "national_team": false,
            "founded": null,
            "logo_path": "https://cdn.sportmonks.com/images//soccer/teams/0/9824.png",
            "venue_id": 5052,
            "current_season_id": 13029
        }
    },
    "visitorTeam": {
        "data": {
            "id": 360,
            "legacy_id": 1714,
            "name": "Hibernians",
            "short_code": null,
            "twitter": null,
            "country_id": 2756,
            "national_team": false,
            "founded": 1922,
            "logo_path": "https://cdn.sportmonks.com/images//soccer/teams/8/360.png",
            "venue_id": 334565,
            "current_season_id": 13029
        }
    },
    "league": {
        "data": {
            "id": 420,
            "active": true,
            "type": "domestic",
            "legacy_id": 152,
            "country_id": 2756,
            "logo_path": null,
            "name": "Premier League",
            "is_cup": false,
            "current_season_id": 16283,
            "current_round_id": 181738,
            "current_stage_id": 77444896,
            "live_standings": true,
            "coverage": {
                "predictions": 1,
                "topscorer_goals": false,
                "topscorer_assists": false,
                "topscorer_cards": false
            }
        }
    },
    "events": {
        "data": [
            {
                "id": 10411799001,
                "team_id": "360",
                "type": "goal",
                "fixture_id": 10411799,
                "player_id": 144180,
                "player_name": "J. Mbong",
                "related_player_id": null,
                "related_player_name": null,
                "minute": 36,
                "extra_minute": null,
                "reason": null,
                "injuried": null,
                "result": "0-1"
            },
            {
                "id": 10411799002,
                "team_id": "360",
                "type": "own-goal",
                "fixture_id": 10411799,
                "player_id": 144569,
                "player_name": "Tony",
                "related_player_id": null,
                "related_player_name": null,
                "minute": 37,
                "extra_minute": null,
                "reason": null,
                "injuried": null,
                "result": "0-2"
            },
            {
                "id": 10411799003,
                "team_id": "9824",
                "type": "substitution",
                "fixture_id": 10411799,
                "player_id": 15828416,
                "player_name": "H. Singh",
                "related_player_id": 21794891,
                "related_player_name": "T. Ose",
                "minute": 46,
                "extra_minute": null,
                "reason": null,
                "injuried": null,
                "result": null
            },
            {
                "id": 10411799004,
                "team_id": "360",
                "type": "yellowcard",
                "fixture_id": 10411799,
                "player_id": 1477390,
                "player_name": "Taylon",
                "related_player_id": null,
                "related_player_name": null,
                "minute": 60,
                "extra_minute": null,
                "reason": null,
                "injuried": null,
                "result": null
            },
            {
                "id": 10411799005,
                "team_id": "9824",
                "type": "yellowcard",
                "fixture_id": 10411799,
                "player_id": 11658059,
                "player_name": "J. Irimiya",
                "related_player_id": null,
                "related_player_name": null,
                "minute": 71,
                "extra_minute": null,
                "reason": null,
                "injuried": null,
                "result": null
            },
            {
                "id": 10411799006,
                "team_id": "9824",
                "type": "substitution",
                "fixture_id": 10411799,
                "player_id": 29294413,
                "player_name": "S. Okoh",
                "related_player_id": 11658059,
                "related_player_name": "J. Irimiya",
                "minute": 78,
                "extra_minute": null,
                "reason": null,
                "injuried": null,
                "result": null
            },
            {
                "id": 10411799007,
                "team_id": "360",
                "type": "substitution",
                "fixture_id": 10411799,
                "player_id": 524529,
                "player_name": "D. Xuereb",
                "related_player_id": 1477390,
                "related_player_name": "Taylon",
                "minute": 88,
                "extra_minute": null,
                "reason": null,
                "injuried": null,
                "result": null
            },
            {
                "id": 10411799008,
                "team_id": "9824",
                "type": "substitution",
                "fixture_id": 10411799,
                "player_id": 467813,
                "player_name": "N. Pisani",
                "related_player_id": 144111,
                "related_player_name": "C. Degabriele",
                "minute": 88,
                "extra_minute": null,
                "reason": null,
                "injuried": null,
                "result": null
            },
            {
                "id": 10411799009,
                "team_id": "360",
                "type": "substitution",
                "fixture_id": 10411799,
                "player_id": 14337931,
                "player_name": "A. Vella",
                "related_player_id": 143245,
                "related_player_name": "B. Kristensen",
                "minute": 90,
                "extra_minute": null,
                "reason": null,
                "injuried": null,
                "result": null
            },
            {
                "id": 10411799010,
                "team_id": "360",
                "type": "substitution",
                "fixture_id": 10411799,
                "player_id": 144686,
                "player_name": "C. Zammit",
                "related_player_id": 143797,
                "related_player_name": "J. Degabriele",
                "minute": 90,
                "extra_minute": null,
                "reason": null,
                "injuried": null,
                "result": null
            }
        ]
    },
    "odds": {
        "data": []
    }
}