{
    "id": 10411831,
    "league_id": 420,
    "season_id": 13029,
    "stage_id": 7743138,
    "round_id": 153275,
    "group_id": null,
    "aggregate_id": null,
    "venue_id": 974,
    "referee_id": null,
    "localteam_id": 9824,
    "visitorteam_id": 7800,
    "winner_team_id": 7800,
    "weather_report": null,
    "commentaries": null,
    "attendance": null,
    "pitch": "Good",
    "details": null,
    "neutral_venue": false,
    "winning_odds_calculated": true,
    "formations": {
        "localteam_formation": null,
        "visitorteam_formation": null
    },
    "scores": {
        "localteam_score": 0,
        "visitorteam_score": 3,
        "localteam_pen_score": null,
        "visitorteam_pen_score": null,
        "ht_score": "0-1",
        "ft_score": "0-3",
        "et_score": null
    },
    "time": {
        "status": "FT",
        "starting_at": {
            "date_time": "2019-02-17 13:00:00",
            "date": "2019-02-17",
            "time": "13:00:00",
            "timestamp": 1550408400,
            "timezone": "UTC"
        },
        "minute": 90,
        "second": 0,
        "added_time": 0,
        "extra_minute": null,
        "injury_time": 3
    },
    "coaches": {
        "localteam_coach_id": 11676203,
        "visitorteam_coach_id": 460553
    },
    "standings": {
        "localteam_position": 13,
        "visitorteam_position": 7
    },
    "assistants": {
        "first_assistant_id": null,
        "second_assistant_id": null,
        "fourth_official_id": null
    },
    "leg": "1/1",
    "colors": {
        "localteam": {
            "color": null,
            "kit_colors": null
        },
        "visitorteam": {
            "color": null,
            "kit_colors": null
        }
    },
    "deleted": false,
    "localTeam": {
        "data": {
            "id": 9824,
            "legacy_id": 1723,
            "name": "Pietà Hotspurs",
            "short_code": null,
            "twitter": null,
            "country_id": 2756,
            "national_team": false,
            "founded": null,
            "logo_path": "https://cdn.sportmonks.com/images//soccer/teams/0/9824.png",
            "venue_id": 5052,
            "current_season_id": 13029
        }
    },
    "visitorTeam": {
        "data": {
            "id": 7800,
            "legacy_id": 1718,
            "name": "Balzan",
            "short_code": null,
            "twitter": null,
            "country_id": 2756,
            "national_team": false,
            "founded": 0,
            "logo_path": "https://cdn.sportmonks.com/images//soccer/teams/24/7800.png",
            "venue_id": 5052,
            "current_season_id": 13029
        }
    },
    "league": {
        "data": {
            "id": 420,
            "active": true,
            "type": "domestic",
            "legacy_id": 152,
            "country_id": 2756,
            "logo_path": null,
            "name": "Premier League",
            "is_cup": false,
            "current_season_id": 16283,
            "current_round_id": 181738,
            "current_stage_id": 77444896,
            "live_standings": true,
            "coverage": {
                "predictions": 1,
                "topscorer_goals": false,
                "topscorer_assists": false,
                "topscorer_cards": false
            }
        }
    },
    "events": {
        "data": [
            {
                "id": 10411831001,
                "team_id": "7800",
                "type": "yellowcard",
                "fixture_id": 10411831,
                "player_id": 179049,
                "player_name": "U. Ljubomirac",
                "related_player_id": null,
                "related_player_name": null,
                "minute": 25,
                "extra_minute": null,
                "reason": null,
                "injuried": null,
                "result": null
            },
            {
                "id": 10411831002,
                "team_id": "7800",
                "type": "goal",
                "fixture_id": 10411831,
                "player_id": 179081,
                "player_name": "A. Majdevac",
                "related_player_id": null,
                "related_player_name": null,
                "minute": 34,
                "extra_minute": null,
                "reason": null,
                "injuried": null,
                "result": "0-1"
            },
            {
                "id": 10411831003,
                "team_id": "9824",
                "type": "yellowcard",
                "fixture_id": 10411831,
                "player_id": 469483,
                "player_name": "G. Mensah",
                "related_player_id": null,
                "related_player_name": null,
                "minute": 52,
                "extra_minute": null,
                "reason": null,
                "injuried": null,
                "result": null
            },
            {
                "id": 10411831005,
                "team_id": "9824",
                "type": "substitution",
                "fixture_id": 10411831,
                "player_id": 106923,
                "player_name": "G. Kekua",
                "related_player_id": 144114,
                "related_player_name": "N. Pace Cocks",
                "minute": 61,
                "extra_minute": null,
                "reason": null,
                "injuried": null,
                "result": null
            },
            {
                "id": 10411831004,
                "team_id": "7800",
                "type": "goal",
                "fixture_id": 10411831,
                "player_id": 144647,
                "player_name": "R. Correa",
                "related_player_id": null,
                "related_player_name": null,
                "minute": 61,
                "extra_minute": null,
                "reason": null,
                "injuried": null,
                "result": "0-2"
            },
            {
                "id": 10411831006,
                "team_id": "7800",
                "type": "substitution",
                "fixture_id": 10411831,
                "player_id": 144148,
                "player_name": "S. Cipriott",
                "related_player_id": 177509,
                "related_player_name": "M. Lepović",
                "minute": 66,
                "extra_minute": null,
                "reason": null,
                "injuried": null,
                "result": null
            },
            {
                "id": 10411831007,
                "team_id": "7800",
                "type": "substitution",
                "fixture_id": 10411831,
                "player_id": 142888,
                "player_name": "A. Effiong",
                "related_player_id": 179081,
                "related_player_name": "A. Majdevac",
                "minute": 70,
                "extra_minute": null,
                "reason": null,
                "injuried": null,
                "result": null
            },
            {
                "id": 10411831008,
                "team_id": "7800",
                "type": "goal",
                "fixture_id": 10411831,
                "player_id": 142888,
                "player_name": "A. Effiong",
                "related_player_id": null,
                "related_player_name": null,
                "minute": 77,
                "extra_minute": null,
                "reason": null,
                "injuried": null,
                "result": "0-3"
            },
            {
                "id": 10411831009,
                "team_id": "7800",
                "type": "substitution",
                "fixture_id": 10411831,
                "player_id": 142793,
                "player_name": "J. Grioli",
                "related_player_id": 179049,
                "related_player_name": "U. Ljubomirac",
                "minute": 79,
                "extra_minute": null,
                "reason": null,
                "injuried": null,
                "result": null
            },
            {
                "id": 10411831010,
                "team_id": "9824",
                "type": "substitution",
                "fixture_id": 10411831,
                "player_id": 29294413,
                "player_name": "S. Okoh",
                "related_player_id": 144383,
                "related_player_name": "T. Bartolo",
                "minute": 79,
                "extra_minute": null,
                "reason": null,
                "injuried": null,
                "result": null
            },
            {
                "id": 10411831011,
                "team_id": "9824",
                "type": "substitution",
                "fixture_id": 10411831,
                "player_id": 467823,
                "player_name": "J. Scicluna",
                "related_player_id": 469483,
                "related_player_name": "G. Mensah",
                "minute": 80,
                "extra_minute": null,
                "reason": null,
                "injuried": null,
                "result": null
            }
        ]
    },
    "odds": {
        "data": []
    }
}