{
    "id": 10411849,
    "league_id": 420,
    "season_id": 13029,
    "stage_id": 7743138,
    "round_id": 153278,
    "group_id": null,
    "aggregate_id": null,
    "venue_id": 7824,
    "referee_id": null,
    "localteam_id": 9824,
    "visitorteam_id": 762,
    "winner_team_id": 762,
    "weather_report": {
        "code": "clouds",
        "type": "few clouds",
        "icon": "https://cdn.sportmonks.com/images/weather/02d.png",
        "temperature": {
            "temp": 55.15,
            "unit": "fahrenheit"
        },
        "clouds": "20%",
        "humidity": "54%",
        "pressure": 1017,
        "wind": {
            "speed": "14.99 m/s",
            "degree": 270
        }
    },
    "commentaries": null,
    "attendance": null,
    "pitch": "Good",
    "details": null,
    "neutral_venue": false,
    "winning_odds_calculated": true,
    "formations": {
        "localteam_formation": null,
        "visitorteam_formation": null
    },
    "scores": {
        "localteam_score": 0,
        "visitorteam_score": 2,
        "localteam_pen_score": null,
        "visitorteam_pen_score": null,
        "ht_score": "0-0",
        "ft_score": "0-2",
        "et_score": null
    },
    "time": {
        "status": "FT",
        "starting_at": {
            "date_time": "2019-03-13 17:00:00",
            "date": "2019-03-13",
            "time": "17:00:00",
            "timestamp": 1552496400,
            "timezone": "UTC"
        },
        "minute": 90,
        "second": 0,
        "added_time": 0,
        "extra_minute": null,
        "injury_time": 3
    },
    "coaches": {
        "localteam_coach_id": 11676203,
        "visitorteam_coach_id": 27466495
    },
    "standings": {
        "localteam_position": 14,
        "visitorteam_position": 8
    },
    "assistants": {
        "first_assistant_id": null,
        "second_assistant_id": null,
        "fourth_official_id": null
    },
    "leg": "1/1",
    "colors": {
        "localteam": {
            "color": null,
            "kit_colors": null
        },
        "visitorteam": {
            "color": null,
            "kit_colors": null
        }
    },
    "deleted": false,
    "localTeam": {
        "data": {
            "id": 9824,
            "legacy_id": 1723,
            "name": "Pietà Hotspurs",
            "short_code": null,
            "twitter": null,
            "country_id": 2756,
            "national_team": false,
            "founded": null,
            "logo_path": "https://cdn.sportmonks.com/images//soccer/teams/0/9824.png",
            "venue_id": 5052,
            "current_season_id": 13029
        }
    },
    "visitorTeam": {
        "data": {
            "id": 762,
            "legacy_id": 1717,
            "name": "Floriana",
            "short_code": null,
            "twitter": null,
            "country_id": 2756,
            "national_team": false,
            "founded": 1894,
            "logo_path": "https://cdn.sportmonks.com/images//soccer/teams/26/762.png",
            "venue_id": 239,
            "current_season_id": 13029
        }
    },
    "league": {
        "data": {
            "id": 420,
            "active": true,
            "type": "domestic",
            "legacy_id": 152,
            "country_id": 2756,
            "logo_path": null,
            "name": "Premier League",
            "is_cup": false,
            "current_season_id": 16283,
            "current_round_id": 181738,
            "current_stage_id": 77444896,
            "live_standings": true,
            "coverage": {
                "predictions": 1,
                "topscorer_goals": false,
                "topscorer_assists": false,
                "topscorer_cards": false
            }
        }
    },
    "events": {
        "data": [
            {
                "id": 10411849003,
                "team_id": "9824",
                "type": "yellowcard",
                "fixture_id": 10411849,
                "player_id": 144098,
                "player_name": "C. Grech",
                "related_player_id": null,
                "related_player_name": null,
                "minute": 30,
                "extra_minute": null,
                "reason": null,
                "injuried": null,
                "result": null
            },
            {
                "id": 10411849004,
                "team_id": "9824",
                "type": "yellowcard",
                "fixture_id": 10411849,
                "player_id": 11658059,
                "player_name": "J. Irimiya",
                "related_player_id": null,
                "related_player_name": null,
                "minute": 39,
                "extra_minute": null,
                "reason": null,
                "injuried": null,
                "result": null
            },
            {
                "id": 10411849005,
                "team_id": "9824",
                "type": "yellowcard",
                "fixture_id": 10411849,
                "player_id": 21773309,
                "player_name": "P. Chimezie",
                "related_player_id": null,
                "related_player_name": null,
                "minute": 60,
                "extra_minute": null,
                "reason": null,
                "injuried": null,
                "result": null
            },
            {
                "id": 10411849006,
                "team_id": "9824",
                "type": "substitution",
                "fixture_id": 10411849,
                "player_id": 23382814,
                "player_name": "J. Ghio",
                "related_player_id": 11658059,
                "related_player_name": "J. Irimiya",
                "minute": 61,
                "extra_minute": null,
                "reason": null,
                "injuried": null,
                "result": null
            },
            {
                "id": 10411849007,
                "team_id": "762",
                "type": "goal",
                "fixture_id": 10411849,
                "player_id": 144655,
                "player_name": "B. Paiber",
                "related_player_id": null,
                "related_player_name": null,
                "minute": 63,
                "extra_minute": null,
                "reason": null,
                "injuried": null,
                "result": "0-1"
            },
            {
                "id": 10411849008,
                "team_id": "762",
                "type": "substitution",
                "fixture_id": 10411849,
                "player_id": 143059,
                "player_name": "C. Borg",
                "related_player_id": 10966300,
                "related_player_name": "U. Arias",
                "minute": 69,
                "extra_minute": null,
                "reason": null,
                "injuried": null,
                "result": null
            },
            {
                "id": 10411849009,
                "team_id": "762",
                "type": "goal",
                "fixture_id": 10411849,
                "player_id": 144089,
                "player_name": "Emerson Marcelina",
                "related_player_id": null,
                "related_player_name": null,
                "minute": 71,
                "extra_minute": null,
                "reason": null,
                "injuried": null,
                "result": "0-2"
            },
            {
                "id": 10411849010,
                "team_id": "9824",
                "type": "substitution",
                "fixture_id": 10411849,
                "player_id": 467813,
                "player_name": "N. Pisani",
                "related_player_id": 21773309,
                "related_player_name": "P. Chimezie",
                "minute": 73,
                "extra_minute": null,
                "reason": null,
                "injuried": null,
                "result": null
            },
            {
                "id": 10411849011,
                "team_id": "762",
                "type": "substitution",
                "fixture_id": 10411849,
                "player_id": 143302,
                "player_name": "T. Vella",
                "related_player_id": 437706,
                "related_player_name": "Vieira",
                "minute": 80,
                "extra_minute": null,
                "reason": null,
                "injuried": null,
                "result": null
            },
            {
                "id": 10411849012,
                "team_id": "762",
                "type": "substitution",
                "fixture_id": 10411849,
                "player_id": 142848,
                "player_name": "E. Herrera",
                "related_player_id": 144655,
                "related_player_name": "B. Paiber",
                "minute": 81,
                "extra_minute": null,
                "reason": null,
                "injuried": null,
                "result": null
            },
            {
                "id": 10411849013,
                "team_id": "9824",
                "type": "substitution",
                "fixture_id": 10411849,
                "player_id": 467823,
                "player_name": "J. Scicluna",
                "related_player_id": 467816,
                "related_player_name": "J. Busuttil",
                "minute": 82,
                "extra_minute": null,
                "reason": null,
                "injuried": null,
                "result": null
            },
            {
                "id": 10411849014,
                "team_id": "9824",
                "type": "yellowcard",
                "fixture_id": 10411849,
                "player_id": 138440,
                "player_name": "U. Umeh",
                "related_player_id": null,
                "related_player_name": null,
                "minute": 86,
                "extra_minute": null,
                "reason": null,
                "injuried": null,
                "result": null
            }
        ]
    },
    "odds": {
        "data": []
    }
}