{
    "id": 10411851,
    "league_id": 420,
    "season_id": 13029,
    "stage_id": 7743138,
    "round_id": 153278,
    "group_id": null,
    "aggregate_id": null,
    "venue_id": 4453,
    "referee_id": null,
    "localteam_id": 8688,
    "visitorteam_id": 9969,
    "winner_team_id": 9969,
    "weather_report": null,
    "commentaries": null,
    "attendance": null,
    "pitch": "Artificial Turf",
    "details": null,
    "neutral_venue": false,
    "winning_odds_calculated": true,
    "formations": {
        "localteam_formation": null,
        "visitorteam_formation": null
    },
    "scores": {
        "localteam_score": 1,
        "visitorteam_score": 2,
        "localteam_pen_score": null,
        "visitorteam_pen_score": null,
        "ht_score": "1-1",
        "ft_score": "1-2",
        "et_score": null
    },
    "time": {
        "status": "FT",
        "starting_at": {
            "date_time": "2019-03-14 19:15:00",
            "date": "2019-03-14",
            "time": "19:15:00",
            "timestamp": 1552590900,
            "timezone": "UTC"
        },
        "minute": 90,
        "second": 0,
        "added_time": 0,
        "extra_minute": null,
        "injury_time": 5
    },
    "coaches": {
        "localteam_coach_id": 27527150,
        "visitorteam_coach_id": 3187823
    },
    "standings": {
        "localteam_position": 13,
        "visitorteam_position": 10
    },
    "assistants": {
        "first_assistant_id": null,
        "second_assistant_id": null,
        "fourth_official_id": null
    },
    "leg": "1/1",
    "colors": {
        "localteam": {
            "color": null,
            "kit_colors": null
        },
        "visitorteam": {
            "color": null,
            "kit_colors": null
        }
    },
    "deleted": false,
    "localTeam": {
        "data": {
            "id": 8688,
            "legacy_id": 1722,
            "name": "Qormi",
            "short_code": null,
            "twitter": null,
            "country_id": 2756,
            "national_team": false,
            "founded": 1961,
            "logo_path": "https://cdn.sportmonks.com/images//soccer/teams/16/8688.png",
            "venue_id": 182891,
            "current_season_id": 13029
        }
    },
    "visitorTeam": {
        "data": {
            "id": 9969,
            "legacy_id": 1725,
            "name": "Tarxien Rainbows",
            "short_code": null,
            "twitter": null,
            "country_id": 2756,
            "national_team": false,
            "founded": 1944,
            "logo_path": "https://cdn.sportmonks.com/images//soccer/teams/17/9969.png",
            "venue_id": 6550,
            "current_season_id": 13029
        }
    },
    "league": {
        "data": {
            "id": 420,
            "active": true,
            "type": "domestic",
            "legacy_id": 152,
            "country_id": 2756,
            "logo_path": null,
            "name": "Premier League",
            "is_cup": false,
            "current_season_id": 16283,
            "current_round_id": 181738,
            "current_stage_id": 77444896,
            "live_standings": true,
            "coverage": {
                "predictions": 1,
                "topscorer_goals": false,
                "topscorer_assists": false,
                "topscorer_cards": false
            }
        }
    },
    "events": {
        "data": [
            {
                "id": 10411851001,
                "team_id": "9969",
                "type": "goal",
                "fixture_id": 10411851,
                "player_id": 144248,
                "player_name": "A. Nilsson",
                "related_player_id": null,
                "related_player_name": null,
                "minute": 12,
                "extra_minute": null,
                "reason": null,
                "injuried": null,
                "result": "0-1"
            },
            {
                "id": 10411851002,
                "team_id": "8688",
                "type": "goal",
                "fixture_id": 10411851,
                "player_id": 466838,
                "player_name": "Y. Yankam",
                "related_player_id": null,
                "related_player_name": null,
                "minute": 35,
                "extra_minute": null,
                "reason": null,
                "injuried": null,
                "result": "1-1"
            },
            {
                "id": 10411851003,
                "team_id": "8688",
                "type": "yellowcard",
                "fixture_id": 10411851,
                "player_id": 29294408,
                "player_name": "Lucas Santana",
                "related_player_id": null,
                "related_player_name": null,
                "minute": 38,
                "extra_minute": null,
                "reason": null,
                "injuried": null,
                "result": null
            },
            {
                "id": 10411851004,
                "team_id": "9969",
                "type": "yellowcard",
                "fixture_id": 10411851,
                "player_id": 75829,
                "player_name": "J. Gill",
                "related_player_id": null,
                "related_player_name": null,
                "minute": 41,
                "extra_minute": null,
                "reason": null,
                "injuried": null,
                "result": null
            },
            {
                "id": 10411851005,
                "team_id": "9969",
                "type": "substitution",
                "fixture_id": 10411851,
                "player_id": 144039,
                "player_name": "D. Zerafa",
                "related_player_id": 144040,
                "related_player_name": "L. Grech",
                "minute": 46,
                "extra_minute": null,
                "reason": null,
                "injuried": null,
                "result": null
            },
            {
                "id": 10411851006,
                "team_id": "9969",
                "type": "substitution",
                "fixture_id": 10411851,
                "player_id": 143339,
                "player_name": "S. Arab",
                "related_player_id": 143805,
                "related_player_name": "D. Falzon",
                "minute": 54,
                "extra_minute": null,
                "reason": null,
                "injuried": null,
                "result": null
            },
            {
                "id": 10411851007,
                "team_id": "9969",
                "type": "yellowcard",
                "fixture_id": 10411851,
                "player_id": 32177,
                "player_name": "J. Wemmer",
                "related_player_id": null,
                "related_player_name": null,
                "minute": 69,
                "extra_minute": null,
                "reason": null,
                "injuried": null,
                "result": null
            },
            {
                "id": 10411851008,
                "team_id": "9969",
                "type": "substitution",
                "fixture_id": 10411851,
                "player_id": 144690,
                "player_name": "M. Brincat",
                "related_player_id": 143490,
                "related_player_name": "G. Aquilina",
                "minute": 73,
                "extra_minute": null,
                "reason": null,
                "injuried": null,
                "result": null
            },
            {
                "id": 10411851009,
                "team_id": "9969",
                "type": "yellowcard",
                "fixture_id": 10411851,
                "player_id": 455592,
                "player_name": "M. Spiteri",
                "related_player_id": null,
                "related_player_name": null,
                "minute": 73,
                "extra_minute": null,
                "reason": null,
                "injuried": null,
                "result": null
            },
            {
                "id": 10411851010,
                "team_id": "8688",
                "type": "substitution",
                "fixture_id": 10411851,
                "player_id": 23717012,
                "player_name": "M. Bangoura",
                "related_player_id": 130100,
                "related_player_name": "A. Rozzi",
                "minute": 74,
                "extra_minute": null,
                "reason": null,
                "injuried": null,
                "result": null
            },
            {
                "id": 10411851011,
                "team_id": "9969",
                "type": "yellowred",
                "fixture_id": 10411851,
                "player_id": 75829,
                "player_name": "J. Gill",
                "related_player_id": null,
                "related_player_name": null,
                "minute": 82,
                "extra_minute": null,
                "reason": null,
                "injuried": null,
                "result": null
            },
            {
                "id": 10411851012,
                "team_id": "8688",
                "type": "substitution",
                "fixture_id": 10411851,
                "player_id": 143194,
                "player_name": "M. Borg",
                "related_player_id": 29294408,
                "related_player_name": "Lucas Santana",
                "minute": 83,
                "extra_minute": null,
                "reason": null,
                "injuried": null,
                "result": null
            },
            {
                "id": 10411851013,
                "team_id": "9969",
                "type": "goal",
                "fixture_id": 10411851,
                "player_id": 32177,
                "player_name": "J. Wemmer",
                "related_player_id": null,
                "related_player_name": null,
                "minute": 85,
                "extra_minute": null,
                "reason": null,
                "injuried": null,
                "result": "1-2"
            },
            {
                "id": 10411851014,
                "team_id": "8688",
                "type": "substitution",
                "fixture_id": 10411851,
                "player_id": 466834,
                "player_name": "I. Zammit",
                "related_player_id": 143393,
                "related_player_name": "A. Abela",
                "minute": 88,
                "extra_minute": null,
                "reason": null,
                "injuried": null,
                "result": null
            },
            {
                "id": 10411851015,
                "team_id": "8688",
                "type": "yellowcard",
                "fixture_id": 10411851,
                "player_id": 436162,
                "player_name": "D. Mansi",
                "related_player_id": null,
                "related_player_name": null,
                "minute": 90,
                "extra_minute": 1,
                "reason": null,
                "injuried": null,
                "result": null
            },
            {
                "id": 10411851016,
                "team_id": "8688",
                "type": "yellowcard",
                "fixture_id": 10411851,
                "player_id": 466834,
                "player_name": "I. Zammit",
                "related_player_id": null,
                "related_player_name": null,
                "minute": 90,
                "extra_minute": 4,
                "reason": null,
                "injuried": null,
                "result": null
            }
        ]
    },
    "odds": {
        "data": []
    }
}