{
    "id": 10411819,
    "league_id": 420,
    "season_id": 13029,
    "stage_id": 7743138,
    "round_id": 153274,
    "group_id": null,
    "aggregate_id": null,
    "venue_id": 974,
    "referee_id": null,
    "localteam_id": 8688,
    "visitorteam_id": 147,
    "winner_team_id": 147,
    "weather_report": null,
    "commentaries": null,
    "attendance": null,
    "pitch": "Good",
    "details": null,
    "neutral_venue": false,
    "winning_odds_calculated": true,
    "formations": {
        "localteam_formation": null,
        "visitorteam_formation": null
    },
    "scores": {
        "localteam_score": 1,
        "visitorteam_score": 2,
        "localteam_pen_score": null,
        "visitorteam_pen_score": null,
        "ht_score": "1-2",
        "ft_score": "1-2",
        "et_score": null
    },
    "time": {
        "status": "FT",
        "starting_at": {
            "date_time": "2019-02-08 18:00:00",
            "date": "2019-02-08",
            "time": "18:00:00",
            "timestamp": 1549648800,
            "timezone": "UTC"
        },
        "minute": 90,
        "second": 0,
        "added_time": 3,
        "extra_minute": null,
        "injury_time": 4
    },
    "coaches": {
        "localteam_coach_id": 27527150,
        "visitorteam_coach_id": 462460
    },
    "standings": {
        "localteam_position": 14,
        "visitorteam_position": 1
    },
    "assistants": {
        "first_assistant_id": null,
        "second_assistant_id": null,
        "fourth_official_id": null
    },
    "leg": "1/1",
    "colors": {
        "localteam": {
            "color": null,
            "kit_colors": null
        },
        "visitorteam": {
            "color": null,
            "kit_colors": null
        }
    },
    "deleted": false,
    "localTeam": {
        "data": {
            "id": 8688,
            "legacy_id": 1722,
            "name": "Qormi",
            "short_code": null,
            "twitter": null,
            "country_id": 2756,
            "national_team": false,
            "founded": 1961,
            "logo_path": "https://cdn.sportmonks.com/images//soccer/teams/16/8688.png",
            "venue_id": 182891,
            "current_season_id": 13029
        }
    },
    "visitorTeam": {
        "data": {
            "id": 147,
            "legacy_id": 1716,
            "name": "Valletta",
            "short_code": null,
            "twitter": null,
            "country_id": 2756,
            "national_team": false,
            "founded": 1944,
            "logo_path": "https://cdn.sportmonks.com/images//soccer/teams/19/147.png",
            "venue_id": 4453,
            "current_season_id": 13029
        }
    },
    "league": {
        "data": {
            "id": 420,
            "active": true,
            "type": "domestic",
            "legacy_id": 152,
            "country_id": 2756,
            "logo_path": null,
            "name": "Premier League",
            "is_cup": false,
            "current_season_id": 16283,
            "current_round_id": 181738,
            "current_stage_id": 77444896,
            "live_standings": true,
            "coverage": {
                "predictions": 1,
                "topscorer_goals": false,
                "topscorer_assists": false,
                "topscorer_cards": false
            }
        }
    },
    "events": {
        "data": [
            {
                "id": 10411819001,
                "team_id": "147",
                "type": "goal",
                "fixture_id": 10411819,
                "player_id": 77629,
                "player_name": "M. Alba",
                "related_player_id": null,
                "related_player_name": null,
                "minute": 24,
                "extra_minute": null,
                "reason": null,
                "injuried": null,
                "result": "0-1"
            },
            {
                "id": 10411819002,
                "team_id": "147",
                "type": "goal",
                "fixture_id": 10411819,
                "player_id": 143771,
                "player_name": "B. Kaljević",
                "related_player_id": null,
                "related_player_name": null,
                "minute": 28,
                "extra_minute": null,
                "reason": null,
                "injuried": null,
                "result": "0-2"
            },
            {
                "id": 10411819003,
                "team_id": "8688",
                "type": "goal",
                "fixture_id": 10411819,
                "player_id": 23717012,
                "player_name": "M. Bangoura",
                "related_player_id": null,
                "related_player_name": null,
                "minute": 44,
                "extra_minute": null,
                "reason": null,
                "injuried": null,
                "result": "1-2"
            },
            {
                "id": 10411819004,
                "team_id": "8688",
                "type": "substitution",
                "fixture_id": 10411819,
                "player_id": 466834,
                "player_name": "I. Zammit",
                "related_player_id": 11347013,
                "related_player_name": "Wellington Petinha",
                "minute": 80,
                "extra_minute": null,
                "reason": null,
                "injuried": null,
                "result": null
            }
        ]
    },
    "odds": {
        "data": []
    }
}