{
    "id": 10411839,
    "league_id": 420,
    "season_id": 13029,
    "stage_id": 7743138,
    "round_id": 153276,
    "group_id": null,
    "aggregate_id": null,
    "venue_id": 7844,
    "referee_id": null,
    "localteam_id": 8688,
    "visitorteam_id": 6791,
    "winner_team_id": 6791,
    "weather_report": {
        "code": "clouds",
        "type": "few clouds",
        "icon": "https://cdn.sportmonks.com/images/weather/02d.png",
        "temperature": {
            "temp": 61.14,
            "unit": "fahrenheit"
        },
        "clouds": "20%",
        "humidity": "67%",
        "pressure": 1015,
        "wind": {
            "speed": "24.16 m/s",
            "degree": 320
        }
    },
    "commentaries": null,
    "attendance": null,
    "pitch": "Good",
    "details": null,
    "neutral_venue": false,
    "winning_odds_calculated": true,
    "formations": {
        "localteam_formation": null,
        "visitorteam_formation": null
    },
    "scores": {
        "localteam_score": 1,
        "visitorteam_score": 4,
        "localteam_pen_score": null,
        "visitorteam_pen_score": null,
        "ht_score": "0-3",
        "ft_score": "1-4",
        "et_score": null
    },
    "time": {
        "status": "FT",
        "starting_at": {
            "date_time": "2019-03-02 15:15:00",
            "date": "2019-03-02",
            "time": "15:15:00",
            "timestamp": 1551539700,
            "timezone": "UTC"
        },
        "minute": 90,
        "second": 0,
        "added_time": 3,
        "extra_minute": null,
        "injury_time": 3
    },
    "coaches": {
        "localteam_coach_id": 27527150,
        "visitorteam_coach_id": 31314971
    },
    "standings": {
        "localteam_position": 14,
        "visitorteam_position": 3
    },
    "assistants": {
        "first_assistant_id": null,
        "second_assistant_id": null,
        "fourth_official_id": null
    },
    "leg": "1/1",
    "colors": {
        "localteam": {
            "color": null,
            "kit_colors": null
        },
        "visitorteam": {
            "color": null,
            "kit_colors": null
        }
    },
    "deleted": false,
    "localTeam": {
        "data": {
            "id": 8688,
            "legacy_id": 1722,
            "name": "Qormi",
            "short_code": null,
            "twitter": null,
            "country_id": 2756,
            "national_team": false,
            "founded": 1961,
            "logo_path": "https://cdn.sportmonks.com/images//soccer/teams/16/8688.png",
            "venue_id": 182891,
            "current_season_id": 13029
        }
    },
    "visitorTeam": {
        "data": {
            "id": 6791,
            "legacy_id": 2451,
            "name": "Gzira United",
            "short_code": null,
            "twitter": null,
            "country_id": 2756,
            "national_team": false,
            "founded": 1947,
            "logo_path": "https://cdn.sportmonks.com/images//soccer/teams/7/6791.png",
            "venue_id": 4453,
            "current_season_id": 13029
        }
    },
    "league": {
        "data": {
            "id": 420,
            "active": true,
            "type": "domestic",
            "legacy_id": 152,
            "country_id": 2756,
            "logo_path": null,
            "name": "Premier League",
            "is_cup": false,
            "current_season_id": 16283,
            "current_round_id": 181738,
            "current_stage_id": 77444896,
            "live_standings": true,
            "coverage": {
                "predictions": 1,
                "topscorer_goals": false,
                "topscorer_assists": false,
                "topscorer_cards": false
            }
        }
    },
    "events": {
        "data": [
            {
                "id": 10411839001,
                "team_id": "6791",
                "type": "goal",
                "fixture_id": 10411839,
                "player_id": 139066,
                "player_name": "H. Garba",
                "related_player_id": null,
                "related_player_name": null,
                "minute": 8,
                "extra_minute": null,
                "reason": null,
                "injuried": null,
                "result": "0-1"
            },
            {
                "id": 10411839002,
                "team_id": "8688",
                "type": "yellowcard",
                "fixture_id": 10411839,
                "player_id": 91761,
                "player_name": "Kassiano Soares",
                "related_player_id": null,
                "related_player_name": null,
                "minute": 17,
                "extra_minute": null,
                "reason": null,
                "injuried": null,
                "result": null
            },
            {
                "id": 10411839003,
                "team_id": "6791",
                "type": "goal",
                "fixture_id": 10411839,
                "player_id": 3181432,
                "player_name": "N. Muscat",
                "related_player_id": null,
                "related_player_name": null,
                "minute": 19,
                "extra_minute": null,
                "reason": null,
                "injuried": null,
                "result": "0-2"
            },
            {
                "id": 10411839004,
                "team_id": "8688",
                "type": "yellowcard",
                "fixture_id": 10411839,
                "player_id": 436162,
                "player_name": "D. Mansi",
                "related_player_id": null,
                "related_player_name": null,
                "minute": 45,
                "extra_minute": null,
                "reason": null,
                "injuried": null,
                "result": null
            },
            {
                "id": 10411839005,
                "team_id": "6791",
                "type": "penalty",
                "fixture_id": 10411839,
                "player_id": 142791,
                "player_name": "A. Cohen",
                "related_player_id": null,
                "related_player_name": null,
                "minute": 45,
                "extra_minute": 4,
                "reason": null,
                "injuried": null,
                "result": "0-3"
            },
            {
                "id": 10411839006,
                "team_id": "8688",
                "type": "goal",
                "fixture_id": 10411839,
                "player_id": 466836,
                "player_name": "T. Gusman",
                "related_player_id": null,
                "related_player_name": null,
                "minute": 52,
                "extra_minute": null,
                "reason": null,
                "injuried": null,
                "result": "1-3"
            },
            {
                "id": 10411839007,
                "team_id": "6791",
                "type": "yellowcard",
                "fixture_id": 10411839,
                "player_id": 143062,
                "player_name": "S. Borg",
                "related_player_id": null,
                "related_player_name": null,
                "minute": 55,
                "extra_minute": null,
                "reason": null,
                "injuried": null,
                "result": null
            },
            {
                "id": 10411839008,
                "team_id": "6791",
                "type": "goal",
                "fixture_id": 10411839,
                "player_id": 3181432,
                "player_name": "N. Muscat",
                "related_player_id": null,
                "related_player_name": null,
                "minute": 60,
                "extra_minute": null,
                "reason": null,
                "injuried": null,
                "result": "1-4"
            },
            {
                "id": 10411839009,
                "team_id": "6791",
                "type": "yellowcard",
                "fixture_id": 10411839,
                "player_id": 144738,
                "player_name": "G. Conti",
                "related_player_id": null,
                "related_player_name": null,
                "minute": 74,
                "extra_minute": null,
                "reason": null,
                "injuried": null,
                "result": null
            }
        ]
    },
    "odds": {
        "data": []
    }
}