{
    "id": 10411810,
    "league_id": 420,
    "season_id": 13029,
    "stage_id": 7743138,
    "round_id": 153272,
    "group_id": null,
    "aggregate_id": null,
    "venue_id": 974,
    "referee_id": null,
    "localteam_id": 8688,
    "visitorteam_id": 7800,
    "winner_team_id": 7800,
    "weather_report": null,
    "commentaries": null,
    "attendance": null,
    "pitch": "Good",
    "details": null,
    "neutral_venue": false,
    "winning_odds_calculated": true,
    "formations": {
        "localteam_formation": null,
        "visitorteam_formation": null
    },
    "scores": {
        "localteam_score": 1,
        "visitorteam_score": 3,
        "localteam_pen_score": null,
        "visitorteam_pen_score": null,
        "ht_score": "0-2",
        "ft_score": "1-3",
        "et_score": null
    },
    "time": {
        "status": "FT",
        "starting_at": {
            "date_time": "2019-01-20 13:00:00",
            "date": "2019-01-20",
            "time": "13:00:00",
            "timestamp": 1547989200,
            "timezone": "UTC"
        },
        "minute": 90,
        "second": 52,
        "added_time": 5,
        "extra_minute": null,
        "injury_time": 4
    },
    "coaches": {
        "localteam_coach_id": 27527150,
        "visitorteam_coach_id": 460553
    },
    "standings": {
        "localteam_position": 14,
        "visitorteam_position": 7
    },
    "assistants": {
        "first_assistant_id": null,
        "second_assistant_id": null,
        "fourth_official_id": null
    },
    "leg": "1/1",
    "colors": {
        "localteam": {
            "color": null,
            "kit_colors": null
        },
        "visitorteam": {
            "color": null,
            "kit_colors": null
        }
    },
    "deleted": false,
    "localTeam": {
        "data": {
            "id": 8688,
            "legacy_id": 1722,
            "name": "Qormi",
            "short_code": null,
            "twitter": null,
            "country_id": 2756,
            "national_team": false,
            "founded": 1961,
            "logo_path": "https://cdn.sportmonks.com/images//soccer/teams/16/8688.png",
            "venue_id": 182891,
            "current_season_id": 13029
        }
    },
    "visitorTeam": {
        "data": {
            "id": 7800,
            "legacy_id": 1718,
            "name": "Balzan",
            "short_code": null,
            "twitter": null,
            "country_id": 2756,
            "national_team": false,
            "founded": 0,
            "logo_path": "https://cdn.sportmonks.com/images//soccer/teams/24/7800.png",
            "venue_id": 5052,
            "current_season_id": 13029
        }
    },
    "league": {
        "data": {
            "id": 420,
            "active": true,
            "type": "domestic",
            "legacy_id": 152,
            "country_id": 2756,
            "logo_path": null,
            "name": "Premier League",
            "is_cup": false,
            "current_season_id": 16283,
            "current_round_id": 181738,
            "current_stage_id": 77444896,
            "live_standings": true,
            "coverage": {
                "predictions": 1,
                "topscorer_goals": false,
                "topscorer_assists": false,
                "topscorer_cards": false
            }
        }
    },
    "events": {
        "data": [
            {
                "id": 10411810001,
                "team_id": "8688",
                "type": "yellowcard",
                "fixture_id": 10411810,
                "player_id": 143435,
                "player_name": "A. Cassar",
                "related_player_id": null,
                "related_player_name": null,
                "minute": 30,
                "extra_minute": null,
                "reason": null,
                "injuried": null,
                "result": null
            },
            {
                "id": 10411810002,
                "team_id": "8688",
                "type": "yellowcard",
                "fixture_id": 10411810,
                "player_id": null,
                "player_name": "Y. Yannick",
                "related_player_id": null,
                "related_player_name": null,
                "minute": 37,
                "extra_minute": null,
                "reason": null,
                "injuried": null,
                "result": null
            },
            {
                "id": 10411810003,
                "team_id": "7800",
                "type": "goal",
                "fixture_id": 10411810,
                "player_id": 144647,
                "player_name": "R. Correa",
                "related_player_id": null,
                "related_player_name": null,
                "minute": 45,
                "extra_minute": null,
                "reason": null,
                "injuried": null,
                "result": "0-1"
            },
            {
                "id": 10411810004,
                "team_id": "7800",
                "type": "goal",
                "fixture_id": 10411810,
                "player_id": 179081,
                "player_name": "A. Majdevac",
                "related_player_id": null,
                "related_player_name": null,
                "minute": 45,
                "extra_minute": 2,
                "reason": null,
                "injuried": null,
                "result": "0-2"
            },
            {
                "id": 10411810005,
                "team_id": "7800",
                "type": "yellowcard",
                "fixture_id": 10411810,
                "player_id": 67942,
                "player_name": "A. Kosorić",
                "related_player_id": null,
                "related_player_name": null,
                "minute": 47,
                "extra_minute": null,
                "reason": null,
                "injuried": null,
                "result": null
            },
            {
                "id": 10411810010,
                "team_id": "8688",
                "type": "substitution",
                "fixture_id": 10411810,
                "player_id": 6608218,
                "player_name": "N. Ghio",
                "related_player_id": 11347013,
                "related_player_name": "Wellington Petinha",
                "minute": 68,
                "extra_minute": null,
                "reason": null,
                "injuried": null,
                "result": null
            },
            {
                "id": 10411810011,
                "team_id": "8688",
                "type": "substitution",
                "fixture_id": 10411810,
                "player_id": 143194,
                "player_name": "M. Borg",
                "related_player_id": 179049,
                "related_player_name": "Y. Yannick",
                "minute": 72,
                "extra_minute": null,
                "reason": null,
                "injuried": null,
                "result": null
            },
            {
                "id": 10411810012,
                "team_id": "7800",
                "type": "substitution",
                "fixture_id": 10411810,
                "player_id": 143193,
                "player_name": "L. Micallef",
                "related_player_id": 179049,
                "related_player_name": "U. Ljubomirac",
                "minute": 72,
                "extra_minute": null,
                "reason": null,
                "injuried": null,
                "result": null
            },
            {
                "id": 10411810013,
                "team_id": "8688",
                "type": "goal",
                "fixture_id": 10411810,
                "player_id": 130100,
                "player_name": "A. Rozzi",
                "related_player_id": null,
                "related_player_name": null,
                "minute": 75,
                "extra_minute": null,
                "reason": null,
                "injuried": null,
                "result": "1-3"
            },
            {
                "id": 10411810014,
                "team_id": "7800",
                "type": "yellowcard",
                "fixture_id": 10411810,
                "player_id": 135116,
                "player_name": "N. Šljivić",
                "related_player_id": null,
                "related_player_name": null,
                "minute": 77,
                "extra_minute": null,
                "reason": null,
                "injuried": null,
                "result": null
            },
            {
                "id": 10411810015,
                "team_id": "8688",
                "type": "substitution",
                "fixture_id": 10411810,
                "player_id": 21794876,
                "player_name": "N. Gauci",
                "related_player_id": 143435,
                "related_player_name": "A. Cassar",
                "minute": 88,
                "extra_minute": null,
                "reason": null,
                "injuried": null,
                "result": null
            },
            {
                "id": 10411810016,
                "team_id": "7800",
                "type": "yellowcard",
                "fixture_id": 10411810,
                "player_id": 143193,
                "player_name": "L. Micallef",
                "related_player_id": null,
                "related_player_name": null,
                "minute": 90,
                "extra_minute": null,
                "reason": null,
                "injuried": null,
                "result": null
            }
        ]
    },
    "odds": {
        "data": []
    }
}