{
    "id": 11954657,
    "league_id": 1001,
    "season_id": 16570,
    "stage_id": 77445709,
    "round_id": 182669,
    "group_id": null,
    "aggregate_id": null,
    "venue_id": 13752,
    "referee_id": 35256,
    "localteam_id": 5898,
    "visitorteam_id": 7397,
    "winner_team_id": 7397,
    "weather_report": null,
    "commentaries": false,
    "attendance": 432,
    "pitch": null,
    "details": null,
    "neutral_venue": false,
    "winning_odds_calculated": true,
    "formations": {
        "localteam_formation": null,
        "visitorteam_formation": null
    },
    "scores": {
        "localteam_score": 0,
        "visitorteam_score": 1,
        "localteam_pen_score": null,
        "visitorteam_pen_score": null,
        "ht_score": "0-0",
        "ft_score": "0-1",
        "et_score": null
    },
    "time": {
        "status": "FT",
        "starting_at": {
            "date_time": "2019-09-15 06:30:00",
            "date": "2019-09-15",
            "time": "06:30:00",
            "timestamp": 1568529000,
            "timezone": "UTC"
        },
        "minute": 90,
        "second": null,
        "added_time": null,
        "extra_minute": null,
        "injury_time": null
    },
    "coaches": {
        "localteam_coach_id": 37288504,
        "visitorteam_coach_id": 37288526
    },
    "standings": {
        "localteam_position": 6,
        "visitorteam_position": 3
    },
    "assistants": {
        "first_assistant_id": null,
        "second_assistant_id": null,
        "fourth_official_id": null
    },
    "leg": "1/1",
    "colors": {
        "localteam": {
            "color": "#107BAF",
            "kit_colors": "#107BAF,#107BAF,#D446BA,#00C1BA,#C40010,#0046A8,#107BAF"
        },
        "visitorteam": {
            "color": "#4BD43B",
            "kit_colors": "#4BD43B,#4BD43B,#4BD43B,#00C1BA,#C40010,#0046A8,#4BD43B"
        }
    },
    "deleted": false,
    "localTeam": {
        "data": {
            "id": 5898,
            "legacy_id": null,
            "name": "Rangers",
            "short_code": null,
            "twitter": null,
            "country_id": 64306,
            "national_team": false,
            "founded": 1960,
            "logo_path": "https://cdn.sportmonks.com/images//soccer/teams/10/5898.png",
            "venue_id": 3855,
            "current_season_id": 14986
        }
    },
    "visitorTeam": {
        "data": {
            "id": 7397,
            "legacy_id": null,
            "name": "Happy Valley",
            "short_code": null,
            "twitter": null,
            "country_id": 64306,
            "national_team": false,
            "founded": 1950,
            "logo_path": "https://cdn.sportmonks.com/images//soccer/teams/5/7397.png",
            "venue_id": 3894,
            "current_season_id": 14986
        }
    },
    "league": {
        "data": {
            "id": 1001,
            "active": true,
            "type": "domestic",
            "legacy_id": 350,
            "country_id": 64306,
            "logo_path": null,
            "name": "Premier League",
            "is_cup": false,
            "current_season_id": 16570,
            "current_round_id": 182670,
            "current_stage_id": 77445709,
            "live_standings": false,
            "coverage": {
                "predictions": 1,
                "topscorer_goals": false,
                "topscorer_assists": false,
                "topscorer_cards": false
            }
        }
    },
    "events": {
        "data": [
            {
                "id": 11954657001,
                "team_id": "7397",
                "type": "yellowcard",
                "fixture_id": 11954657,
                "player_id": 37288520,
                "player_name": "Yung Hui To",
                "related_player_id": null,
                "related_player_name": null,
                "minute": 24,
                "extra_minute": null,
                "reason": null,
                "injuried": null,
                "result": null
            },
            {
                "id": 11954657002,
                "team_id": "7397",
                "type": "substitution",
                "fixture_id": 11954657,
                "player_id": 1506320,
                "player_name": "Cheung Chun Hin Marco",
                "related_player_id": 314056,
                "related_player_name": "Lam Ngai Tong",
                "minute": 24,
                "extra_minute": null,
                "reason": null,
                "injuried": null,
                "result": null
            },
            {
                "id": 11954657003,
                "team_id": "7397",
                "type": "yellowcard",
                "fixture_id": 11954657,
                "player_id": 1506320,
                "player_name": "Cheung Chun Hin Marco",
                "related_player_id": null,
                "related_player_name": null,
                "minute": 41,
                "extra_minute": null,
                "reason": null,
                "injuried": null,
                "result": null
            },
            {
                "id": 11954657004,
                "team_id": "5898",
                "type": "substitution",
                "fixture_id": 11954657,
                "player_id": 313301,
                "player_name": "Wong Chin Hung",
                "related_player_id": 2178765,
                "related_player_name": "Poon Pak On",
                "minute": 46,
                "extra_minute": null,
                "reason": null,
                "injuried": null,
                "result": null
            },
            {
                "id": 11954657005,
                "team_id": "7397",
                "type": "goal",
                "fixture_id": 11954657,
                "player_id": 52692,
                "player_name": "Manu Gavilán",
                "related_player_id": null,
                "related_player_name": null,
                "minute": 57,
                "extra_minute": null,
                "reason": null,
                "injuried": null,
                "result": "0-1"
            },
            {
                "id": 11954657006,
                "team_id": "7397",
                "type": "substitution",
                "fixture_id": 11954657,
                "player_id": 37288524,
                "player_name": "Yuen Sai Kit",
                "related_player_id": 37288521,
                "related_player_name": "Lai Pui Kei",
                "minute": 60,
                "extra_minute": null,
                "reason": null,
                "injuried": null,
                "result": null
            },
            {
                "id": 11954657007,
                "team_id": "5898",
                "type": "substitution",
                "fixture_id": 11954657,
                "player_id": 315654,
                "player_name": "Tang Lok Man",
                "related_player_id": 22515336,
                "related_player_name": "Peng Lin Lin",
                "minute": 63,
                "extra_minute": null,
                "reason": null,
                "injuried": null,
                "result": null
            },
            {
                "id": 11954657008,
                "team_id": "5898",
                "type": "substitution",
                "fixture_id": 11954657,
                "player_id": 314464,
                "player_name": "Tse Wai Chun",
                "related_player_id": 229748,
                "related_player_name": "Tomas",
                "minute": 70,
                "extra_minute": null,
                "reason": null,
                "injuried": null,
                "result": null
            },
            {
                "id": 11954657009,
                "team_id": "7397",
                "type": "substitution",
                "fixture_id": 11954657,
                "player_id": 2178766,
                "player_name": "Chu Wai Kwan",
                "related_player_id": 313566,
                "related_player_name": "Chan Lap Ming",
                "minute": 73,
                "extra_minute": null,
                "reason": null,
                "injuried": null,
                "result": null
            },
            {
                "id": 11954657010,
                "team_id": "7397",
                "type": "yellowcard",
                "fixture_id": 11954657,
                "player_id": 2178766,
                "player_name": "Chu Wai Kwan",
                "related_player_id": null,
                "related_player_name": null,
                "minute": 76,
                "extra_minute": null,
                "reason": null,
                "injuried": null,
                "result": null
            },
            {
                "id": 11954657011,
                "team_id": "5898",
                "type": "yellowcard",
                "fixture_id": 11954657,
                "player_id": 393296,
                "player_name": "L. Bazán",
                "related_player_id": null,
                "related_player_name": null,
                "minute": 78,
                "extra_minute": null,
                "reason": null,
                "injuried": null,
                "result": null
            },
            {
                "id": 11954657012,
                "team_id": "5898",
                "type": "yellowcard",
                "fixture_id": 11954657,
                "player_id": 164117,
                "player_name": "Au Yeung Yiu Chung",
                "related_player_id": null,
                "related_player_name": null,
                "minute": 82,
                "extra_minute": null,
                "reason": null,
                "injuried": null,
                "result": null
            }
        ]
    },
    "odds": {
        "data": [
            {
                "id": 1,
                "name": "3Way Result",
                "suspended": false,
                "bookmaker": {
                    "data": [
                        {
                            "id": 7,
                            "name": "888Sport",
                            "odds": {
                                "data": [
                                    {
                                        "label": "1",
                                        "value": "2.55",
                                        "probability": "39.22%",
                                        "dp3": "2.550",
                                        "american": 154,
                                        "factional": null,
                                        "winning": false,
                                        "handicap": null,
                                        "total": null,
                                        "bookmaker_event_id": null,
                                        "last_update": {
                                            "date": "2019-09-15 02:18:39.000000",
                                            "timezone_type": 3,
                                            "timezone": "UTC"
                                        }
                                    },
                                    {
                                        "label": "X",
                                        "value": "3.80",
                                        "probability": "26.32%",
                                        "dp3": "3.800",
                                        "american": 280,
                                        "factional": null,
                                        "winning": false,
                                        "handicap": null,
                                        "total": null,
                                        "bookmaker_event_id": null,
                                        "last_update": {
                                            "date": "2019-09-15 02:18:39.000000",
                                            "timezone_type": 3,
                                            "timezone": "UTC"
                                        }
                                    },
                                    {
                                        "label": "2",
                                        "value": "2.08",
                                        "probability": "48.08%",
                                        "dp3": "2.080",
                                        "american": 108,
                                        "factional": null,
                                        "winning": true,
                                        "handicap": null,
                                        "total": null,
                                        "bookmaker_event_id": null,
                                        "last_update": {
                                            "date": "2019-09-15 02:18:39.000000",
                                            "timezone_type": 3,
                                            "timezone": "UTC"
                                        }
                                    }
                                ]
                            }
                        },
                        {
                            "id": 2467,
                            "name": "TitanBet",
                            "odds": {
                                "data": [
                                    {
                                        "label": "1",
                                        "value": "2.65",
                                        "probability": "37.74%",
                                        "dp3": "2.650",
                                        "american": 165,
                                        "factional": null,
                                        "winning": false,
                                        "handicap": null,
                                        "total": null,
                                        "bookmaker_event_id": null,
                                        "last_update": {
                                            "date": "2019-09-15 06:18:13.000000",
                                            "timezone_type": 3,
                                            "timezone": "UTC"
                                        }
                                    },
                                    {
                                        "label": "X",
                                        "value": "4.00",
                                        "probability": "25%",
                                        "dp3": "4.000",
                                        "american": 300,
                                        "factional": null,
                                        "winning": false,
                                        "handicap": null,
                                        "total": null,
                                        "bookmaker_event_id": null,
                                        "last_update": {
                                            "date": "2019-09-15 06:18:13.000000",
                                            "timezone_type": 3,
                                            "timezone": "UTC"
                                        }
                                    },
                                    {
                                        "label": "2",
                                        "value": "2.10",
                                        "probability": "47.62%",
                                        "dp3": "2.100",
                                        "american": 110,
                                        "factional": null,
                                        "winning": true,
                                        "handicap": null,
                                        "total": null,
                                        "bookmaker_event_id": null,
                                        "last_update": {
                                            "date": "2019-09-15 06:18:13.000000",
                                            "timezone_type": 3,
                                            "timezone": "UTC"
                                        }
                                    }
                                ]
                            }
                        },
                        {
                            "id": 97,
                            "name": "Unibet",
                            "odds": {
                                "data": [
                                    {
                                        "label": "1",
                                        "value": "2.55",
                                        "probability": "39.22%",
                                        "dp3": "2.550",
                                        "american": 154,
                                        "factional": null,
                                        "winning": false,
                                        "handicap": null,
                                        "total": null,
                                        "bookmaker_event_id": null,
                                        "last_update": {
                                            "date": "2019-09-15 02:23:14.000000",
                                            "timezone_type": 3,
                                            "timezone": "UTC"
                                        }
                                    },
                                    {
                                        "label": "X",
                                        "value": "3.80",
                                        "probability": "26.32%",
                                        "dp3": "3.800",
                                        "american": 280,
                                        "factional": null,
                                        "winning": false,
                                        "handicap": null,
                                        "total": null,
                                        "bookmaker_event_id": null,
                                        "last_update": {
                                            "date": "2019-09-15 02:23:14.000000",
                                            "timezone_type": 3,
                                            "timezone": "UTC"
                                        }
                                    },
                                    {
                                        "label": "2",
                                        "value": "2.08",
                                        "probability": "48.08%",
                                        "dp3": "2.080",
                                        "american": 108,
                                        "factional": null,
                                        "winning": true,
                                        "handicap": null,
                                        "total": null,
                                        "bookmaker_event_id": null,
                                        "last_update": {
                                            "date": "2019-09-15 02:23:14.000000",
                                            "timezone_type": 3,
                                            "timezone": "UTC"
                                        }
                                    }
                                ]
                            }
                        },
                        {
                            "id": 271057006,
                            "name": "BetClic",
                            "odds": {
                                "data": [
                                    {
                                        "label": "1",
                                        "value": "2.67",
                                        "probability": "37.45%",
                                        "dp3": "2.670",
                                        "american": 167,
                                        "factional": null,
                                        "winning": false,
                                        "handicap": null,
                                        "total": null,
                                        "bookmaker_event_id": null,
                                        "last_update": {
                                            "date": "2019-09-15 06:21:28.000000",
                                            "timezone_type": 3,
                                            "timezone": "UTC"
                                        }
                                    },
                                    {
                                        "label": "X",
                                        "value": "3.92",
                                        "probability": "25.51%",
                                        "dp3": "3.920",
                                        "american": 292,
                                        "factional": null,
                                        "winning": false,
                                        "handicap": null,
                                        "total": null,
                                        "bookmaker_event_id": null,
                                        "last_update": {
                                            "date": "2019-09-15 06:21:28.000000",
                                            "timezone_type": 3,
                                            "timezone": "UTC"
                                        }
                                    },
                                    {
                                        "label": "2",
                                        "value": "2.22",
                                        "probability": "45.05%",
                                        "dp3": "2.220",
                                        "american": 122,
                                        "factional": null,
                                        "winning": true,
                                        "handicap": null,
                                        "total": null,
                                        "bookmaker_event_id": null,
                                        "last_update": {
                                            "date": "2019-09-15 06:21:28.000000",
                                            "timezone_type": 3,
                                            "timezone": "UTC"
                                        }
                                    }
                                ]
                            }
                        },
                        {
                            "id": 1,
                            "name": "10Bet",
                            "odds": {
                                "data": [
                                    {
                                        "label": "1",
                                        "value": "2.45",
                                        "probability": "40.82%",
                                        "dp3": "2.450",
                                        "american": 145,
                                        "factional": null,
                                        "winning": false,
                                        "handicap": null,
                                        "total": null,
                                        "bookmaker_event_id": null,
                                        "last_update": {
                                            "date": "2019-09-15 06:27:10.000000",
                                            "timezone_type": 3,
                                            "timezone": "UTC"
                                        }
                                    },
                                    {
                                        "label": "X",
                                        "value": "3.50",
                                        "probability": "28.57%",
                                        "dp3": "3.500",
                                        "american": 250,
                                        "factional": null,
                                        "winning": false,
                                        "handicap": null,
                                        "total": null,
                                        "bookmaker_event_id": null,
                                        "last_update": {
                                            "date": "2019-09-15 06:27:10.000000",
                                            "timezone_type": 3,
                                            "timezone": "UTC"
                                        }
                                    },
                                    {
                                        "label": "2",
                                        "value": "2.30",
                                        "probability": "43.48%",
                                        "dp3": "2.300",
                                        "american": 129,
                                        "factional": null,
                                        "winning": true,
                                        "handicap": null,
                                        "total": null,
                                        "bookmaker_event_id": null,
                                        "last_update": {
                                            "date": "2019-09-15 06:27:10.000000",
                                            "timezone_type": 3,
                                            "timezone": "UTC"
                                        }
                                    }
                                ]
                            }
                        },
                        {
                            "id": 70,
                            "name": "Pncl",
                            "odds": {
                                "data": [
                                    {
                                        "label": "1",
                                        "value": "2.68",
                                        "probability": "37.31%",
                                        "dp3": "2.680",
                                        "american": 168,
                                        "factional": null,
                                        "winning": false,
                                        "handicap": null,
                                        "total": null,
                                        "bookmaker_event_id": null,
                                        "last_update": {
                                            "date": "2019-09-15 06:28:06.000000",
                                            "timezone_type": 3,
                                            "timezone": "UTC"
                                        }
                                    },
                                    {
                                        "label": "X",
                                        "value": "4.06",
                                        "probability": "24.63%",
                                        "dp3": "4.060",
                                        "american": 305,
                                        "factional": null,
                                        "winning": false,
                                        "handicap": null,
                                        "total": null,
                                        "bookmaker_event_id": null,
                                        "last_update": {
                                            "date": "2019-09-15 06:28:06.000000",
                                            "timezone_type": 3,
                                            "timezone": "UTC"
                                        }
                                    },
                                    {
                                        "label": "2",
                                        "value": "2.32",
                                        "probability": "43.1%",
                                        "dp3": "2.320",
                                        "american": 131,
                                        "factional": null,
                                        "winning": true,
                                        "handicap": null,
                                        "total": null,
                                        "bookmaker_event_id": null,
                                        "last_update": {
                                            "date": "2019-09-15 06:28:06.000000",
                                            "timezone_type": 3,
                                            "timezone": "UTC"
                                        }
                                    }
                                ]
                            }
                        },
                        {
                            "id": 15,
                            "name": "Betfair",
                            "odds": {
                                "data": [
                                    {
                                        "label": "1",
                                        "value": "2.62",
                                        "probability": "38.17%",
                                        "dp3": "2.620",
                                        "american": 162,
                                        "factional": null,
                                        "winning": false,
                                        "handicap": null,
                                        "total": null,
                                        "bookmaker_event_id": null,
                                        "last_update": {
                                            "date": "2019-09-15 06:27:59.000000",
                                            "timezone_type": 3,
                                            "timezone": "UTC"
                                        }
                                    },
                                    {
                                        "label": "X",
                                        "value": "3.90",
                                        "probability": "25.64%",
                                        "dp3": "3.900",
                                        "american": 290,
                                        "factional": null,
                                        "winning": false,
                                        "handicap": null,
                                        "total": null,
                                        "bookmaker_event_id": null,
                                        "last_update": {
                                            "date": "2019-09-15 06:27:59.000000",
                                            "timezone_type": 3,
                                            "timezone": "UTC"
                                        }
                                    },
                                    {
                                        "label": "2",
                                        "value": "2.10",
                                        "probability": "47.62%",
                                        "dp3": "2.100",
                                        "american": 110,
                                        "factional": null,
                                        "winning": true,
                                        "handicap": null,
                                        "total": null,
                                        "bookmaker_event_id": null,
                                        "last_update": {
                                            "date": "2019-09-15 06:27:59.000000",
                                            "timezone_type": 3,
                                            "timezone": "UTC"
                                        }
                                    }
                                ]
                            }
                        },
                        {
                            "id": 271057012,
                            "name": "Nitrogen Sports",
                            "odds": {
                                "data": [
                                    {
                                        "label": "1",
                                        "value": "2.71",
                                        "probability": "36.9%",
                                        "dp3": "2.712",
                                        "american": 171,
                                        "factional": null,
                                        "winning": false,
                                        "handicap": null,
                                        "total": null,
                                        "bookmaker_event_id": null,
                                        "last_update": {
                                            "date": "2019-09-15 06:16:42.000000",
                                            "timezone_type": 3,
                                            "timezone": "UTC"
                                        }
                                    },
                                    {
                                        "label": "X",
                                        "value": "4.06",
                                        "probability": "24.63%",
                                        "dp3": "4.060",
                                        "american": 305,
                                        "factional": null,
                                        "winning": false,
                                        "handicap": null,
                                        "total": null,
                                        "bookmaker_event_id": null,
                                        "last_update": {
                                            "date": "2019-09-15 06:16:42.000000",
                                            "timezone_type": 3,
                                            "timezone": "UTC"
                                        }
                                    },
                                    {
                                        "label": "2",
                                        "value": "2.28",
                                        "probability": "43.86%",
                                        "dp3": "2.275",
                                        "american": 127,
                                        "factional": null,
                                        "winning": true,
                                        "handicap": null,
                                        "total": null,
                                        "bookmaker_event_id": null,
                                        "last_update": {
                                            "date": "2019-09-15 06:16:42.000000",
                                            "timezone_type": 3,
                                            "timezone": "UTC"
                                        }
                                    }
                                ]
                            }
                        },
                        {
                            "id": 36,
                            "name": "Marathonbet",
                            "odds": {
                                "data": [
                                    {
                                        "label": "1",
                                        "value": "2.76",
                                        "probability": "36.23%",
                                        "dp3": "2.760",
                                        "american": 175,
                                        "factional": null,
                                        "winning": false,
                                        "handicap": null,
                                        "total": null,
                                        "bookmaker_event_id": null,
                                        "last_update": {
                                            "date": "2019-09-15 02:59:29.000000",
                                            "timezone_type": 3,
                                            "timezone": "UTC"
                                        }
                                    },
                                    {
                                        "label": "X",
                                        "value": "4.05",
                                        "probability": "24.69%",
                                        "dp3": "4.050",
                                        "american": 305,
                                        "factional": null,
                                        "winning": false,
                                        "handicap": null,
                                        "total": null,
                                        "bookmaker_event_id": null,
                                        "last_update": {
                                            "date": "2019-09-15 02:59:29.000000",
                                            "timezone_type": 3,
                                            "timezone": "UTC"
                                        }
                                    },
                                    {
                                        "label": "2",
                                        "value": "2.20",
                                        "probability": "45.45%",
                                        "dp3": "2.200",
                                        "american": 120,
                                        "factional": null,
                                        "winning": true,
                                        "handicap": null,
                                        "total": null,
                                        "bookmaker_event_id": null,
                                        "last_update": {
                                            "date": "2019-09-15 02:59:29.000000",
                                            "timezone_type": 3,
                                            "timezone": "UTC"
                                        }
                                    }
                                ]
                            }
                        },
                        {
                            "id": 21,
                            "name": "BetVictor",
                            "odds": {
                                "data": [
                                    {
                                        "label": "1",
                                        "value": "2.30",
                                        "probability": "43.48%",
                                        "dp3": "2.300",
                                        "american": 129,
                                        "factional": null,
                                        "winning": false,
                                        "handicap": null,
                                        "total": null,
                                        "bookmaker_event_id": null,
                                        "last_update": {
                                            "date": "2019-09-15 06:28:44.000000",
                                            "timezone_type": 3,
                                            "timezone": "UTC"
                                        }
                                    },
                                    {
                                        "label": "X",
                                        "value": "3.80",
                                        "probability": "26.32%",
                                        "dp3": "3.800",
                                        "american": 280,
                                        "factional": null,
                                        "winning": false,
                                        "handicap": null,
                                        "total": null,
                                        "bookmaker_event_id": null,
                                        "last_update": {
                                            "date": "2019-09-15 06:28:44.000000",
                                            "timezone_type": 3,
                                            "timezone": "UTC"
                                        }
                                    },
                                    {
                                        "label": "2",
                                        "value": "2.38",
                                        "probability": "42.02%",
                                        "dp3": "2.375",
                                        "american": 138,
                                        "factional": null,
                                        "winning": true,
                                        "handicap": null,
                                        "total": null,
                                        "bookmaker_event_id": null,
                                        "last_update": {
                                            "date": "2019-09-15 06:28:44.000000",
                                            "timezone_type": 3,
                                            "timezone": "UTC"
                                        }
                                    }
                                ]
                            }
                        },
                        {
                            "id": 187,
                            "name": "WilliamHill",
                            "odds": {
                                "data": [
                                    {
                                        "label": "1",
                                        "value": "2.60",
                                        "probability": "38.46%",
                                        "dp3": "2.600",
                                        "american": 160,
                                        "factional": null,
                                        "winning": false,
                                        "handicap": null,
                                        "total": null,
                                        "bookmaker_event_id": null,
                                        "last_update": {
                                            "date": "2019-09-15 03:30:50.000000",
                                            "timezone_type": 3,
                                            "timezone": "UTC"
                                        }
                                    },
                                    {
                                        "label": "X",
                                        "value": "4.00",
                                        "probability": "25%",
                                        "dp3": "4.000",
                                        "american": 300,
                                        "factional": null,
                                        "winning": false,
                                        "handicap": null,
                                        "total": null,
                                        "bookmaker_event_id": null,
                                        "last_update": {
                                            "date": "2019-09-15 03:30:50.000000",
                                            "timezone_type": 3,
                                            "timezone": "UTC"
                                        }
                                    },
                                    {
                                        "label": "2",
                                        "value": "2.10",
                                        "probability": "47.62%",
                                        "dp3": "2.100",
                                        "american": 110,
                                        "factional": null,
                                        "winning": true,
                                        "handicap": null,
                                        "total": null,
                                        "bookmaker_event_id": null,
                                        "last_update": {
                                            "date": "2019-09-15 03:30:50.000000",
                                            "timezone_type": 3,
                                            "timezone": "UTC"
                                        }
                                    }
                                ]
                            }
                        },
                        {
                            "id": 129,
                            "name": "Interwetten",
                            "odds": {
                                "data": [
                                    {
                                        "label": "1",
                                        "value": "2.60",
                                        "probability": "38.46%",
                                        "dp3": "2.600",
                                        "american": 160,
                                        "factional": null,
                                        "winning": false,
                                        "handicap": null,
                                        "total": null,
                                        "bookmaker_event_id": null,
                                        "last_update": {
                                            "date": "2019-09-15 06:19:57.000000",
                                            "timezone_type": 3,
                                            "timezone": "UTC"
                                        }
                                    },
                                    {
                                        "label": "X",
                                        "value": "3.85",
                                        "probability": "25.97%",
                                        "dp3": "3.850",
                                        "american": 285,
                                        "factional": null,
                                        "winning": false,
                                        "handicap": null,
                                        "total": null,
                                        "bookmaker_event_id": null,
                                        "last_update": {
                                            "date": "2019-09-15 06:19:57.000000",
                                            "timezone_type": 3,
                                            "timezone": "UTC"
                                        }
                                    },
                                    {
                                        "label": "2",
                                        "value": "2.20",
                                        "probability": "45.45%",
                                        "dp3": "2.200",
                                        "american": 120,
                                        "factional": null,
                                        "winning": true,
                                        "handicap": null,
                                        "total": null,
                                        "bookmaker_event_id": null,
                                        "last_update": {
                                            "date": "2019-09-15 06:19:57.000000",
                                            "timezone_type": 3,
                                            "timezone": "UTC"
                                        }
                                    }
                                ]
                            }
                        },
                        {
                            "id": 271057013,
                            "name": "Skybet",
                            "odds": {
                                "data": [
                                    {
                                        "label": "1",
                                        "value": "2.70",
                                        "probability": "37.04%",
                                        "dp3": "2.700",
                                        "american": 170,
                                        "factional": null,
                                        "winning": false,
                                        "handicap": null,
                                        "total": null,
                                        "bookmaker_event_id": null,
                                        "last_update": {
                                            "date": "2019-09-15 04:53:32.000000",
                                            "timezone_type": 3,
                                            "timezone": "UTC"
                                        }
                                    },
                                    {
                                        "label": "X",
                                        "value": "3.60",
                                        "probability": "27.78%",
                                        "dp3": "3.600",
                                        "american": 260,
                                        "factional": null,
                                        "winning": false,
                                        "handicap": null,
                                        "total": null,
                                        "bookmaker_event_id": null,
                                        "last_update": {
                                            "date": "2019-09-15 04:53:32.000000",
                                            "timezone_type": 3,
                                            "timezone": "UTC"
                                        }
                                    },
                                    {
                                        "label": "2",
                                        "value": "2.10",
                                        "probability": "47.62%",
                                        "dp3": "2.100",
                                        "american": 110,
                                        "factional": null,
                                        "winning": true,
                                        "handicap": null,
                                        "total": null,
                                        "bookmaker_event_id": null,
                                        "last_update": {
                                            "date": "2019-09-15 04:53:32.000000",
                                            "timezone_type": 3,
                                            "timezone": "UTC"
                                        }
                                    }
                                ]
                            }
                        },
                        {
                            "id": 11,
                            "name": "Bet-At-Home",
                            "odds": {
                                "data": [
                                    {
                                        "label": "1",
                                        "value": "2.57",
                                        "probability": "38.91%",
                                        "dp3": "2.570",
                                        "american": 156,
                                        "factional": null,
                                        "winning": false,
                                        "handicap": null,
                                        "total": null,
                                        "bookmaker_event_id": null,
                                        "last_update": {
                                            "date": "2019-09-15 06:14:43.000000",
                                            "timezone_type": 3,
                                            "timezone": "UTC"
                                        }
                                    },
                                    {
                                        "label": "X",
                                        "value": "3.75",
                                        "probability": "26.67%",
                                        "dp3": "3.750",
                                        "american": 275,
                                        "factional": null,
                                        "winning": false,
                                        "handicap": null,
                                        "total": null,
                                        "bookmaker_event_id": null,
                                        "last_update": {
                                            "date": "2019-09-15 06:14:43.000000",
                                            "timezone_type": 3,
                                            "timezone": "UTC"
                                        }
                                    },
                                    {
                                        "label": "2",
                                        "value": "2.15",
                                        "probability": "46.51%",
                                        "dp3": "2.150",
                                        "american": 114,
                                        "factional": null,
                                        "winning": true,
                                        "handicap": null,
                                        "total": null,
                                        "bookmaker_event_id": null,
                                        "last_update": {
                                            "date": "2019-09-15 06:14:43.000000",
                                            "timezone_type": 3,
                                            "timezone": "UTC"
                                        }
                                    }
                                ]
                            }
                        },
                        {
                            "id": 27,
                            "name": "Intertops",
                            "odds": {
                                "data": [
                                    {
                                        "label": "1",
                                        "value": "2.55",
                                        "probability": "39.22%",
                                        "dp3": "2.550",
                                        "american": 154,
                                        "factional": null,
                                        "winning": false,
                                        "handicap": null,
                                        "total": null,
                                        "bookmaker_event_id": null,
                                        "last_update": {
                                            "date": "2019-09-15 06:14:32.000000",
                                            "timezone_type": 3,
                                            "timezone": "UTC"
                                        }
                                    },
                                    {
                                        "label": "X",
                                        "value": "3.85",
                                        "probability": "25.97%",
                                        "dp3": "3.850",
                                        "american": 285,
                                        "factional": null,
                                        "winning": false,
                                        "handicap": null,
                                        "total": null,
                                        "bookmaker_event_id": null,
                                        "last_update": {
                                            "date": "2019-09-15 06:14:32.000000",
                                            "timezone_type": 3,
                                            "timezone": "UTC"
                                        }
                                    },
                                    {
                                        "label": "2",
                                        "value": "2.15",
                                        "probability": "46.51%",
                                        "dp3": "2.150",
                                        "american": 114,
                                        "factional": null,
                                        "winning": true,
                                        "handicap": null,
                                        "total": null,
                                        "bookmaker_event_id": null,
                                        "last_update": {
                                            "date": "2019-09-15 06:14:32.000000",
                                            "timezone_type": 3,
                                            "timezone": "UTC"
                                        }
                                    }
                                ]
                            }
                        },
                        {
                            "id": 150,
                            "name": "bwin",
                            "odds": {
                                "data": [
                                    {
                                        "label": "1",
                                        "value": "2.70",
                                        "probability": "37.04%",
                                        "dp3": "2.700",
                                        "american": 170,
                                        "factional": null,
                                        "winning": false,
                                        "handicap": null,
                                        "total": null,
                                        "bookmaker_event_id": null,
                                        "last_update": {
                                            "date": "2019-09-15 06:00:25.000000",
                                            "timezone_type": 3,
                                            "timezone": "UTC"
                                        }
                                    },
                                    {
                                        "label": "X",
                                        "value": "3.80",
                                        "probability": "26.32%",
                                        "dp3": "3.800",
                                        "american": 280,
                                        "factional": null,
                                        "winning": false,
                                        "handicap": null,
                                        "total": null,
                                        "bookmaker_event_id": null,
                                        "last_update": {
                                            "date": "2019-09-15 06:00:25.000000",
                                            "timezone_type": 3,
                                            "timezone": "UTC"
                                        }
                                    },
                                    {
                                        "label": "2",
                                        "value": "2.10",
                                        "probability": "47.62%",
                                        "dp3": "2.100",
                                        "american": 110,
                                        "factional": null,
                                        "winning": true,
                                        "handicap": null,
                                        "total": null,
                                        "bookmaker_event_id": null,
                                        "last_update": {
                                            "date": "2019-09-15 06:00:25.000000",
                                            "timezone_type": 3,
                                            "timezone": "UTC"
                                        }
                                    }
                                ]
                            }
                        },
                        {
                            "id": 23,
                            "name": "Coral",
                            "odds": {
                                "data": [
                                    {
                                        "label": "1",
                                        "value": "2.55",
                                        "probability": "39.22%",
                                        "dp3": "2.550",
                                        "american": 154,
                                        "factional": null,
                                        "winning": false,
                                        "handicap": null,
                                        "total": null,
                                        "bookmaker_event_id": null,
                                        "last_update": {
                                            "date": "2019-09-15 06:12:37.000000",
                                            "timezone_type": 3,
                                            "timezone": "UTC"
                                        }
                                    },
                                    {
                                        "label": "X",
                                        "value": "3.60",
                                        "probability": "27.78%",
                                        "dp3": "3.600",
                                        "american": 260,
                                        "factional": null,
                                        "winning": false,
                                        "handicap": null,
                                        "total": null,
                                        "bookmaker_event_id": null,
                                        "last_update": {
                                            "date": "2019-09-15 06:12:37.000000",
                                            "timezone_type": 3,
                                            "timezone": "UTC"
                                        }
                                    },
                                    {
                                        "label": "2",
                                        "value": "2.25",
                                        "probability": "44.44%",
                                        "dp3": "2.250",
                                        "american": 125,
                                        "factional": null,
                                        "winning": true,
                                        "handicap": null,
                                        "total": null,
                                        "bookmaker_event_id": null,
                                        "last_update": {
                                            "date": "2019-09-15 06:12:37.000000",
                                            "timezone_type": 3,
                                            "timezone": "UTC"
                                        }
                                    }
                                ]
                            }
                        },
                        {
                            "id": 271056727,
                            "name": "Planetwin365",
                            "odds": {
                                "data": [
                                    {
                                        "label": "1",
                                        "value": "2.63",
                                        "probability": "38.02%",
                                        "dp3": "2.630",
                                        "american": 163,
                                        "factional": null,
                                        "winning": false,
                                        "handicap": null,
                                        "total": null,
                                        "bookmaker_event_id": null,
                                        "last_update": {
                                            "date": "2019-09-15 06:16:50.000000",
                                            "timezone_type": 3,
                                            "timezone": "UTC"
                                        }
                                    },
                                    {
                                        "label": "X",
                                        "value": "4.03",
                                        "probability": "24.81%",
                                        "dp3": "4.030",
                                        "american": 303,
                                        "factional": null,
                                        "winning": false,
                                        "handicap": null,
                                        "total": null,
                                        "bookmaker_event_id": null,
                                        "last_update": {
                                            "date": "2019-09-15 06:16:50.000000",
                                            "timezone_type": 3,
                                            "timezone": "UTC"
                                        }
                                    },
                                    {
                                        "label": "2",
                                        "value": "2.12",
                                        "probability": "47.17%",
                                        "dp3": "2.120",
                                        "american": 112,
                                        "factional": null,
                                        "winning": true,
                                        "handicap": null,
                                        "total": null,
                                        "bookmaker_event_id": null,
                                        "last_update": {
                                            "date": "2019-09-15 06:16:50.000000",
                                            "timezone_type": 3,
                                            "timezone": "UTC"
                                        }
                                    }
                                ]
                            }
                        },
                        {
                            "id": 114,
                            "name": "Betsson",
                            "odds": {
                                "data": [
                                    {
                                        "label": "1",
                                        "value": "2.50",
                                        "probability": "40%",
                                        "dp3": "2.500",
                                        "american": 150,
                                        "factional": null,
                                        "winning": false,
                                        "handicap": null,
                                        "total": null,
                                        "bookmaker_event_id": null,
                                        "last_update": {
                                            "date": "2019-09-15 06:15:52.000000",
                                            "timezone_type": 3,
                                            "timezone": "UTC"
                                        }
                                    },
                                    {
                                        "label": "X",
                                        "value": "3.75",
                                        "probability": "26.67%",
                                        "dp3": "3.750",
                                        "american": 275,
                                        "factional": null,
                                        "winning": false,
                                        "handicap": null,
                                        "total": null,
                                        "bookmaker_event_id": null,
                                        "last_update": {
                                            "date": "2019-09-15 06:15:52.000000",
                                            "timezone_type": 3,
                                            "timezone": "UTC"
                                        }
                                    },
                                    {
                                        "label": "2",
                                        "value": "2.15",
                                        "probability": "46.51%",
                                        "dp3": "2.150",
                                        "american": 114,
                                        "factional": null,
                                        "winning": true,
                                        "handicap": null,
                                        "total": null,
                                        "bookmaker_event_id": null,
                                        "last_update": {
                                            "date": "2019-09-15 06:15:52.000000",
                                            "timezone_type": 3,
                                            "timezone": "UTC"
                                        }
                                    }
                                ]
                            }
                        },
                        {
                            "id": 25,
                            "name": "Dafabet",
                            "odds": {
                                "data": [
                                    {
                                        "label": "1",
                                        "value": "2.56",
                                        "probability": "39.06%",
                                        "dp3": "2.560",
                                        "american": 156,
                                        "factional": null,
                                        "winning": false,
                                        "handicap": null,
                                        "total": null,
                                        "bookmaker_event_id": null,
                                        "last_update": {
                                            "date": "2019-09-15 06:26:25.000000",
                                            "timezone_type": 3,
                                            "timezone": "UTC"
                                        }
                                    },
                                    {
                                        "label": "X",
                                        "value": "3.89",
                                        "probability": "25.71%",
                                        "dp3": "3.890",
                                        "american": 289,
                                        "factional": null,
                                        "winning": false,
                                        "handicap": null,
                                        "total": null,
                                        "bookmaker_event_id": null,
                                        "last_update": {
                                            "date": "2019-09-15 06:26:25.000000",
                                            "timezone_type": 3,
                                            "timezone": "UTC"
                                        }
                                    },
                                    {
                                        "label": "2",
                                        "value": "2.31",
                                        "probability": "43.29%",
                                        "dp3": "2.310",
                                        "american": 131,
                                        "factional": null,
                                        "winning": true,
                                        "handicap": null,
                                        "total": null,
                                        "bookmaker_event_id": null,
                                        "last_update": {
                                            "date": "2019-09-15 06:26:25.000000",
                                            "timezone_type": 3,
                                            "timezone": "UTC"
                                        }
                                    }
                                ]
                            }
                        }
                    ]
                }
            },
            {
                "id": 28,
                "name": "Asian Handicap",
                "suspended": false,
                "bookmaker": {
                    "data": [
                        {
                            "id": 271057012,
                            "name": "Nitrogen Sports",
                            "odds": {
                                "data": [
                                    {
                                        "label": "Home",
                                        "value": 2.08,
                                        "probability": "48.08%",
                                        "dp3": "2.080",
                                        "american": 108,
                                        "factional": null,
                                        "winning": false,
                                        "handicap": "-0.00",
                                        "total": null,
                                        "bookmaker_event_id": null,
                                        "last_update": {
                                            "date": "2019-09-15 06:16:42.000000",
                                            "timezone_type": 3,
                                            "timezone": "UTC"
                                        }
                                    },
                                    {
                                        "label": "Away",
                                        "value": 1.74,
                                        "probability": "57.47%",
                                        "dp3": "1.740",
                                        "american": -136,
                                        "factional": null,
                                        "winning": false,
                                        "handicap": "+0.00",
                                        "total": null,
                                        "bookmaker_event_id": null,
                                        "last_update": {
                                            "date": "2019-09-15 06:16:42.000000",
                                            "timezone_type": 3,
                                            "timezone": "UTC"
                                        }
                                    }
                                ]
                            }
                        },
                        {
                            "id": 21,
                            "name": "BetVictor",
                            "odds": {
                                "data": [
                                    {
                                        "label": "Home",
                                        "value": 1.9,
                                        "probability": "52.63%",
                                        "dp3": "1.90",
                                        "american": -112,
                                        "factional": null,
                                        "winning": false,
                                        "handicap": "-0",
                                        "total": null,
                                        "bookmaker_event_id": null,
                                        "last_update": {
                                            "date": "2019-09-15 06:19:42.000000",
                                            "timezone_type": 3,
                                            "timezone": "UTC"
                                        }
                                    },
                                    {
                                        "label": "Away",
                                        "value": 1.87,
                                        "probability": "53.48%",
                                        "dp3": "1.870",
                                        "american": -115,
                                        "factional": null,
                                        "winning": false,
                                        "handicap": "+0",
                                        "total": null,
                                        "bookmaker_event_id": null,
                                        "last_update": {
                                            "date": "2019-09-15 06:19:42.000000",
                                            "timezone_type": 3,
                                            "timezone": "UTC"
                                        }
                                    }
                                ]
                            }
                        }
                    ]
                }
            }
        ]
    }
}