{
    "id": 376260,
    "league_id": 486,
    "season_id": 828,
    "stage_id": 1560,
    "round_id": 27101,
    "group_id": null,
    "aggregate_id": null,
    "venue_id": 4255,
    "referee_id": 3406,
    "localteam_id": 6564,
    "visitorteam_id": 391,
    "winner_team_id": 6564,
    "weather_report": null,
    "commentaries": false,
    "attendance": null,
    "pitch": null,
    "details": null,
    "neutral_venue": false,
    "winning_odds_calculated": true,
    "formations": {
        "localteam_formation": "3-1-4-2",
        "visitorteam_formation": "5-3-2"
    },
    "scores": {
        "localteam_score": 1,
        "visitorteam_score": 0,
        "localteam_pen_score": null,
        "visitorteam_pen_score": null,
        "ht_score": "1-0",
        "ft_score": "1-0",
        "et_score": null
    },
    "time": {
        "status": "FT",
        "starting_at": {
            "date_time": "2017-04-25 16:30:00",
            "date": "2017-04-25",
            "time": "16:30:00",
            "timestamp": 1493137800,
            "timezone": "UTC"
        },
        "minute": 90,
        "second": null,
        "added_time": null,
        "extra_minute": null,
        "injury_time": null
    },
    "coaches": {
        "localteam_coach_id": 458564,
        "visitorteam_coach_id": 169214
    },
    "standings": {
        "localteam_position": null,
        "visitorteam_position": null
    },
    "assistants": {
        "first_assistant_id": null,
        "second_assistant_id": null,
        "fourth_official_id": null
    },
    "leg": null,
    "colors": null,
    "deleted": false,
    "localTeam": {
        "data": {
            "id": 6564,
            "legacy_id": 512,
            "name": "Rostov",
            "short_code": "FCR",
            "twitter": null,
            "country_id": 227,
            "national_team": false,
            "founded": 1930,
            "logo_path": "https://cdn.sportmonks.com/images//soccer/teams/4/6564.png",
            "venue_id": 219227,
            "current_season_id": 12996
        }
    },
    "visitorTeam": {
        "data": {
            "id": 391,
            "legacy_id": 507,
            "name": "Ufa",
            "short_code": "UFA",
            "twitter": null,
            "country_id": 227,
            "national_team": false,
            "founded": 2009,
            "logo_path": "https://cdn.sportmonks.com/images//soccer/teams/7/391.png",
            "venue_id": 8792,
            "current_season_id": 12996
        }
    },
    "league": {
        "data": {
            "id": 486,
            "active": true,
            "type": "domestic",
            "legacy_id": 42,
            "country_id": 227,
            "logo_path": null,
            "name": "Premier League",
            "is_cup": false,
            "current_season_id": 16021,
            "current_round_id": 169532,
            "current_stage_id": 77443803,
            "live_standings": true,
            "coverage": {
                "predictions": 1,
                "topscorer_goals": true,
                "topscorer_assists": true,
                "topscorer_cards": true
            }
        }
    },
    "events": {
        "data": [
            {
                "id": 8733602,
                "team_id": "391",
                "type": "yellowcard",
                "fixture_id": 376260,
                "player_id": 170167,
                "player_name": "I. Bezdenezhnykh",
                "related_player_id": null,
                "related_player_name": null,
                "minute": 21,
                "extra_minute": null,
                "reason": null,
                "injuried": null,
                "result": null
            },
            {
                "id": 8733578,
                "team_id": "6564",
                "type": "goal",
                "fixture_id": 376260,
                "player_id": 169801,
                "player_name": "D. Poloz",
                "related_player_id": 108968,
                "related_player_name": "C. Noboa",
                "minute": 23,
                "extra_minute": null,
                "reason": null,
                "injuried": null,
                "result": null
            },
            {
                "id": 8733611,
                "team_id": "6564",
                "type": "substitution",
                "fixture_id": 376260,
                "player_id": 169826,
                "player_name": "P. Mogilevets",
                "related_player_id": 165459,
                "related_player_name": "M. Mevlja",
                "minute": 27,
                "extra_minute": null,
                "reason": null,
                "injuried": true,
                "result": null
            },
            {
                "id": 8733594,
                "team_id": "391",
                "type": "yellowcard",
                "fixture_id": 376260,
                "player_id": 165417,
                "player_name": "C. Carp",
                "related_player_id": null,
                "related_player_name": null,
                "minute": 28,
                "extra_minute": null,
                "reason": "Foul",
                "injuried": null,
                "result": null
            },
            {
                "id": 8733633,
                "team_id": "391",
                "type": "substitution",
                "fixture_id": 376260,
                "player_id": 83530,
                "player_name": "S. Igboun",
                "related_player_id": 62838,
                "related_player_name": "K. Fatai",
                "minute": 38,
                "extra_minute": null,
                "reason": null,
                "injuried": null,
                "result": null
            },
            {
                "id": 8733586,
                "team_id": "391",
                "type": "yellowcard",
                "fixture_id": 376260,
                "player_id": 170027,
                "player_name": "A. Nikitin",
                "related_player_id": null,
                "related_player_name": null,
                "minute": 53,
                "extra_minute": null,
                "reason": null,
                "injuried": null,
                "result": null
            },
            {
                "id": 8733619,
                "team_id": "6564",
                "type": "substitution",
                "fixture_id": 376260,
                "player_id": 169827,
                "player_name": "M. Dević",
                "related_player_id": 169790,
                "related_player_name": "S. Azmoun",
                "minute": 66,
                "extra_minute": null,
                "reason": null,
                "injuried": null,
                "result": null
            },
            {
                "id": 8733641,
                "team_id": "391",
                "type": "substitution",
                "fixture_id": 376260,
                "player_id": 170648,
                "player_name": "I. Oblyakov",
                "related_player_id": 170167,
                "related_player_name": "I. Bezdenezhnykh",
                "minute": 70,
                "extra_minute": null,
                "reason": null,
                "injuried": null,
                "result": null
            },
            {
                "id": 8733626,
                "team_id": "6564",
                "type": "substitution",
                "fixture_id": 376260,
                "player_id": 70722,
                "player_name": "A. Prepeliță",
                "related_player_id": 169801,
                "related_player_name": "D. Poloz",
                "minute": 76,
                "extra_minute": null,
                "reason": null,
                "injuried": null,
                "result": null
            },
            {
                "id": 8733650,
                "team_id": "391",
                "type": "substitution",
                "fixture_id": 376260,
                "player_id": 169896,
                "player_name": "D. Sysuev",
                "related_player_id": 170006,
                "related_player_name": "A. Zaseev",
                "minute": 84,
                "extra_minute": null,
                "reason": null,
                "injuried": null,
                "result": null
            }
        ]
    },
    "odds": {
        "data": []
    }
}