{
    "id": 375731,
    "league_id": 486,
    "season_id": 828,
    "stage_id": 1560,
    "round_id": 27095,
    "group_id": null,
    "aggregate_id": null,
    "venue_id": 8860,
    "referee_id": 3396,
    "localteam_id": 35,
    "visitorteam_id": 3452,
    "winner_team_id": null,
    "weather_report": null,
    "commentaries": false,
    "attendance": null,
    "pitch": null,
    "details": null,
    "neutral_venue": false,
    "winning_odds_calculated": true,
    "formations": {
        "localteam_formation": "4-4-2",
        "visitorteam_formation": "4-1-4-1"
    },
    "scores": {
        "localteam_score": 0,
        "visitorteam_score": 0,
        "localteam_pen_score": null,
        "visitorteam_pen_score": null,
        "ht_score": "0-0",
        "ft_score": "0-0",
        "et_score": null
    },
    "time": {
        "status": "FT",
        "starting_at": {
            "date_time": "2017-03-11 13:30:00",
            "date": "2017-03-11",
            "time": "13:30:00",
            "timestamp": 1489239000,
            "timezone": "UTC"
        },
        "minute": 90,
        "second": null,
        "added_time": null,
        "extra_minute": null,
        "injury_time": null
    },
    "coaches": {
        "localteam_coach_id": 882973,
        "visitorteam_coach_id": 3181403
    },
    "standings": {
        "localteam_position": null,
        "visitorteam_position": null
    },
    "assistants": {
        "first_assistant_id": null,
        "second_assistant_id": null,
        "fourth_official_id": null
    },
    "leg": null,
    "colors": null,
    "deleted": false,
    "localTeam": {
        "data": {
            "id": 35,
            "legacy_id": 503,
            "name": "Rubin Kazan'",
            "short_code": "RKA",
            "twitter": null,
            "country_id": 227,
            "national_team": false,
            "founded": 1958,
            "logo_path": "https://cdn.sportmonks.com/images//soccer/teams/3/35.png",
            "venue_id": 8869,
            "current_season_id": 12996
        }
    },
    "visitorTeam": {
        "data": {
            "id": 3452,
            "legacy_id": 768,
            "name": "Orenburg",
            "short_code": null,
            "twitter": null,
            "country_id": 227,
            "national_team": false,
            "founded": 0,
            "logo_path": "https://cdn.sportmonks.com/images//soccer/teams/28/3452.png",
            "venue_id": 2012,
            "current_season_id": 12996
        }
    },
    "league": {
        "data": {
            "id": 486,
            "active": true,
            "type": "domestic",
            "legacy_id": 42,
            "country_id": 227,
            "logo_path": null,
            "name": "Premier League",
            "is_cup": false,
            "current_season_id": 16021,
            "current_round_id": 169532,
            "current_stage_id": 77443803,
            "live_standings": true,
            "coverage": {
                "predictions": 1,
                "topscorer_goals": true,
                "topscorer_assists": true,
                "topscorer_cards": true
            }
        }
    },
    "events": {
        "data": [
            {
                "id": 8729605,
                "team_id": "35",
                "type": "yellowcard",
                "fixture_id": 375731,
                "player_id": 169847,
                "player_name": "R. Kambolov",
                "related_player_id": null,
                "related_player_name": null,
                "minute": 15,
                "extra_minute": null,
                "reason": null,
                "injuried": null,
                "result": null
            },
            {
                "id": 8729598,
                "team_id": "35",
                "type": "yellowcard",
                "fixture_id": 375731,
                "player_id": 30871,
                "player_name": "C. Zambrano",
                "related_player_id": null,
                "related_player_name": null,
                "minute": 30,
                "extra_minute": null,
                "reason": null,
                "injuried": null,
                "result": null
            },
            {
                "id": 8729636,
                "team_id": "3452",
                "type": "yellowcard",
                "fixture_id": 375731,
                "player_id": 79684,
                "player_name": "M. Ďuriš",
                "related_player_id": null,
                "related_player_name": null,
                "minute": 60,
                "extra_minute": null,
                "reason": "Foul",
                "injuried": null,
                "result": null
            },
            {
                "id": 8729644,
                "team_id": "35",
                "type": "substitution",
                "fixture_id": 375731,
                "player_id": 73526,
                "player_name": "M. Caktaš",
                "related_player_id": 169847,
                "related_player_name": "R. Kambolov",
                "minute": 65,
                "extra_minute": null,
                "reason": null,
                "injuried": null,
                "result": null
            },
            {
                "id": 8729651,
                "team_id": "35",
                "type": "substitution",
                "fixture_id": 375731,
                "player_id": 169239,
                "player_name": "G. Karadeniz",
                "related_player_id": 170269,
                "related_player_name": "D. Tkachuk",
                "minute": 67,
                "extra_minute": null,
                "reason": null,
                "injuried": null,
                "result": null
            },
            {
                "id": 8729627,
                "team_id": "3452",
                "type": "yellowcard",
                "fixture_id": 375731,
                "player_id": 170635,
                "player_name": "A. Malykh",
                "related_player_id": null,
                "related_player_name": null,
                "minute": 74,
                "extra_minute": null,
                "reason": null,
                "injuried": null,
                "result": null
            },
            {
                "id": 8729619,
                "team_id": "3452",
                "type": "yellowcard",
                "fixture_id": 375731,
                "player_id": 56507,
                "player_name": "M. Sivakov",
                "related_player_id": null,
                "related_player_name": null,
                "minute": 78,
                "extra_minute": null,
                "reason": "Foul",
                "injuried": null,
                "result": null
            },
            {
                "id": 8729658,
                "team_id": "3452",
                "type": "substitution",
                "fixture_id": 375731,
                "player_id": 170118,
                "player_name": "S. Drahun",
                "related_player_id": 169405,
                "related_player_name": "R. Vorobyov",
                "minute": 83,
                "extra_minute": null,
                "reason": null,
                "injuried": false,
                "result": null
            },
            {
                "id": 8729666,
                "team_id": "3452",
                "type": "substitution",
                "fixture_id": 375731,
                "player_id": 170637,
                "player_name": "A. Sanaya",
                "related_player_id": 79684,
                "related_player_name": "M. Ďuriš",
                "minute": 89,
                "extra_minute": null,
                "reason": null,
                "injuried": null,
                "result": null
            },
            {
                "id": 8729613,
                "team_id": "35",
                "type": "yellowcard",
                "fixture_id": 375731,
                "player_id": 169609,
                "player_name": "M. Kanunnikov",
                "related_player_id": null,
                "related_player_name": null,
                "minute": 90,
                "extra_minute": null,
                "reason": null,
                "injuried": null,
                "result": null
            }
        ]
    },
    "odds": {
        "data": []
    }
}