{
    "id": 376295,
    "league_id": 486,
    "season_id": 828,
    "stage_id": 1560,
    "round_id": 27101,
    "group_id": null,
    "aggregate_id": null,
    "venue_id": 8869,
    "referee_id": 3397,
    "localteam_id": 35,
    "visitorteam_id": 3578,
    "winner_team_id": 3578,
    "weather_report": null,
    "commentaries": false,
    "attendance": null,
    "pitch": null,
    "details": null,
    "neutral_venue": false,
    "winning_odds_calculated": true,
    "formations": {
        "localteam_formation": "4-4-2",
        "visitorteam_formation": "5-3-2"
    },
    "scores": {
        "localteam_score": 0,
        "visitorteam_score": 1,
        "localteam_pen_score": null,
        "visitorteam_pen_score": null,
        "ht_score": "0-1",
        "ft_score": "0-1",
        "et_score": null
    },
    "time": {
        "status": "FT",
        "starting_at": {
            "date_time": "2017-04-26 16:30:00",
            "date": "2017-04-26",
            "time": "16:30:00",
            "timestamp": 1493224200,
            "timezone": "UTC"
        },
        "minute": 90,
        "second": null,
        "added_time": null,
        "extra_minute": null,
        "injury_time": null
    },
    "coaches": {
        "localteam_coach_id": 882973,
        "visitorteam_coach_id": 784547
    },
    "standings": {
        "localteam_position": null,
        "visitorteam_position": null
    },
    "assistants": {
        "first_assistant_id": null,
        "second_assistant_id": null,
        "fourth_official_id": null
    },
    "leg": null,
    "colors": null,
    "deleted": false,
    "localTeam": {
        "data": {
            "id": 35,
            "legacy_id": 503,
            "name": "Rubin Kazan'",
            "short_code": "RKA",
            "twitter": null,
            "country_id": 227,
            "national_team": false,
            "founded": 1958,
            "logo_path": "https://cdn.sportmonks.com/images//soccer/teams/3/35.png",
            "venue_id": 8869,
            "current_season_id": 12996
        }
    },
    "visitorTeam": {
        "data": {
            "id": 3578,
            "legacy_id": 505,
            "name": "Akhmat Grozny",
            "short_code": "AKH",
            "twitter": null,
            "country_id": 227,
            "national_team": false,
            "founded": 1958,
            "logo_path": "https://cdn.sportmonks.com/images//soccer/teams/26/3578.png",
            "venue_id": 2097,
            "current_season_id": 12996
        }
    },
    "league": {
        "data": {
            "id": 486,
            "active": true,
            "type": "domestic",
            "legacy_id": 42,
            "country_id": 227,
            "logo_path": null,
            "name": "Premier League",
            "is_cup": false,
            "current_season_id": 16021,
            "current_round_id": 169532,
            "current_stage_id": 77443803,
            "live_standings": true,
            "coverage": {
                "predictions": 1,
                "topscorer_goals": true,
                "topscorer_assists": true,
                "topscorer_cards": true
            }
        }
    },
    "events": {
        "data": [
            {
                "id": 8733864,
                "team_id": "3578",
                "type": "yellowcard",
                "fixture_id": 376295,
                "player_id": 170023,
                "player_name": "D. Kuzyaev",
                "related_player_id": null,
                "related_player_name": null,
                "minute": 15,
                "extra_minute": null,
                "reason": null,
                "injuried": null,
                "result": null
            },
            {
                "id": 8733856,
                "team_id": "3578",
                "type": "yellowcard",
                "fixture_id": 376295,
                "player_id": 135258,
                "player_name": "Z. Pliev",
                "related_player_id": null,
                "related_player_name": null,
                "minute": 24,
                "extra_minute": null,
                "reason": null,
                "injuried": null,
                "result": null
            },
            {
                "id": 8733840,
                "team_id": "35",
                "type": "yellowcard",
                "fixture_id": 376295,
                "player_id": 73526,
                "player_name": "M. Caktaš",
                "related_player_id": null,
                "related_player_name": null,
                "minute": 30,
                "extra_minute": null,
                "reason": null,
                "injuried": null,
                "result": null
            },
            {
                "id": 8733880,
                "team_id": "35",
                "type": "substitution",
                "fixture_id": 376295,
                "player_id": 4223,
                "player_name": "Y. M'Vila",
                "related_player_id": 557,
                "related_player_name": "A. Song",
                "minute": 38,
                "extra_minute": null,
                "reason": null,
                "injuried": null,
                "result": null
            },
            {
                "id": 8733816,
                "team_id": "3578",
                "type": "goal",
                "fixture_id": 376295,
                "player_id": 170058,
                "player_name": "A. Mbengue",
                "related_player_id": null,
                "related_player_name": null,
                "minute": 44,
                "extra_minute": null,
                "reason": null,
                "injuried": null,
                "result": null
            },
            {
                "id": 8733888,
                "team_id": "35",
                "type": "substitution",
                "fixture_id": 376295,
                "player_id": 799,
                "player_name": "Rubén Rochina",
                "related_player_id": 25603,
                "related_player_name": "M. Lestienne",
                "minute": 68,
                "extra_minute": null,
                "reason": null,
                "injuried": null,
                "result": null
            },
            {
                "id": 8733904,
                "team_id": "3578",
                "type": "substitution",
                "fixture_id": 376295,
                "player_id": 128969,
                "player_name": "G. Torje",
                "related_player_id": 169496,
                "related_player_name": "M. Mitrishev",
                "minute": 69,
                "extra_minute": null,
                "reason": null,
                "injuried": null,
                "result": null
            },
            {
                "id": 8733832,
                "team_id": "35",
                "type": "yellowcard",
                "fixture_id": 376295,
                "player_id": 30871,
                "player_name": "C. Zambrano",
                "related_player_id": null,
                "related_player_name": null,
                "minute": 76,
                "extra_minute": null,
                "reason": null,
                "injuried": null,
                "result": null
            },
            {
                "id": 8733872,
                "team_id": "35",
                "type": "yellowcard",
                "fixture_id": 376295,
                "player_id": 4223,
                "player_name": "Y. M'Vila",
                "related_player_id": null,
                "related_player_name": null,
                "minute": 76,
                "extra_minute": null,
                "reason": null,
                "injuried": null,
                "result": null
            },
            {
                "id": 8733896,
                "team_id": "35",
                "type": "substitution",
                "fixture_id": 376295,
                "player_id": 170269,
                "player_name": "D. Tkachuk",
                "related_player_id": 170517,
                "related_player_name": "R. Zhemaletdinov",
                "minute": 78,
                "extra_minute": null,
                "reason": null,
                "injuried": null,
                "result": null
            },
            {
                "id": 8733912,
                "team_id": "3578",
                "type": "substitution",
                "fixture_id": 376295,
                "player_id": 48209,
                "player_name": "B. Balaj",
                "related_player_id": 170058,
                "related_player_name": "A. Mbengue",
                "minute": 79,
                "extra_minute": null,
                "reason": null,
                "injuried": null,
                "result": null
            },
            {
                "id": 8733920,
                "team_id": "3578",
                "type": "substitution",
                "fixture_id": 376295,
                "player_id": 169603,
                "player_name": "O. Ivanov",
                "related_player_id": 169269,
                "related_player_name": "I. Lebedenko",
                "minute": 82,
                "extra_minute": null,
                "reason": null,
                "injuried": null,
                "result": null
            },
            {
                "id": 8733824,
                "team_id": "35",
                "type": "yellowcard",
                "fixture_id": 376295,
                "player_id": 109406,
                "player_name": "Sergio Sánchez",
                "related_player_id": null,
                "related_player_name": null,
                "minute": 83,
                "extra_minute": null,
                "reason": null,
                "injuried": null,
                "result": null
            },
            {
                "id": 8733848,
                "team_id": "3578",
                "type": "yellowcard",
                "fixture_id": 376295,
                "player_id": 170057,
                "player_name": "Rodolfo",
                "related_player_id": null,
                "related_player_name": null,
                "minute": 83,
                "extra_minute": null,
                "reason": null,
                "injuried": null,
                "result": null
            }
        ]
    },
    "odds": {
        "data": []
    }
}