{
    "id": 10411820,
    "league_id": 420,
    "season_id": 13029,
    "stage_id": 7743138,
    "round_id": 153274,
    "group_id": null,
    "aggregate_id": null,
    "venue_id": 4453,
    "referee_id": null,
    "localteam_id": 10462,
    "visitorteam_id": 9824,
    "winner_team_id": 10462,
    "weather_report": null,
    "commentaries": null,
    "attendance": null,
    "pitch": "Good",
    "details": null,
    "neutral_venue": false,
    "winning_odds_calculated": true,
    "formations": {
        "localteam_formation": null,
        "visitorteam_formation": null
    },
    "scores": {
        "localteam_score": 2,
        "visitorteam_score": 1,
        "localteam_pen_score": null,
        "visitorteam_pen_score": null,
        "ht_score": "1-1",
        "ft_score": "2-1",
        "et_score": null
    },
    "time": {
        "status": "FT",
        "starting_at": {
            "date_time": "2019-02-09 13:00:00",
            "date": "2019-02-09",
            "time": "13:00:00",
            "timestamp": 1549717200,
            "timezone": "UTC"
        },
        "minute": 90,
        "second": 0,
        "added_time": 0,
        "extra_minute": null,
        "injury_time": 5
    },
    "coaches": {
        "localteam_coach_id": 43981,
        "visitorteam_coach_id": 11676203
    },
    "standings": {
        "localteam_position": 12,
        "visitorteam_position": 13
    },
    "assistants": {
        "first_assistant_id": null,
        "second_assistant_id": null,
        "fourth_official_id": null
    },
    "leg": "1/1",
    "colors": {
        "localteam": {
            "color": null,
            "kit_colors": null
        },
        "visitorteam": {
            "color": null,
            "kit_colors": null
        }
    },
    "deleted": false,
    "localTeam": {
        "data": {
            "id": 10462,
            "legacy_id": null,
            "name": "Senglea Athletic",
            "short_code": null,
            "twitter": null,
            "country_id": 2756,
            "national_team": false,
            "founded": 0,
            "logo_path": "https://cdn.sportmonks.com/images//soccer/teams/30/10462.png",
            "venue_id": 4453,
            "current_season_id": 13029
        }
    },
    "visitorTeam": {
        "data": {
            "id": 9824,
            "legacy_id": 1723,
            "name": "Pietà Hotspurs",
            "short_code": null,
            "twitter": null,
            "country_id": 2756,
            "national_team": false,
            "founded": null,
            "logo_path": "https://cdn.sportmonks.com/images//soccer/teams/0/9824.png",
            "venue_id": 5052,
            "current_season_id": 13029
        }
    },
    "league": {
        "data": {
            "id": 420,
            "active": true,
            "type": "domestic",
            "legacy_id": 152,
            "country_id": 2756,
            "logo_path": null,
            "name": "Premier League",
            "is_cup": false,
            "current_season_id": 16283,
            "current_round_id": 181738,
            "current_stage_id": 77444896,
            "live_standings": true,
            "coverage": {
                "predictions": 1,
                "topscorer_goals": false,
                "topscorer_assists": false,
                "topscorer_cards": false
            }
        }
    },
    "events": {
        "data": [
            {
                "id": 10411820001,
                "team_id": "9824",
                "type": "yellowcard",
                "fixture_id": 10411820,
                "player_id": 11658059,
                "player_name": "J. Irimiya",
                "related_player_id": null,
                "related_player_name": null,
                "minute": 14,
                "extra_minute": null,
                "reason": null,
                "injuried": null,
                "result": null
            },
            {
                "id": 10411820002,
                "team_id": "9824",
                "type": "yellowcard",
                "fixture_id": 10411820,
                "player_id": 138440,
                "player_name": "U. Umeh",
                "related_player_id": null,
                "related_player_name": null,
                "minute": 16,
                "extra_minute": null,
                "reason": null,
                "injuried": null,
                "result": null
            },
            {
                "id": 10411820003,
                "team_id": "10462",
                "type": "yellowcard",
                "fixture_id": 10411820,
                "player_id": 440877,
                "player_name": "Rômulo",
                "related_player_id": null,
                "related_player_name": null,
                "minute": 18,
                "extra_minute": null,
                "reason": null,
                "injuried": null,
                "result": null
            },
            {
                "id": 10411820004,
                "team_id": "10462",
                "type": "yellowcard",
                "fixture_id": 10411820,
                "player_id": 524528,
                "player_name": "C. Sammut",
                "related_player_id": null,
                "related_player_name": null,
                "minute": 26,
                "extra_minute": null,
                "reason": null,
                "injuried": null,
                "result": null
            },
            {
                "id": 10411820005,
                "team_id": "10462",
                "type": "yellowcard",
                "fixture_id": 10411820,
                "player_id": 18923752,
                "player_name": "A. Mršulja",
                "related_player_id": null,
                "related_player_name": null,
                "minute": 36,
                "extra_minute": null,
                "reason": null,
                "injuried": null,
                "result": null
            },
            {
                "id": 10411820006,
                "team_id": "10462",
                "type": "goal",
                "fixture_id": 10411820,
                "player_id": null,
                "player_name": "Mido",
                "related_player_id": null,
                "related_player_name": null,
                "minute": 38,
                "extra_minute": null,
                "reason": null,
                "injuried": null,
                "result": "1-0"
            },
            {
                "id": 10411820007,
                "team_id": "9824",
                "type": "goal",
                "fixture_id": 10411820,
                "player_id": 467813,
                "player_name": "N. Pisani",
                "related_player_id": null,
                "related_player_name": null,
                "minute": 45,
                "extra_minute": null,
                "reason": null,
                "injuried": null,
                "result": "1-1"
            },
            {
                "id": 10411820008,
                "team_id": "9824",
                "type": "yellowcard",
                "fixture_id": 10411820,
                "player_id": 144098,
                "player_name": "C. Grech",
                "related_player_id": null,
                "related_player_name": null,
                "minute": 55,
                "extra_minute": null,
                "reason": null,
                "injuried": null,
                "result": null
            },
            {
                "id": 10411820009,
                "team_id": "10462",
                "type": "yellowcard",
                "fixture_id": 10411820,
                "player_id": 30096016,
                "player_name": "T. Marukawa",
                "related_player_id": null,
                "related_player_name": null,
                "minute": 56,
                "extra_minute": null,
                "reason": null,
                "injuried": null,
                "result": null
            },
            {
                "id": 10411820010,
                "team_id": "9824",
                "type": "substitution",
                "fixture_id": 10411820,
                "player_id": 144113,
                "player_name": "D. Agius",
                "related_player_id": 144111,
                "related_player_name": "C. Degabriele",
                "minute": 57,
                "extra_minute": null,
                "reason": null,
                "injuried": null,
                "result": null
            },
            {
                "id": 10411820012,
                "team_id": "9824",
                "type": "yellowcard",
                "fixture_id": 10411820,
                "player_id": 147626,
                "player_name": "S. Radovanović",
                "related_player_id": null,
                "related_player_name": null,
                "minute": 59,
                "extra_minute": null,
                "reason": null,
                "injuried": null,
                "result": null
            },
            {
                "id": 10411820011,
                "team_id": "10462",
                "type": "goal",
                "fixture_id": 10411820,
                "player_id": 3187826,
                "player_name": "A. Cáseres",
                "related_player_id": null,
                "related_player_name": null,
                "minute": 59,
                "extra_minute": null,
                "reason": null,
                "injuried": null,
                "result": "2-1"
            },
            {
                "id": 10411820013,
                "team_id": "10462",
                "type": "yellowred",
                "fixture_id": 10411820,
                "player_id": 18923752,
                "player_name": "A. Mršulja",
                "related_player_id": null,
                "related_player_name": null,
                "minute": 63,
                "extra_minute": null,
                "reason": null,
                "injuried": null,
                "result": null
            },
            {
                "id": 10411820014,
                "team_id": "9824",
                "type": "yellowcard",
                "fixture_id": 10411820,
                "player_id": 467816,
                "player_name": "J. Busuttil",
                "related_player_id": null,
                "related_player_name": null,
                "minute": 63,
                "extra_minute": null,
                "reason": null,
                "injuried": null,
                "result": null
            },
            {
                "id": 10411820016,
                "team_id": "9824",
                "type": "yellowcard",
                "fixture_id": 10411820,
                "player_id": 144113,
                "player_name": "D. Agius",
                "related_player_id": null,
                "related_player_name": null,
                "minute": 65,
                "extra_minute": null,
                "reason": null,
                "injuried": null,
                "result": null
            },
            {
                "id": 10411820015,
                "team_id": "10462",
                "type": "substitution",
                "fixture_id": 10411820,
                "player_id": 26328651,
                "player_name": "L. Mallia",
                "related_player_id": 524528,
                "related_player_name": "C. Sammut",
                "minute": 65,
                "extra_minute": null,
                "reason": null,
                "injuried": null,
                "result": null
            },
            {
                "id": 10411820017,
                "team_id": "9824",
                "type": "yellowcard",
                "fixture_id": 10411820,
                "player_id": 144569,
                "player_name": "Tony",
                "related_player_id": null,
                "related_player_name": null,
                "minute": 67,
                "extra_minute": null,
                "reason": null,
                "injuried": null,
                "result": null
            },
            {
                "id": 10411820018,
                "team_id": "10462",
                "type": "substitution",
                "fixture_id": 10411820,
                "player_id": 144599,
                "player_name": "K. Cutajar",
                "related_player_id": 440877,
                "related_player_name": "Rômulo",
                "minute": 73,
                "extra_minute": null,
                "reason": null,
                "injuried": null,
                "result": null
            },
            {
                "id": 10411820019,
                "team_id": "9824",
                "type": "substitution",
                "fixture_id": 10411820,
                "player_id": 467823,
                "player_name": "J. Scicluna",
                "related_player_id": 467813,
                "related_player_name": "N. Pisani",
                "minute": 76,
                "extra_minute": null,
                "reason": null,
                "injuried": null,
                "result": null
            },
            {
                "id": 10411820020,
                "team_id": "10462",
                "type": "yellowcard",
                "fixture_id": 10411820,
                "player_id": 142900,
                "player_name": "L. Grech",
                "related_player_id": 467813,
                "related_player_name": null,
                "minute": 82,
                "extra_minute": null,
                "reason": null,
                "injuried": null,
                "result": null
            },
            {
                "id": 10411820021,
                "team_id": "9824",
                "type": "substitution",
                "fixture_id": 10411820,
                "player_id": 21773309,
                "player_name": "P. Chimezie",
                "related_player_id": 467816,
                "related_player_name": "J. Busuttil",
                "minute": 84,
                "extra_minute": null,
                "reason": null,
                "injuried": null,
                "result": null
            },
            {
                "id": 10411820022,
                "team_id": "10462",
                "type": "yellowcard",
                "fixture_id": 10411820,
                "player_id": 143441,
                "player_name": "M. Farrugia",
                "related_player_id": null,
                "related_player_name": null,
                "minute": 90,
                "extra_minute": null,
                "reason": null,
                "injuried": null,
                "result": null
            },
            {
                "id": 10411820023,
                "team_id": "10462",
                "type": "substitution",
                "fixture_id": 10411820,
                "player_id": 465587,
                "player_name": "G. Camilleri",
                "related_player_id": 30096016,
                "related_player_name": "T. Marukawa",
                "minute": 90,
                "extra_minute": 2,
                "reason": null,
                "injuried": null,
                "result": null
            }
        ]
    },
    "odds": {
        "data": []
    }
}