{
    "id": 10411801,
    "league_id": 420,
    "season_id": 13029,
    "stage_id": 7743138,
    "round_id": 153271,
    "group_id": null,
    "aggregate_id": null,
    "venue_id": 7824,
    "referee_id": null,
    "localteam_id": 10462,
    "visitorteam_id": 8688,
    "winner_team_id": 10462,
    "weather_report": {
        "code": "rain",
        "type": "moderate rain",
        "icon": "https://cdn.sportmonks.com/images/weather/10d.png",
        "temperature": {
            "temp": 44.97,
            "unit": "fahrenheit"
        },
        "clouds": "92%",
        "humidity": "98%",
        "wind": {
            "speed": "7.52 m/s",
            "degree": 35.0025
        }
    },
    "commentaries": null,
    "attendance": null,
    "pitch": "Good",
    "details": null,
    "neutral_venue": false,
    "winning_odds_calculated": true,
    "formations": {
        "localteam_formation": null,
        "visitorteam_formation": null
    },
    "scores": {
        "localteam_score": 4,
        "visitorteam_score": 0,
        "localteam_pen_score": null,
        "visitorteam_pen_score": null,
        "ht_score": "1-0",
        "ft_score": "4-0",
        "et_score": null
    },
    "time": {
        "status": "FT",
        "starting_at": {
            "date_time": "2019-01-13 15:00:00",
            "date": "2019-01-13",
            "time": "15:00:00",
            "timestamp": 1547391600,
            "timezone": "UTC"
        },
        "minute": 90,
        "second": 0,
        "added_time": 0,
        "extra_minute": null,
        "injury_time": 2
    },
    "coaches": {
        "localteam_coach_id": 43981,
        "visitorteam_coach_id": 27527150
    },
    "standings": {
        "localteam_position": 14,
        "visitorteam_position": 13
    },
    "assistants": {
        "first_assistant_id": null,
        "second_assistant_id": null,
        "fourth_official_id": null
    },
    "leg": "1/1",
    "colors": {
        "localteam": {
            "color": null,
            "kit_colors": null
        },
        "visitorteam": {
            "color": null,
            "kit_colors": null
        }
    },
    "deleted": false,
    "localTeam": {
        "data": {
            "id": 10462,
            "legacy_id": null,
            "name": "Senglea Athletic",
            "short_code": null,
            "twitter": null,
            "country_id": 2756,
            "national_team": false,
            "founded": 0,
            "logo_path": "https://cdn.sportmonks.com/images//soccer/teams/30/10462.png",
            "venue_id": 4453,
            "current_season_id": 13029
        }
    },
    "visitorTeam": {
        "data": {
            "id": 8688,
            "legacy_id": 1722,
            "name": "Qormi",
            "short_code": null,
            "twitter": null,
            "country_id": 2756,
            "national_team": false,
            "founded": 1961,
            "logo_path": "https://cdn.sportmonks.com/images//soccer/teams/16/8688.png",
            "venue_id": 182891,
            "current_season_id": 13029
        }
    },
    "league": {
        "data": {
            "id": 420,
            "active": true,
            "type": "domestic",
            "legacy_id": 152,
            "country_id": 2756,
            "logo_path": null,
            "name": "Premier League",
            "is_cup": false,
            "current_season_id": 16283,
            "current_round_id": 181738,
            "current_stage_id": 77444896,
            "live_standings": true,
            "coverage": {
                "predictions": 1,
                "topscorer_goals": false,
                "topscorer_assists": false,
                "topscorer_cards": false
            }
        }
    },
    "events": {
        "data": [
            {
                "id": 10411801001,
                "team_id": "10462",
                "type": "goal",
                "fixture_id": 10411801,
                "player_id": 3187826,
                "player_name": "A. Cáseres",
                "related_player_id": null,
                "related_player_name": null,
                "minute": 13,
                "extra_minute": null,
                "reason": null,
                "injuried": null,
                "result": "1-0"
            },
            {
                "id": 10411801002,
                "team_id": "8688",
                "type": "substitution",
                "fixture_id": 10411801,
                "player_id": 466836,
                "player_name": "T. Gusman",
                "related_player_id": 143194,
                "related_player_name": "M. Borg",
                "minute": 46,
                "extra_minute": null,
                "reason": null,
                "injuried": null,
                "result": null
            },
            {
                "id": 10411801003,
                "team_id": "10462",
                "type": "substitution",
                "fixture_id": 10411801,
                "player_id": 465587,
                "player_name": "G. Camilleri",
                "related_player_id": 142900,
                "related_player_name": "L. Grech",
                "minute": 52,
                "extra_minute": null,
                "reason": null,
                "injuried": null,
                "result": null
            },
            {
                "id": 10411801004,
                "team_id": "8688",
                "type": "yellowcard",
                "fixture_id": 10411801,
                "player_id": 466836,
                "player_name": "T. Gusman",
                "related_player_id": 11347013,
                "related_player_name": null,
                "minute": 60,
                "extra_minute": null,
                "reason": null,
                "injuried": null,
                "result": null
            },
            {
                "id": 10411801005,
                "team_id": "8688",
                "type": "substitution",
                "fixture_id": 10411801,
                "player_id": 143435,
                "player_name": "A. Cassar",
                "related_player_id": 11347013,
                "related_player_name": "Wellington Petinha",
                "minute": 70,
                "extra_minute": null,
                "reason": null,
                "injuried": null,
                "result": null
            },
            {
                "id": 10411801006,
                "team_id": "10462",
                "type": "goal",
                "fixture_id": 10411801,
                "player_id": 452894,
                "player_name": "I. González",
                "related_player_id": 3187826,
                "related_player_name": null,
                "minute": 72,
                "extra_minute": null,
                "reason": null,
                "injuried": null,
                "result": "2-0"
            },
            {
                "id": 10411801007,
                "team_id": "10462",
                "type": "substitution",
                "fixture_id": 10411801,
                "player_id": 144599,
                "player_name": "K. Cutajar",
                "related_player_id": 3187826,
                "related_player_name": "A. Cáseres",
                "minute": 73,
                "extra_minute": null,
                "reason": null,
                "injuried": null,
                "result": null
            },
            {
                "id": 10411801008,
                "team_id": "10462",
                "type": "yellowcard",
                "fixture_id": 10411801,
                "player_id": 143393,
                "player_name": "Romulo",
                "related_player_id": 466834,
                "related_player_name": null,
                "minute": 76,
                "extra_minute": null,
                "reason": null,
                "injuried": null,
                "result": null
            },
            {
                "id": 10411801009,
                "team_id": "8688",
                "type": "substitution",
                "fixture_id": 10411801,
                "player_id": 143393,
                "player_name": "A. Abela",
                "related_player_id": 466834,
                "related_player_name": "I. Zammit",
                "minute": 80,
                "extra_minute": null,
                "reason": null,
                "injuried": null,
                "result": null
            },
            {
                "id": 10411801010,
                "team_id": "10462",
                "type": "goal",
                "fixture_id": 10411801,
                "player_id": 3188115,
                "player_name": "M. García",
                "related_player_id": null,
                "related_player_name": null,
                "minute": 82,
                "extra_minute": null,
                "reason": null,
                "injuried": null,
                "result": "3-0"
            },
            {
                "id": 10411801011,
                "team_id": "10462",
                "type": "goal",
                "fixture_id": 10411801,
                "player_id": null,
                "player_name": "Romulo",
                "related_player_id": null,
                "related_player_name": null,
                "minute": 87,
                "extra_minute": null,
                "reason": null,
                "injuried": null,
                "result": "4-0"
            },
            {
                "id": 10411801012,
                "team_id": "10462",
                "type": "substitution",
                "fixture_id": 10411801,
                "player_id": 468548,
                "player_name": "R. Vella",
                "related_player_id": null,
                "related_player_name": "Romulo",
                "minute": 90,
                "extra_minute": null,
                "reason": null,
                "injuried": null,
                "result": null
            }
        ]
    },
    "odds": {
        "data": []
    }
}