{
    "id": 10411838,
    "league_id": 420,
    "season_id": 13029,
    "stage_id": 7743138,
    "round_id": 153276,
    "group_id": null,
    "aggregate_id": null,
    "venue_id": 974,
    "referee_id": null,
    "localteam_id": 1660,
    "visitorteam_id": 295,
    "winner_team_id": 1660,
    "weather_report": null,
    "commentaries": null,
    "attendance": null,
    "pitch": "Excellent",
    "details": null,
    "neutral_venue": false,
    "winning_odds_calculated": true,
    "formations": {
        "localteam_formation": null,
        "visitorteam_formation": null
    },
    "scores": {
        "localteam_score": 2,
        "visitorteam_score": 1,
        "localteam_pen_score": null,
        "visitorteam_pen_score": null,
        "ht_score": "0-0",
        "ft_score": "2-1",
        "et_score": null
    },
    "time": {
        "status": "FT",
        "starting_at": {
            "date_time": "2019-03-02 15:00:00",
            "date": "2019-03-02",
            "time": "15:00:00",
            "timestamp": 1551538800,
            "timezone": "UTC"
        },
        "minute": 90,
        "second": null,
        "added_time": 0,
        "extra_minute": null,
        "injury_time": 1
    },
    "coaches": {
        "localteam_coach_id": 15434429,
        "visitorteam_coach_id": 456119
    },
    "standings": {
        "localteam_position": 6,
        "visitorteam_position": 4
    },
    "assistants": {
        "first_assistant_id": null,
        "second_assistant_id": null,
        "fourth_official_id": null
    },
    "leg": "1/1",
    "colors": {
        "localteam": {
            "color": null,
            "kit_colors": null
        },
        "visitorteam": {
            "color": null,
            "kit_colors": null
        }
    },
    "deleted": false,
    "localTeam": {
        "data": {
            "id": 1660,
            "legacy_id": 1719,
            "name": "Sliema Wanderers",
            "short_code": null,
            "twitter": null,
            "country_id": 2756,
            "national_team": false,
            "founded": 1909,
            "logo_path": "https://cdn.sportmonks.com/images//soccer/teams/28/1660.png",
            "venue_id": 809,
            "current_season_id": 13029
        }
    },
    "visitorTeam": {
        "data": {
            "id": 295,
            "legacy_id": 8152,
            "name": "Hamrun Spartans",
            "short_code": null,
            "twitter": null,
            "country_id": 2756,
            "national_team": false,
            "founded": 1907,
            "logo_path": "https://cdn.sportmonks.com/images//soccer/teams/7/295.png",
            "venue_id": 5052,
            "current_season_id": 13029
        }
    },
    "league": {
        "data": {
            "id": 420,
            "active": true,
            "type": "domestic",
            "legacy_id": 152,
            "country_id": 2756,
            "logo_path": null,
            "name": "Premier League",
            "is_cup": false,
            "current_season_id": 16283,
            "current_round_id": 181738,
            "current_stage_id": 77444896,
            "live_standings": true,
            "coverage": {
                "predictions": 1,
                "topscorer_goals": false,
                "topscorer_assists": false,
                "topscorer_cards": false
            }
        }
    },
    "events": {
        "data": [
            {
                "id": 10411838001,
                "team_id": "1660",
                "type": "yellowcard",
                "fixture_id": 10411838,
                "player_id": 143795,
                "player_name": "S. Bianciardi",
                "related_player_id": null,
                "related_player_name": null,
                "minute": 38,
                "extra_minute": null,
                "reason": null,
                "injuried": null,
                "result": null
            },
            {
                "id": 10411838002,
                "team_id": "1660",
                "type": "yellowcard",
                "fixture_id": 10411838,
                "player_id": 143360,
                "player_name": "M. Muchardi",
                "related_player_id": null,
                "related_player_name": null,
                "minute": 47,
                "extra_minute": null,
                "reason": null,
                "injuried": null,
                "result": null
            },
            {
                "id": 10411838003,
                "team_id": "295",
                "type": "penalty",
                "fixture_id": 10411838,
                "player_id": 368751,
                "player_name": "M. Criaco",
                "related_player_id": null,
                "related_player_name": null,
                "minute": 49,
                "extra_minute": null,
                "reason": null,
                "injuried": null,
                "result": "0-1"
            },
            {
                "id": 10411838004,
                "team_id": "1660",
                "type": "goal",
                "fixture_id": 10411838,
                "player_id": 63706,
                "player_name": "Y. Bnou Marzouk",
                "related_player_id": null,
                "related_player_name": null,
                "minute": 56,
                "extra_minute": null,
                "reason": null,
                "injuried": null,
                "result": "1-1"
            },
            {
                "id": 10411838005,
                "team_id": "1660",
                "type": "goal",
                "fixture_id": 10411838,
                "player_id": 74084,
                "player_name": "I. Varela",
                "related_player_id": null,
                "related_player_name": null,
                "minute": 62,
                "extra_minute": null,
                "reason": null,
                "injuried": null,
                "result": "2-1"
            },
            {
                "id": 10411838006,
                "team_id": "1660",
                "type": "yellowcard",
                "fixture_id": 10411838,
                "player_id": 144739,
                "player_name": "J. Galea",
                "related_player_id": null,
                "related_player_name": null,
                "minute": 88,
                "extra_minute": null,
                "reason": null,
                "injuried": null,
                "result": null
            }
        ]
    },
    "odds": {
        "data": []
    }
}