{
    "id": 5375127,
    "league_id": 420,
    "season_id": 8110,
    "stage_id": 56620,
    "round_id": null,
    "group_id": null,
    "aggregate_id": null,
    "venue_id": 4453,
    "referee_id": null,
    "localteam_id": 1660,
    "visitorteam_id": 1877,
    "winner_team_id": 1660,
    "weather_report": {
        "code": "clouds",
        "type": "broken clouds",
        "icon": "https://cdn.sportmonks.com/images/weather/04d.png",
        "temperature": {
            "temp": 53.6,
            "unit": "fahrenheit"
        },
        "clouds": "75%",
        "humidity": "66%",
        "wind": {
            "speed": "11.41 m/s",
            "degree": 280
        }
    },
    "commentaries": null,
    "attendance": null,
    "pitch": "Artificial Turf",
    "details": null,
    "neutral_venue": false,
    "winning_odds_calculated": true,
    "formations": {
        "localteam_formation": null,
        "visitorteam_formation": null
    },
    "scores": {
        "localteam_score": 3,
        "visitorteam_score": 0,
        "localteam_pen_score": null,
        "visitorteam_pen_score": null,
        "ht_score": "1-0",
        "ft_score": "3-0",
        "et_score": null
    },
    "time": {
        "status": "FT",
        "starting_at": {
            "date_time": "2017-10-15 15:15:00",
            "date": "2017-10-15",
            "time": "15:15:00",
            "timestamp": 1508080500,
            "timezone": "UTC"
        },
        "minute": 90,
        "second": null,
        "added_time": null,
        "extra_minute": null,
        "injury_time": 4
    },
    "coaches": {
        "localteam_coach_id": null,
        "visitorteam_coach_id": null
    },
    "standings": {
        "localteam_position": 8,
        "visitorteam_position": 10
    },
    "assistants": {
        "first_assistant_id": null,
        "second_assistant_id": null,
        "fourth_official_id": null
    },
    "leg": "1/1",
    "colors": null,
    "deleted": false,
    "localTeam": {
        "data": {
            "id": 1660,
            "legacy_id": 1719,
            "name": "Sliema Wanderers",
            "short_code": null,
            "twitter": null,
            "country_id": 2756,
            "national_team": false,
            "founded": 1909,
            "logo_path": "https://cdn.sportmonks.com/images//soccer/teams/28/1660.png",
            "venue_id": 809,
            "current_season_id": 13029
        }
    },
    "visitorTeam": {
        "data": {
            "id": 1877,
            "legacy_id": 1715,
            "name": "Birkirkara",
            "short_code": null,
            "twitter": null,
            "country_id": 2756,
            "national_team": false,
            "founded": 1950,
            "logo_path": "https://cdn.sportmonks.com/images//soccer/teams/21/1877.png",
            "venue_id": 332558,
            "current_season_id": 13029
        }
    },
    "league": {
        "data": {
            "id": 420,
            "active": true,
            "type": "domestic",
            "legacy_id": 152,
            "country_id": 2756,
            "logo_path": null,
            "name": "Premier League",
            "is_cup": false,
            "current_season_id": 16283,
            "current_round_id": 181738,
            "current_stage_id": 77444896,
            "live_standings": true,
            "coverage": {
                "predictions": 1,
                "topscorer_goals": false,
                "topscorer_assists": false,
                "topscorer_cards": false
            }
        }
    },
    "events": {
        "data": [
            {
                "id": 5375127001,
                "team_id": "1877",
                "type": "yellowcard",
                "fixture_id": 5375127,
                "player_id": 144105,
                "player_name": "C. Attard",
                "related_player_id": null,
                "related_player_name": null,
                "minute": 27,
                "extra_minute": null,
                "reason": null,
                "injuried": null,
                "result": null
            },
            {
                "id": 5375127002,
                "team_id": "1660",
                "type": "goal",
                "fixture_id": 5375127,
                "player_id": 143360,
                "player_name": "M. Muchardi",
                "related_player_id": null,
                "related_player_name": null,
                "minute": 45,
                "extra_minute": null,
                "reason": null,
                "injuried": null,
                "result": "1-0"
            },
            {
                "id": 5375127003,
                "team_id": "1877",
                "type": "substitution",
                "fixture_id": 5375127,
                "player_id": 143123,
                "player_name": "R. Camenzuli",
                "related_player_id": 144105,
                "related_player_name": "C. Attard",
                "minute": 46,
                "extra_minute": null,
                "reason": null,
                "injuried": null,
                "result": null
            },
            {
                "id": 5375127004,
                "team_id": "1660",
                "type": "goal",
                "fixture_id": 5375127,
                "player_id": 143490,
                "player_name": "G. Aquilina",
                "related_player_id": null,
                "related_player_name": null,
                "minute": 57,
                "extra_minute": null,
                "reason": null,
                "injuried": null,
                "result": "2-0"
            },
            {
                "id": 5375127005,
                "team_id": "1877",
                "type": "yellowcard",
                "fixture_id": 5375127,
                "player_id": 142848,
                "player_name": "E. Herrera",
                "related_player_id": null,
                "related_player_name": null,
                "minute": 65,
                "extra_minute": null,
                "reason": null,
                "injuried": null,
                "result": null
            },
            {
                "id": 5375127006,
                "team_id": "1877",
                "type": "substitution",
                "fixture_id": 5375127,
                "player_id": 144167,
                "player_name": "K. Zammit",
                "related_player_id": 60313,
                "related_player_name": "L. Mulemo",
                "minute": 68,
                "extra_minute": null,
                "reason": null,
                "injuried": null,
                "result": null
            },
            {
                "id": 5375127007,
                "team_id": "1660",
                "type": "yellowcard",
                "fixture_id": 5375127,
                "player_id": 143795,
                "player_name": "S. Bianciardi",
                "related_player_id": null,
                "related_player_name": null,
                "minute": 71,
                "extra_minute": null,
                "reason": null,
                "injuried": null,
                "result": null
            },
            {
                "id": 5375127008,
                "team_id": "1877",
                "type": "substitution",
                "fixture_id": 5375127,
                "player_id": 144612,
                "player_name": "M. Guillaumier",
                "related_player_id": 219090,
                "related_player_name": "Carlos Alberto",
                "minute": 76,
                "extra_minute": null,
                "reason": null,
                "injuried": null,
                "result": null
            },
            {
                "id": 5375127009,
                "team_id": "1877",
                "type": "yellowcard",
                "fixture_id": 5375127,
                "player_id": 144684,
                "player_name": "P. Schranz",
                "related_player_id": null,
                "related_player_name": null,
                "minute": 79,
                "extra_minute": null,
                "reason": null,
                "injuried": null,
                "result": null
            },
            {
                "id": 5375127011,
                "team_id": "1660",
                "type": "substitution",
                "fixture_id": 5375127,
                "player_id": 144338,
                "player_name": "P. Xuereb",
                "related_player_id": 143490,
                "related_player_name": "G. Aquilina",
                "minute": 80,
                "extra_minute": null,
                "reason": null,
                "injuried": null,
                "result": null
            },
            {
                "id": 5375127010,
                "team_id": "1660",
                "type": "penalty",
                "fixture_id": 5375127,
                "player_id": 440872,
                "player_name": "Jefferson",
                "related_player_id": null,
                "related_player_name": null,
                "minute": 80,
                "extra_minute": null,
                "reason": null,
                "injuried": null,
                "result": "3-0"
            },
            {
                "id": 5375127012,
                "team_id": "1660",
                "type": "substitution",
                "fixture_id": 5375127,
                "player_id": 143412,
                "player_name": "R. Spiteri",
                "related_player_id": 5336853,
                "related_player_name": "F. Qeros",
                "minute": 87,
                "extra_minute": null,
                "reason": null,
                "injuried": null,
                "result": null
            },
            {
                "id": 5375127013,
                "team_id": "1660",
                "type": "substitution",
                "fixture_id": 5375127,
                "player_id": 457554,
                "player_name": "A. Martinelli",
                "related_player_id": 144181,
                "related_player_name": "F. Temile",
                "minute": 90,
                "extra_minute": 2,
                "reason": null,
                "injuried": null,
                "result": null
            }
        ]
    },
    "odds": {
        "data": []
    }
}