{
    "id": 640614,
    "league_id": 1001,
    "season_id": 987,
    "stage_id": 1915,
    "round_id": 30839,
    "group_id": null,
    "aggregate_id": null,
    "venue_id": 4817,
    "referee_id": null,
    "localteam_id": 7439,
    "visitorteam_id": 5480,
    "winner_team_id": 5480,
    "weather_report": null,
    "commentaries": false,
    "attendance": null,
    "pitch": null,
    "details": null,
    "neutral_venue": false,
    "winning_odds_calculated": true,
    "formations": {
        "localteam_formation": null,
        "visitorteam_formation": null
    },
    "scores": {
        "localteam_score": 0,
        "visitorteam_score": 2,
        "localteam_pen_score": null,
        "visitorteam_pen_score": null,
        "ht_score": "0-0",
        "ft_score": "0-2",
        "et_score": null
    },
    "time": {
        "status": "FT",
        "starting_at": {
            "date_time": "2017-02-19 12:00:00",
            "date": "2017-02-19",
            "time": "12:00:00",
            "timestamp": 1487505600,
            "timezone": "UTC"
        },
        "minute": 90,
        "second": null,
        "added_time": null,
        "extra_minute": null,
        "injury_time": null
    },
    "coaches": {
        "localteam_coach_id": null,
        "visitorteam_coach_id": null
    },
    "standings": {
        "localteam_position": null,
        "visitorteam_position": null
    },
    "assistants": {
        "first_assistant_id": null,
        "second_assistant_id": null,
        "fourth_official_id": null
    },
    "leg": null,
    "colors": null,
    "deleted": false,
    "localTeam": {
        "data": {
            "id": 7439,
            "legacy_id": 2319,
            "name": "South China",
            "short_code": null,
            "twitter": null,
            "country_id": 64306,
            "national_team": false,
            "founded": 1904,
            "logo_path": "https://cdn.sportmonks.com/images//soccer/teams/15/7439.png",
            "venue_id": 290147,
            "current_season_id": 14986
        }
    },
    "visitorTeam": {
        "data": {
            "id": 5480,
            "legacy_id": 6271,
            "name": "Pegasus",
            "short_code": null,
            "twitter": null,
            "country_id": 64306,
            "national_team": false,
            "founded": 2008,
            "logo_path": "https://cdn.sportmonks.com/images//soccer/teams/8/5480.png",
            "venue_id": 642,
            "current_season_id": 13176
        }
    },
    "league": {
        "data": {
            "id": 1001,
            "active": true,
            "type": "domestic",
            "legacy_id": 350,
            "country_id": 64306,
            "logo_path": null,
            "name": "Premier League",
            "is_cup": false,
            "current_season_id": 16570,
            "current_round_id": 182670,
            "current_stage_id": 77445709,
            "live_standings": false,
            "coverage": {
                "predictions": 1,
                "topscorer_goals": false,
                "topscorer_assists": false,
                "topscorer_cards": false
            }
        }
    },
    "events": {
        "data": [
            {
                "id": 10146067,
                "team_id": "5480",
                "type": "goal",
                "fixture_id": 640614,
                "player_id": 314584,
                "player_name": "T. Major",
                "related_player_id": null,
                "related_player_name": null,
                "minute": 51,
                "extra_minute": null,
                "reason": null,
                "injuried": null,
                "result": null
            },
            {
                "id": 10146075,
                "team_id": "5480",
                "type": "goal",
                "fixture_id": 640614,
                "player_id": 314320,
                "player_name": "Leong Ka Hang",
                "related_player_id": null,
                "related_player_name": null,
                "minute": 55,
                "extra_minute": null,
                "reason": null,
                "injuried": null,
                "result": null
            }
        ]
    },
    "odds": {
        "data": []
    }
}