{
    "id": 640989,
    "league_id": 1001,
    "season_id": 987,
    "stage_id": 1915,
    "round_id": 30845,
    "group_id": null,
    "aggregate_id": null,
    "venue_id": 4817,
    "referee_id": null,
    "localteam_id": 7439,
    "visitorteam_id": 2355,
    "winner_team_id": 2355,
    "weather_report": null,
    "commentaries": false,
    "attendance": null,
    "pitch": null,
    "details": null,
    "neutral_venue": false,
    "winning_odds_calculated": true,
    "formations": {
        "localteam_formation": null,
        "visitorteam_formation": null
    },
    "scores": {
        "localteam_score": 0,
        "visitorteam_score": 3,
        "localteam_pen_score": null,
        "visitorteam_pen_score": null,
        "ht_score": "1-2",
        "ft_score": "0-3",
        "et_score": null
    },
    "time": {
        "status": "FT",
        "starting_at": {
            "date_time": "2017-04-22 09:30:00",
            "date": "2017-04-22",
            "time": "09:30:00",
            "timestamp": 1492853400,
            "timezone": "UTC"
        },
        "minute": 90,
        "second": null,
        "added_time": null,
        "extra_minute": null,
        "injury_time": null
    },
    "coaches": {
        "localteam_coach_id": null,
        "visitorteam_coach_id": null
    },
    "standings": {
        "localteam_position": null,
        "visitorteam_position": null
    },
    "assistants": {
        "first_assistant_id": null,
        "second_assistant_id": null,
        "fourth_official_id": null
    },
    "leg": null,
    "colors": null,
    "deleted": false,
    "localTeam": {
        "data": {
            "id": 7439,
            "legacy_id": 2319,
            "name": "South China",
            "short_code": null,
            "twitter": null,
            "country_id": 64306,
            "national_team": false,
            "founded": 1904,
            "logo_path": "https://cdn.sportmonks.com/images//soccer/teams/15/7439.png",
            "venue_id": 290147,
            "current_season_id": 14986
        }
    },
    "visitorTeam": {
        "data": {
            "id": 2355,
            "legacy_id": 2317,
            "name": "Kitchee",
            "short_code": null,
            "twitter": null,
            "country_id": 64306,
            "national_team": false,
            "founded": 1931,
            "logo_path": "https://cdn.sportmonks.com/images//soccer/teams/19/2355.png",
            "venue_id": 642,
            "current_season_id": 13176
        }
    },
    "league": {
        "data": {
            "id": 1001,
            "active": true,
            "type": "domestic",
            "legacy_id": 350,
            "country_id": 64306,
            "logo_path": null,
            "name": "Premier League",
            "is_cup": false,
            "current_season_id": 16570,
            "current_round_id": 182670,
            "current_stage_id": 77445709,
            "live_standings": false,
            "coverage": {
                "predictions": 1,
                "topscorer_goals": false,
                "topscorer_assists": false,
                "topscorer_cards": false
            }
        }
    },
    "events": {
        "data": [
            {
                "id": 10147857,
                "team_id": "2355",
                "type": "yellowcard",
                "fixture_id": 640989,
                "player_id": 313930,
                "player_name": "Daniel Cancela",
                "related_player_id": null,
                "related_player_name": null,
                "minute": 7,
                "extra_minute": null,
                "reason": null,
                "injuried": null,
                "result": null
            },
            {
                "id": 10147835,
                "team_id": "7439",
                "type": "yellowcard",
                "fixture_id": 640989,
                "player_id": 313315,
                "player_name": "Chu Siu Kei",
                "related_player_id": null,
                "related_player_name": null,
                "minute": 20,
                "extra_minute": null,
                "reason": null,
                "injuried": null,
                "result": null
            },
            {
                "id": 10147805,
                "team_id": "2355",
                "type": "goal",
                "fixture_id": 640989,
                "player_id": 314521,
                "player_name": "J. Lum",
                "related_player_id": null,
                "related_player_name": null,
                "minute": 23,
                "extra_minute": null,
                "reason": null,
                "injuried": null,
                "result": null
            },
            {
                "id": 10147850,
                "team_id": "7439",
                "type": "yellowcard",
                "fixture_id": 640989,
                "player_id": 314044,
                "player_name": "Lo Kong Wai",
                "related_player_id": null,
                "related_player_name": null,
                "minute": 28,
                "extra_minute": null,
                "reason": null,
                "injuried": null,
                "result": null
            },
            {
                "id": 10147813,
                "team_id": "2355",
                "type": "goal",
                "fixture_id": 640989,
                "player_id": 313352,
                "player_name": "Gonçalves Hélio",
                "related_player_id": null,
                "related_player_name": null,
                "minute": 31,
                "extra_minute": null,
                "reason": null,
                "injuried": null,
                "result": null
            },
            {
                "id": 10147842,
                "team_id": "7439",
                "type": "yellowcard",
                "fixture_id": 640989,
                "player_id": 314049,
                "player_name": "Leung Kwun Chung",
                "related_player_id": null,
                "related_player_name": null,
                "minute": 48,
                "extra_minute": null,
                "reason": null,
                "injuried": null,
                "result": null
            },
            {
                "id": 10147897,
                "team_id": "2355",
                "type": "substitution",
                "fixture_id": 640989,
                "player_id": 313662,
                "player_name": "Tong Kin Man",
                "related_player_id": 313930,
                "related_player_name": "Daniel Cancela",
                "minute": 54,
                "extra_minute": null,
                "reason": null,
                "injuried": null,
                "result": null
            },
            {
                "id": 10147872,
                "team_id": "7439",
                "type": "substitution",
                "fixture_id": 640989,
                "player_id": 314042,
                "player_name": "Chan Siu Kwan",
                "related_player_id": 314044,
                "related_player_name": "Lo Kong Wai",
                "minute": 61,
                "extra_minute": null,
                "reason": null,
                "injuried": null,
                "result": null
            },
            {
                "id": 10147879,
                "team_id": "7439",
                "type": "substitution",
                "fixture_id": 640989,
                "player_id": 314891,
                "player_name": "Y. Kato",
                "related_player_id": 231048,
                "related_player_name": "Luiz Carlos",
                "minute": 61,
                "extra_minute": null,
                "reason": null,
                "injuried": null,
                "result": null
            },
            {
                "id": 10147891,
                "team_id": "7439",
                "type": "substitution",
                "fixture_id": 640989,
                "player_id": 314451,
                "player_name": "M. Awal",
                "related_player_id": 177031,
                "related_player_name": "B. Mališić",
                "minute": 72,
                "extra_minute": null,
                "reason": null,
                "injuried": null,
                "result": null
            },
            {
                "id": 10147827,
                "team_id": "7439",
                "type": "yellowcard",
                "fixture_id": 640989,
                "player_id": 177853,
                "player_name": "M. Perović",
                "related_player_id": null,
                "related_player_name": null,
                "minute": 73,
                "extra_minute": null,
                "reason": null,
                "injuried": null,
                "result": null
            },
            {
                "id": 10147820,
                "team_id": "2355",
                "type": "goal",
                "fixture_id": 640989,
                "player_id": 313218,
                "player_name": "Sandro",
                "related_player_id": null,
                "related_player_name": null,
                "minute": 76,
                "extra_minute": null,
                "reason": null,
                "injuried": null,
                "result": null
            },
            {
                "id": 10147906,
                "team_id": "2355",
                "type": "substitution",
                "fixture_id": 640989,
                "player_id": 112607,
                "player_name": "Rufino Segovia",
                "related_player_id": 225200,
                "related_player_name": "Fernando",
                "minute": 77,
                "extra_minute": null,
                "reason": null,
                "injuried": null,
                "result": null
            },
            {
                "id": 10147918,
                "team_id": "2355",
                "type": "substitution",
                "fixture_id": 640989,
                "player_id": 313406,
                "player_name": "Lo Kwan Yee",
                "related_player_id": 31459,
                "related_player_name": "Z. Lam",
                "minute": 80,
                "extra_minute": null,
                "reason": null,
                "injuried": null,
                "result": null
            },
            {
                "id": 10147864,
                "team_id": "7439",
                "type": "yellowcard",
                "fixture_id": 640989,
                "player_id": 314891,
                "player_name": "Y. Kato",
                "related_player_id": null,
                "related_player_name": null,
                "minute": 90,
                "extra_minute": 2,
                "reason": null,
                "injuried": null,
                "result": null
            }
        ]
    },
    "odds": {
        "data": []
    }
}