{
    "id": 639926,
    "league_id": 1001,
    "season_id": 987,
    "stage_id": 1915,
    "round_id": 30833,
    "group_id": null,
    "aggregate_id": null,
    "venue_id": 4817,
    "referee_id": null,
    "localteam_id": 7439,
    "visitorteam_id": 18134,
    "winner_team_id": 7439,
    "weather_report": null,
    "commentaries": false,
    "attendance": null,
    "pitch": null,
    "details": null,
    "neutral_venue": false,
    "winning_odds_calculated": true,
    "formations": {
        "localteam_formation": null,
        "visitorteam_formation": null
    },
    "scores": {
        "localteam_score": 4,
        "visitorteam_score": 0,
        "localteam_pen_score": null,
        "visitorteam_pen_score": null,
        "ht_score": "0-0",
        "ft_score": "4-0",
        "et_score": null
    },
    "time": {
        "status": "FT",
        "starting_at": {
            "date_time": "2017-03-08 12:00:00",
            "date": "2017-03-08",
            "time": "12:00:00",
            "timestamp": 1488974400,
            "timezone": "UTC"
        },
        "minute": 90,
        "second": null,
        "added_time": null,
        "extra_minute": null,
        "injury_time": null
    },
    "coaches": {
        "localteam_coach_id": null,
        "visitorteam_coach_id": null
    },
    "standings": {
        "localteam_position": null,
        "visitorteam_position": null
    },
    "assistants": {
        "first_assistant_id": null,
        "second_assistant_id": null,
        "fourth_official_id": null
    },
    "leg": null,
    "colors": null,
    "deleted": false,
    "localTeam": {
        "data": {
            "id": 7439,
            "legacy_id": 2319,
            "name": "South China",
            "short_code": null,
            "twitter": null,
            "country_id": 64306,
            "national_team": false,
            "founded": 1904,
            "logo_path": "https://cdn.sportmonks.com/images//soccer/teams/15/7439.png",
            "venue_id": 290147,
            "current_season_id": 14986
        }
    },
    "visitorTeam": {
        "data": {
            "id": 18134,
            "legacy_id": 2799,
            "name": "Hong Kong",
            "short_code": "HKG",
            "twitter": null,
            "country_id": 64306,
            "national_team": true,
            "founded": 1886,
            "logo_path": "https://cdn.sportmonks.com/images//soccer/teams/22/18134.png",
            "venue_id": 13845,
            "current_season_id": 14986
        }
    },
    "league": {
        "data": {
            "id": 1001,
            "active": true,
            "type": "domestic",
            "legacy_id": 350,
            "country_id": 64306,
            "logo_path": null,
            "name": "Premier League",
            "is_cup": false,
            "current_season_id": 16570,
            "current_round_id": 182670,
            "current_stage_id": 77445709,
            "live_standings": false,
            "coverage": {
                "predictions": 1,
                "topscorer_goals": false,
                "topscorer_assists": false,
                "topscorer_cards": false
            }
        }
    },
    "events": {
        "data": [
            {
                "id": 10143509,
                "team_id": "18134",
                "type": "substitution",
                "fixture_id": 639926,
                "player_id": 314486,
                "player_name": "M. Hampshire",
                "related_player_id": 314519,
                "related_player_name": "S. Nakamura",
                "minute": 17,
                "extra_minute": null,
                "reason": null,
                "injuried": null,
                "result": null
            },
            {
                "id": 10143472,
                "team_id": "18134",
                "type": "yellowcard",
                "fixture_id": 639926,
                "player_id": 314503,
                "player_name": "S. McGurgan",
                "related_player_id": null,
                "related_player_name": null,
                "minute": 35,
                "extra_minute": null,
                "reason": null,
                "injuried": null,
                "result": null
            },
            {
                "id": 10143486,
                "team_id": "7439",
                "type": "substitution",
                "fixture_id": 639926,
                "player_id": 314044,
                "player_name": "Lo Kong Wai",
                "related_player_id": 313991,
                "related_player_name": "Law Hiu Chung",
                "minute": 47,
                "extra_minute": null,
                "reason": null,
                "injuried": null,
                "result": null
            },
            {
                "id": 10143458,
                "team_id": "7439",
                "type": "yellowcard",
                "fixture_id": 639926,
                "player_id": 177031,
                "player_name": "B. Mališić",
                "related_player_id": null,
                "related_player_name": null,
                "minute": 49,
                "extra_minute": null,
                "reason": null,
                "injuried": null,
                "result": null
            },
            {
                "id": 10143517,
                "team_id": "18134",
                "type": "substitution",
                "fixture_id": 639926,
                "player_id": 314487,
                "player_name": "J. De Clarens",
                "related_player_id": 314533,
                "related_player_name": "Li Ching Ting",
                "minute": 52,
                "extra_minute": null,
                "reason": null,
                "injuried": null,
                "result": null
            },
            {
                "id": 10143432,
                "team_id": "7439",
                "type": "goal",
                "fixture_id": 639926,
                "player_id": 314042,
                "player_name": "Chan Siu Kwan",
                "related_player_id": null,
                "related_player_name": null,
                "minute": 68,
                "extra_minute": null,
                "reason": null,
                "injuried": null,
                "result": null
            },
            {
                "id": 10143465,
                "team_id": "18134",
                "type": "yellowcard",
                "fixture_id": 639926,
                "player_id": 313766,
                "player_name": "G. Ghéczy",
                "related_player_id": null,
                "related_player_name": null,
                "minute": 71,
                "extra_minute": null,
                "reason": null,
                "injuried": null,
                "result": null
            },
            {
                "id": 10143439,
                "team_id": "7439",
                "type": "goal",
                "fixture_id": 639926,
                "player_id": 67670,
                "player_name": "N. Komazec",
                "related_player_id": null,
                "related_player_name": null,
                "minute": 73,
                "extra_minute": null,
                "reason": null,
                "injuried": null,
                "result": null
            },
            {
                "id": 10143525,
                "team_id": "18134",
                "type": "substitution",
                "fixture_id": 639926,
                "player_id": 313880,
                "player_name": "Poon Ka Ming",
                "related_player_id": 314490,
                "related_player_name": "Wong Wing Kit",
                "minute": 79,
                "extra_minute": null,
                "reason": null,
                "injuried": null,
                "result": null
            },
            {
                "id": 10143479,
                "team_id": "18134",
                "type": "yellowcard",
                "fixture_id": 639926,
                "player_id": 314489,
                "player_name": "A. Wylde",
                "related_player_id": null,
                "related_player_name": null,
                "minute": 81,
                "extra_minute": null,
                "reason": null,
                "injuried": null,
                "result": null
            },
            {
                "id": 10143496,
                "team_id": "7439",
                "type": "substitution",
                "fixture_id": 639926,
                "player_id": 314891,
                "player_name": "Y. Kato",
                "related_player_id": 314451,
                "related_player_name": "M. Awal",
                "minute": 82,
                "extra_minute": null,
                "reason": null,
                "injuried": null,
                "result": null
            },
            {
                "id": 10143445,
                "team_id": "7439",
                "type": "goal",
                "fixture_id": 639926,
                "player_id": 314249,
                "player_name": "Leung Nok Hang",
                "related_player_id": null,
                "related_player_name": null,
                "minute": 82,
                "extra_minute": null,
                "reason": null,
                "injuried": null,
                "result": null
            },
            {
                "id": 10143503,
                "team_id": "7439",
                "type": "substitution",
                "fixture_id": 639926,
                "player_id": 314039,
                "player_name": "Lau Cheuk Hin",
                "related_player_id": 313315,
                "related_player_name": "Chu Siu Kei",
                "minute": 84,
                "extra_minute": null,
                "reason": null,
                "injuried": null,
                "result": null
            },
            {
                "id": 10143452,
                "team_id": "7439",
                "type": "goal",
                "fixture_id": 639926,
                "player_id": 314891,
                "player_name": "Y. Kato",
                "related_player_id": null,
                "related_player_name": null,
                "minute": 85,
                "extra_minute": null,
                "reason": null,
                "injuried": null,
                "result": null
            }
        ]
    },
    "odds": {
        "data": []
    }
}