{
    "id": 5437145,
    "league_id": 1001,
    "season_id": 8798,
    "stage_id": 56886,
    "round_id": null,
    "group_id": null,
    "aggregate_id": null,
    "venue_id": 3800,
    "referee_id": 35256,
    "localteam_id": 5806,
    "visitorteam_id": 5971,
    "winner_team_id": 5971,
    "weather_report": {
        "code": "rain",
        "type": "light rain",
        "icon": "https://cdn.sportmonks.com/images/weather/10d.png",
        "temperature": {
            "temp": 77.54,
            "unit": "fahrenheit"
        },
        "clouds": "20%",
        "humidity": "36%",
        "wind": {
            "speed": "13.87 m/s",
            "degree": 50
        }
    },
    "commentaries": null,
    "attendance": null,
    "pitch": null,
    "details": null,
    "neutral_venue": false,
    "winning_odds_calculated": true,
    "formations": {
        "localteam_formation": null,
        "visitorteam_formation": null
    },
    "scores": {
        "localteam_score": 0,
        "visitorteam_score": 1,
        "localteam_pen_score": null,
        "visitorteam_pen_score": null,
        "ht_score": "0-1",
        "ft_score": "0-1",
        "et_score": null
    },
    "time": {
        "status": "FT",
        "starting_at": {
            "date_time": "2017-11-04 06:30:00",
            "date": "2017-11-04",
            "time": "06:30:00",
            "timestamp": 1509777000,
            "timezone": "UTC"
        },
        "minute": 90,
        "second": null,
        "added_time": null,
        "extra_minute": null,
        "injury_time": 4
    },
    "coaches": {
        "localteam_coach_id": 1552671,
        "visitorteam_coach_id": 1552691
    },
    "standings": {
        "localteam_position": 3,
        "visitorteam_position": 4
    },
    "assistants": {
        "first_assistant_id": null,
        "second_assistant_id": null,
        "fourth_official_id": null
    },
    "leg": "1/1",
    "colors": null,
    "deleted": false,
    "localTeam": {
        "data": {
            "id": 5806,
            "legacy_id": 6245,
            "name": "Southern District",
            "short_code": null,
            "twitter": null,
            "country_id": 64306,
            "national_team": false,
            "founded": 2002,
            "logo_path": "https://cdn.sportmonks.com/images//soccer/teams/14/5806.png",
            "venue_id": 3800,
            "current_season_id": 13176
        }
    },
    "visitorTeam": {
        "data": {
            "id": 5971,
            "legacy_id": null,
            "name": "Wofoo Tai Po",
            "short_code": null,
            "twitter": null,
            "country_id": 64306,
            "national_team": false,
            "founded": 2002,
            "logo_path": "https://cdn.sportmonks.com/images//soccer/teams/19/5971.png",
            "venue_id": 3894,
            "current_season_id": 13176
        }
    },
    "league": {
        "data": {
            "id": 1001,
            "active": true,
            "type": "domestic",
            "legacy_id": 350,
            "country_id": 64306,
            "logo_path": null,
            "name": "Premier League",
            "is_cup": false,
            "current_season_id": 16570,
            "current_round_id": 182670,
            "current_stage_id": 77445709,
            "live_standings": false,
            "coverage": {
                "predictions": 1,
                "topscorer_goals": false,
                "topscorer_assists": false,
                "topscorer_cards": false
            }
        }
    },
    "events": {
        "data": [
            {
                "id": 5437145001,
                "team_id": "5971",
                "type": "penalty",
                "fixture_id": 5437145,
                "player_id": 219177,
                "player_name": "Igor Sartori",
                "related_player_id": null,
                "related_player_name": null,
                "minute": 44,
                "extra_minute": null,
                "reason": null,
                "injuried": null,
                "result": "0-1"
            },
            {
                "id": 5437145002,
                "team_id": "5971",
                "type": "yellowcard",
                "fixture_id": 5437145,
                "player_id": 314049,
                "player_name": "Leung Kwun Chung",
                "related_player_id": null,
                "related_player_name": null,
                "minute": 45,
                "extra_minute": 1,
                "reason": null,
                "injuried": null,
                "result": null
            },
            {
                "id": 5437145003,
                "team_id": "5806",
                "type": "yellowcard",
                "fixture_id": 5437145,
                "player_id": 313724,
                "player_name": "Wellingsson",
                "related_player_id": null,
                "related_player_name": null,
                "minute": 53,
                "extra_minute": null,
                "reason": null,
                "injuried": null,
                "result": null
            },
            {
                "id": 5437145004,
                "team_id": "5806",
                "type": "substitution",
                "fixture_id": 5437145,
                "player_id": 313868,
                "player_name": "Gee Ha James Stephen",
                "related_player_id": 313938,
                "related_player_name": "Luk Michael Chi Ho",
                "minute": 63,
                "extra_minute": null,
                "reason": null,
                "injuried": null,
                "result": null
            },
            {
                "id": 5437145005,
                "team_id": "5806",
                "type": "substitution",
                "fixture_id": 5437145,
                "player_id": 313398,
                "player_name": "Chan Man Fai",
                "related_player_id": 314321,
                "related_player_name": "Lau Hok Ming",
                "minute": 68,
                "extra_minute": null,
                "reason": null,
                "injuried": null,
                "result": null
            },
            {
                "id": 5437145006,
                "team_id": "5806",
                "type": "yellowcard",
                "fixture_id": 5437145,
                "player_id": 189080,
                "player_name": "Marc Jiménez",
                "related_player_id": null,
                "related_player_name": null,
                "minute": 73,
                "extra_minute": null,
                "reason": null,
                "injuried": null,
                "result": null
            },
            {
                "id": 5437145007,
                "team_id": "5971",
                "type": "substitution",
                "fixture_id": 5437145,
                "player_id": 49717,
                "player_name": "Dhiego Martins",
                "related_player_id": 161026,
                "related_player_name": "Y. Nakamura",
                "minute": 74,
                "extra_minute": null,
                "reason": null,
                "injuried": null,
                "result": null
            },
            {
                "id": 5437145008,
                "team_id": "5971",
                "type": "yellowcard",
                "fixture_id": 5437145,
                "player_id": 314253,
                "player_name": "Chun Lok Tan",
                "related_player_id": null,
                "related_player_name": null,
                "minute": 74,
                "extra_minute": null,
                "reason": null,
                "injuried": null,
                "result": null
            },
            {
                "id": 5437145009,
                "team_id": "5806",
                "type": "substitution",
                "fixture_id": 5437145,
                "player_id": 314395,
                "player_name": "Diego Garrido",
                "related_player_id": 155390,
                "related_player_name": "Carles Marc",
                "minute": 78,
                "extra_minute": null,
                "reason": null,
                "injuried": null,
                "result": null
            },
            {
                "id": 5437145010,
                "team_id": "5806",
                "type": "yellowcard",
                "fixture_id": 5437145,
                "player_id": 313868,
                "player_name": "Gee Ha James Stephen",
                "related_player_id": null,
                "related_player_name": null,
                "minute": 82,
                "extra_minute": null,
                "reason": null,
                "injuried": null,
                "result": null
            }
        ]
    },
    "odds": {
        "data": []
    }
}