{
    "id": 7407,
    "league_id": 8,
    "season_id": 13,
    "stage_id": 11,
    "round_id": 726,
    "group_id": null,
    "aggregate_id": null,
    "venue_id": 167,
    "referee_id": 118,
    "localteam_id": 65,
    "visitorteam_id": 22,
    "winner_team_id": null,
    "weather_report": null,
    "commentaries": true,
    "attendance": 31120,
    "pitch": null,
    "details": null,
    "neutral_venue": false,
    "winning_odds_calculated": true,
    "formations": {
        "localteam_formation": "4-2-3-1",
        "visitorteam_formation": "4-2-3-1"
    },
    "scores": {
        "localteam_score": 0,
        "visitorteam_score": 0,
        "localteam_pen_score": null,
        "visitorteam_pen_score": null,
        "ht_score": "0-0",
        "ft_score": "0-0",
        "et_score": null
    },
    "time": {
        "status": "FT",
        "starting_at": {
            "date_time": "2017-04-29 14:00:00",
            "date": "2017-04-29",
            "time": "14:00:00",
            "timestamp": 1493474400,
            "timezone": "UTC"
        },
        "minute": 90,
        "second": null,
        "added_time": null,
        "extra_minute": null,
        "injury_time": null
    },
    "coaches": {
        "localteam_coach_id": 455474,
        "visitorteam_coach_id": 455424
    },
    "standings": {
        "localteam_position": null,
        "visitorteam_position": null
    },
    "assistants": {
        "first_assistant_id": null,
        "second_assistant_id": null,
        "fourth_official_id": null
    },
    "leg": "1/1",
    "colors": null,
    "deleted": false,
    "localTeam": {
        "data": {
            "id": 65,
            "legacy_id": 376,
            "name": "Southampton",
            "short_code": "SOU",
            "twitter": "@SouthamptonFC",
            "country_id": 462,
            "national_team": false,
            "founded": 1885,
            "logo_path": "https://cdn.sportmonks.com/images//soccer/teams/1/65.png",
            "venue_id": 167,
            "current_season_id": 16036
        }
    },
    "visitorTeam": {
        "data": {
            "id": 22,
            "legacy_id": 384,
            "name": "Hull City",
            "short_code": "HUL",
            "twitter": "@HullCity",
            "country_id": 462,
            "national_team": false,
            "founded": 1904,
            "logo_path": "https://cdn.sportmonks.com/images//soccer/teams/22/22.png",
            "venue_id": 199,
            "current_season_id": 16211
        }
    },
    "league": {
        "data": {
            "id": 8,
            "active": true,
            "type": "domestic",
            "legacy_id": 29,
            "country_id": 462,
            "logo_path": "https://cdn.sportmonks.com/images/soccer/leagues/8.png",
            "name": "Premier League",
            "is_cup": false,
            "current_season_id": 16036,
            "current_round_id": 169657,
            "current_stage_id": 77443862,
            "live_standings": true,
            "coverage": {
                "predictions": 1,
                "topscorer_goals": true,
                "topscorer_assists": true,
                "topscorer_cards": true
            }
        }
    },
    "events": {
        "data": [
            {
                "id": 6921213,
                "team_id": "65",
                "type": "substitution",
                "fixture_id": 7407,
                "player_id": 5206,
                "player_name": "J. Sims",
                "related_player_id": 5071,
                "related_player_name": "S. Boufal",
                "minute": 58,
                "extra_minute": null,
                "reason": null,
                "injuried": null,
                "result": null
            },
            {
                "id": 6921219,
                "team_id": "65",
                "type": "substitution",
                "fixture_id": 7407,
                "player_id": 722,
                "player_name": "S. Long",
                "related_player_id": 5361,
                "related_player_name": "M. Gabbiadini",
                "minute": 59,
                "extra_minute": null,
                "reason": null,
                "injuried": null,
                "result": null
            },
            {
                "id": 6921199,
                "team_id": "22",
                "type": "yellowcard",
                "fixture_id": 7407,
                "player_id": 2884,
                "player_name": "H. Maguire",
                "related_player_id": null,
                "related_player_name": null,
                "minute": 70,
                "extra_minute": null,
                "reason": null,
                "injuried": null,
                "result": null
            },
            {
                "id": 6921234,
                "team_id": "22",
                "type": "substitution",
                "fixture_id": 7407,
                "player_id": 4807,
                "player_name": "M. Henriksen",
                "related_player_id": 5311,
                "related_player_name": "Evandro",
                "minute": 72,
                "extra_minute": null,
                "reason": null,
                "injuried": null,
                "result": null
            },
            {
                "id": 6921243,
                "team_id": "22",
                "type": "substitution",
                "fixture_id": 7407,
                "player_id": 33,
                "player_name": "T. Huddlestone",
                "related_player_id": 5359,
                "related_player_name": "K. Grosicki",
                "minute": 83,
                "extra_minute": null,
                "reason": null,
                "injuried": null,
                "result": null
            },
            {
                "id": 6921226,
                "team_id": "65",
                "type": "substitution",
                "fixture_id": 7407,
                "player_id": 1152,
                "player_name": "J. Rodriguez",
                "related_player_id": 979,
                "related_player_name": "N. Redmond",
                "minute": 87,
                "extra_minute": null,
                "reason": null,
                "injuried": null,
                "result": null
            },
            {
                "id": 6921252,
                "team_id": "22",
                "type": "substitution",
                "fixture_id": 7407,
                "player_id": 259,
                "player_name": "M. Dawson",
                "related_player_id": 4101,
                "related_player_name": "L. Marković",
                "minute": 90,
                "extra_minute": null,
                "reason": null,
                "injuried": null,
                "result": null
            },
            {
                "id": 6921191,
                "team_id": "22",
                "type": "yellowcard",
                "fixture_id": 7407,
                "player_id": 5349,
                "player_name": "A. Ranocchia",
                "related_player_id": null,
                "related_player_name": null,
                "minute": 90,
                "extra_minute": 2,
                "reason": null,
                "injuried": null,
                "result": null
            },
            {
                "id": 6921206,
                "team_id": "22",
                "type": "yellowcard",
                "fixture_id": 7407,
                "player_id": 4437,
                "player_name": "A. N'Diaye",
                "related_player_id": null,
                "related_player_name": null,
                "minute": 90,
                "extra_minute": null,
                "reason": null,
                "injuried": null,
                "result": null
            }
        ]
    },
    "odds": {
        "data": []
    }
}