{
    "id": 638445,
    "league_id": 1001,
    "season_id": 987,
    "stage_id": 1915,
    "round_id": 30825,
    "group_id": null,
    "aggregate_id": null,
    "venue_id": 3800,
    "referee_id": null,
    "localteam_id": 5806,
    "visitorteam_id": 18138,
    "winner_team_id": null,
    "weather_report": null,
    "commentaries": false,
    "attendance": null,
    "pitch": null,
    "details": null,
    "neutral_venue": false,
    "winning_odds_calculated": true,
    "formations": {
        "localteam_formation": null,
        "visitorteam_formation": null
    },
    "scores": {
        "localteam_score": 3,
        "visitorteam_score": 3,
        "localteam_pen_score": null,
        "visitorteam_pen_score": null,
        "ht_score": "0-2",
        "ft_score": "3-3",
        "et_score": null
    },
    "time": {
        "status": "FT",
        "starting_at": {
            "date_time": "2017-04-04 06:30:00",
            "date": "2017-04-04",
            "time": "06:30:00",
            "timestamp": 1491287400,
            "timezone": "UTC"
        },
        "minute": 90,
        "second": null,
        "added_time": null,
        "extra_minute": null,
        "injury_time": null
    },
    "coaches": {
        "localteam_coach_id": null,
        "visitorteam_coach_id": null
    },
    "standings": {
        "localteam_position": null,
        "visitorteam_position": null
    },
    "assistants": {
        "first_assistant_id": null,
        "second_assistant_id": null,
        "fourth_official_id": null
    },
    "leg": null,
    "colors": null,
    "deleted": false,
    "localTeam": {
        "data": {
            "id": 5806,
            "legacy_id": 6245,
            "name": "Southern District",
            "short_code": null,
            "twitter": null,
            "country_id": 64306,
            "national_team": false,
            "founded": 2002,
            "logo_path": "https://cdn.sportmonks.com/images//soccer/teams/14/5806.png",
            "venue_id": 3800,
            "current_season_id": 13176
        }
    },
    "visitorTeam": {
        "data": {
            "id": 18138,
            "legacy_id": 703,
            "name": "Biu Chun",
            "short_code": null,
            "twitter": null,
            "country_id": 64306,
            "national_team": false,
            "founded": null,
            "logo_path": "https://cdn.sportmonks.com/images//soccer/teams/26/18138.png",
            "venue_id": 1,
            "current_season_id": 14986
        }
    },
    "league": {
        "data": {
            "id": 1001,
            "active": true,
            "type": "domestic",
            "legacy_id": 350,
            "country_id": 64306,
            "logo_path": null,
            "name": "Premier League",
            "is_cup": false,
            "current_season_id": 16570,
            "current_round_id": 182670,
            "current_stage_id": 77445709,
            "live_standings": false,
            "coverage": {
                "predictions": 1,
                "topscorer_goals": false,
                "topscorer_assists": false,
                "topscorer_cards": false
            }
        }
    },
    "events": {
        "data": [
            {
                "id": 10140688,
                "team_id": "18138",
                "type": "own-goal",
                "fixture_id": 638445,
                "player_id": 313274,
                "player_name": "Fronza",
                "related_player_id": null,
                "related_player_name": null,
                "minute": 21,
                "extra_minute": null,
                "reason": null,
                "injuried": null,
                "result": null
            },
            {
                "id": 10140694,
                "team_id": "18138",
                "type": "goal",
                "fixture_id": 638445,
                "player_id": 314240,
                "player_name": "Tarrés",
                "related_player_id": null,
                "related_player_name": null,
                "minute": 39,
                "extra_minute": null,
                "reason": null,
                "injuried": null,
                "result": null
            },
            {
                "id": 10140742,
                "team_id": "5806",
                "type": "yellowcard",
                "fixture_id": 638445,
                "player_id": 314213,
                "player_name": "Hui Wang Fung",
                "related_player_id": null,
                "related_player_name": null,
                "minute": 45,
                "extra_minute": null,
                "reason": null,
                "injuried": null,
                "result": null
            },
            {
                "id": 10140754,
                "team_id": "5806",
                "type": "substitution",
                "fixture_id": 638445,
                "player_id": 313236,
                "player_name": "P. Ngue",
                "related_player_id": 314213,
                "related_player_name": "Hui Wang Fung",
                "minute": 46,
                "extra_minute": null,
                "reason": null,
                "injuried": null,
                "result": null
            },
            {
                "id": 10140761,
                "team_id": "5806",
                "type": "substitution",
                "fixture_id": 638445,
                "player_id": 313724,
                "player_name": "Wellingsson",
                "related_player_id": 308337,
                "related_player_name": "T. Uchida",
                "minute": 46,
                "extra_minute": null,
                "reason": null,
                "injuried": null,
                "result": null
            },
            {
                "id": 10140766,
                "team_id": "5806",
                "type": "substitution",
                "fixture_id": 638445,
                "player_id": 313235,
                "player_name": "Leung Tsz Chun",
                "related_player_id": 313274,
                "related_player_name": "Fronza",
                "minute": 58,
                "extra_minute": null,
                "reason": null,
                "injuried": null,
                "result": null
            },
            {
                "id": 10140701,
                "team_id": "5806",
                "type": "goal",
                "fixture_id": 638445,
                "player_id": 313868,
                "player_name": "Gee Ha James Stephen",
                "related_player_id": null,
                "related_player_name": null,
                "minute": 59,
                "extra_minute": null,
                "reason": null,
                "injuried": null,
                "result": null
            },
            {
                "id": 10140772,
                "team_id": "18138",
                "type": "substitution",
                "fixture_id": 638445,
                "player_id": 313353,
                "player_name": "Lai Yiu Cheong",
                "related_player_id": 314269,
                "related_player_name": "Wong Chun Hin",
                "minute": 69,
                "extra_minute": null,
                "reason": null,
                "injuried": null,
                "result": null
            },
            {
                "id": 10140707,
                "team_id": "5806",
                "type": "goal",
                "fixture_id": 638445,
                "player_id": 189080,
                "player_name": "Marc Jiménez",
                "related_player_id": null,
                "related_player_name": null,
                "minute": 74,
                "extra_minute": null,
                "reason": null,
                "injuried": null,
                "result": null
            },
            {
                "id": 10140714,
                "team_id": "5806",
                "type": "goal",
                "fixture_id": 638445,
                "player_id": 313236,
                "player_name": "P. Ngue",
                "related_player_id": null,
                "related_player_name": null,
                "minute": 77,
                "extra_minute": null,
                "reason": null,
                "injuried": null,
                "result": null
            },
            {
                "id": 10140778,
                "team_id": "18138",
                "type": "substitution",
                "fixture_id": 638445,
                "player_id": 314455,
                "player_name": "Law Chun Yan",
                "related_player_id": 314315,
                "related_player_name": "Hui Ka Lok",
                "minute": 80,
                "extra_minute": null,
                "reason": null,
                "injuried": null,
                "result": null
            },
            {
                "id": 10140748,
                "team_id": "18138",
                "type": "yellowcard",
                "fixture_id": 638445,
                "player_id": 313871,
                "player_name": "Afonso",
                "related_player_id": null,
                "related_player_name": null,
                "minute": 83,
                "extra_minute": null,
                "reason": null,
                "injuried": null,
                "result": null
            },
            {
                "id": 10140784,
                "team_id": "18138",
                "type": "substitution",
                "fixture_id": 638445,
                "player_id": 314478,
                "player_name": "Gee Kyung Hun",
                "related_player_id": 313932,
                "related_player_name": "Fernando Recio",
                "minute": 84,
                "extra_minute": null,
                "reason": null,
                "injuried": null,
                "result": null
            },
            {
                "id": 10140721,
                "team_id": "18138",
                "type": "goal",
                "fixture_id": 638445,
                "player_id": 91881,
                "player_name": "Denis",
                "related_player_id": null,
                "related_player_name": null,
                "minute": 90,
                "extra_minute": 4,
                "reason": null,
                "injuried": null,
                "result": null
            },
            {
                "id": 10140728,
                "team_id": "5806",
                "type": "yellowcard",
                "fixture_id": 638445,
                "player_id": 313583,
                "player_name": "Tse Tak Him",
                "related_player_id": null,
                "related_player_name": null,
                "minute": 90,
                "extra_minute": 1,
                "reason": null,
                "injuried": null,
                "result": null
            },
            {
                "id": 10140735,
                "team_id": "5806",
                "type": "yellowcard",
                "fixture_id": 638445,
                "player_id": 189080,
                "player_name": "Marc Jiménez",
                "related_player_id": null,
                "related_player_name": null,
                "minute": 90,
                "extra_minute": 5,
                "reason": null,
                "injuried": null,
                "result": null
            }
        ]
    },
    "odds": {
        "data": []
    }
}