{
    "id": 6966,
    "league_id": 8,
    "season_id": 13,
    "stage_id": 11,
    "round_id": 681,
    "group_id": null,
    "aggregate_id": null,
    "venue_id": 167,
    "referee_id": 4,
    "localteam_id": 65,
    "visitorteam_id": 52,
    "winner_team_id": null,
    "weather_report": null,
    "commentaries": true,
    "attendance": null,
    "pitch": null,
    "details": null,
    "neutral_venue": false,
    "winning_odds_calculated": true,
    "formations": {
        "localteam_formation": "4-2-3-1",
        "visitorteam_formation": "4-4-2"
    },
    "scores": {
        "localteam_score": 0,
        "visitorteam_score": 0,
        "localteam_pen_score": null,
        "visitorteam_pen_score": null,
        "ht_score": "0-0",
        "ft_score": "0-0",
        "et_score": null
    },
    "time": {
        "status": "FT",
        "starting_at": {
            "date_time": "2017-04-01 16:30:00",
            "date": "2017-04-01",
            "time": "16:30:00",
            "timestamp": 1491064200,
            "timezone": "UTC"
        },
        "minute": 90,
        "second": null,
        "added_time": null,
        "extra_minute": null,
        "injury_time": null
    },
    "coaches": {
        "localteam_coach_id": 455474,
        "visitorteam_coach_id": 523911
    },
    "standings": {
        "localteam_position": null,
        "visitorteam_position": null
    },
    "assistants": {
        "first_assistant_id": null,
        "second_assistant_id": null,
        "fourth_official_id": null
    },
    "leg": "1/1",
    "colors": null,
    "deleted": false,
    "localTeam": {
        "data": {
            "id": 65,
            "legacy_id": 376,
            "name": "Southampton",
            "short_code": "SOU",
            "twitter": "@SouthamptonFC",
            "country_id": 462,
            "national_team": false,
            "founded": 1885,
            "logo_path": "https://cdn.sportmonks.com/images//soccer/teams/1/65.png",
            "venue_id": 167,
            "current_season_id": 16036
        }
    },
    "visitorTeam": {
        "data": {
            "id": 52,
            "legacy_id": 389,
            "name": "AFC Bournemouth",
            "short_code": "BOU",
            "twitter": "@afcbournemouth",
            "country_id": 462,
            "national_team": false,
            "founded": 1899,
            "logo_path": "https://cdn.sportmonks.com/images//soccer/teams/20/52.png",
            "venue_id": 146,
            "current_season_id": 16036
        }
    },
    "league": {
        "data": {
            "id": 8,
            "active": true,
            "type": "domestic",
            "legacy_id": 29,
            "country_id": 462,
            "logo_path": "https://cdn.sportmonks.com/images/soccer/leagues/8.png",
            "name": "Premier League",
            "is_cup": false,
            "current_season_id": 16036,
            "current_round_id": 169657,
            "current_stage_id": 77443862,
            "live_standings": true,
            "coverage": {
                "predictions": 1,
                "topscorer_goals": true,
                "topscorer_assists": true,
                "topscorer_cards": true
            }
        }
    },
    "events": {
        "data": [
            {
                "id": 6917190,
                "team_id": "52",
                "type": "substitution",
                "fixture_id": 6966,
                "player_id": 1842,
                "player_name": "H. Arter",
                "related_player_id": 867,
                "related_player_name": "A. Surman",
                "minute": 46,
                "extra_minute": null,
                "reason": null,
                "injuried": null,
                "result": null
            },
            {
                "id": 6917162,
                "team_id": "65",
                "type": "substitution",
                "fixture_id": 6966,
                "player_id": 722,
                "player_name": "S. Long",
                "related_player_id": 1152,
                "related_player_name": "J. Rodriguez",
                "minute": 63,
                "extra_minute": null,
                "reason": null,
                "injuried": null,
                "result": null
            },
            {
                "id": 6917174,
                "team_id": "65",
                "type": "substitution",
                "fixture_id": 6966,
                "player_id": 5071,
                "player_name": "S. Boufal",
                "related_player_id": 1155,
                "related_player_name": "J. Ward-Prowse",
                "minute": 63,
                "extra_minute": null,
                "reason": null,
                "injuried": null,
                "result": null
            },
            {
                "id": 6917197,
                "team_id": "52",
                "type": "substitution",
                "fixture_id": 6966,
                "player_id": 717,
                "player_name": "J. Wilshere",
                "related_player_id": 1029,
                "related_player_name": "J. King",
                "minute": 70,
                "extra_minute": null,
                "reason": null,
                "injuried": null,
                "result": null
            },
            {
                "id": 6917182,
                "team_id": "65",
                "type": "substitution",
                "fixture_id": 6966,
                "player_id": 4145,
                "player_name": "S. McQueen",
                "related_player_id": 1351,
                "related_player_name": "D. Tadić",
                "minute": 80,
                "extra_minute": null,
                "reason": null,
                "injuried": null,
                "result": null
            },
            {
                "id": 6917155,
                "team_id": "65",
                "type": "yellowcard",
                "fixture_id": 6966,
                "player_id": 1505,
                "player_name": "Oriol Romeu",
                "related_player_id": null,
                "related_player_name": null,
                "minute": 90,
                "extra_minute": 2,
                "reason": null,
                "injuried": null,
                "result": null
            }
        ]
    },
    "odds": {
        "data": []
    }
}