{
    "id": 10403650,
    "league_id": 1001,
    "season_id": 13176,
    "stage_id": 7743326,
    "round_id": 152362,
    "group_id": null,
    "aggregate_id": null,
    "venue_id": 3800,
    "referee_id": 35253,
    "localteam_id": 5806,
    "visitorteam_id": 134030,
    "winner_team_id": 5806,
    "weather_report": null,
    "commentaries": null,
    "attendance": null,
    "pitch": "Good",
    "details": null,
    "neutral_venue": false,
    "winning_odds_calculated": true,
    "formations": {
        "localteam_formation": null,
        "visitorteam_formation": null
    },
    "scores": {
        "localteam_score": 3,
        "visitorteam_score": 1,
        "localteam_pen_score": null,
        "visitorteam_pen_score": null,
        "ht_score": "2-0",
        "ft_score": "3-1",
        "et_score": null
    },
    "time": {
        "status": "FT",
        "starting_at": {
            "date_time": "2019-02-23 06:30:00",
            "date": "2019-02-23",
            "time": "06:30:00",
            "timestamp": 1550903400,
            "timezone": "UTC"
        },
        "minute": 90,
        "second": 0,
        "added_time": 0,
        "extra_minute": null,
        "injury_time": 4
    },
    "coaches": {
        "localteam_coach_id": 1552671,
        "visitorteam_coach_id": 4192212
    },
    "standings": {
        "localteam_position": 2,
        "visitorteam_position": 9
    },
    "assistants": {
        "first_assistant_id": null,
        "second_assistant_id": null,
        "fourth_official_id": null
    },
    "leg": "1/1",
    "colors": {
        "localteam": {
            "color": null,
            "kit_colors": null
        },
        "visitorteam": {
            "color": null,
            "kit_colors": null
        }
    },
    "deleted": false,
    "localTeam": {
        "data": {
            "id": 5806,
            "legacy_id": 6245,
            "name": "Southern District",
            "short_code": null,
            "twitter": null,
            "country_id": 64306,
            "national_team": false,
            "founded": 2002,
            "logo_path": "https://cdn.sportmonks.com/images//soccer/teams/14/5806.png",
            "venue_id": 3800,
            "current_season_id": 13176
        }
    },
    "visitorTeam": {
        "data": {
            "id": 134030,
            "legacy_id": null,
            "name": "Warriors",
            "short_code": null,
            "twitter": null,
            "country_id": 64306,
            "national_team": false,
            "founded": 0,
            "logo_path": null,
            "venue_id": 4817,
            "current_season_id": 13176
        }
    },
    "league": {
        "data": {
            "id": 1001,
            "active": true,
            "type": "domestic",
            "legacy_id": 350,
            "country_id": 64306,
            "logo_path": null,
            "name": "Premier League",
            "is_cup": false,
            "current_season_id": 16570,
            "current_round_id": 182670,
            "current_stage_id": 77445709,
            "live_standings": false,
            "coverage": {
                "predictions": 1,
                "topscorer_goals": false,
                "topscorer_assists": false,
                "topscorer_cards": false
            }
        }
    },
    "events": {
        "data": [
            {
                "id": 10403650001,
                "team_id": "5806",
                "type": "goal",
                "fixture_id": 10403650,
                "player_id": 177089,
                "player_name": "M. Krasić",
                "related_player_id": null,
                "related_player_name": null,
                "minute": 10,
                "extra_minute": null,
                "reason": null,
                "injuried": null,
                "result": "1-0"
            },
            {
                "id": 10403650002,
                "team_id": "5806",
                "type": "yellowcard",
                "fixture_id": 10403650,
                "player_id": 108865,
                "player_name": "Ticão",
                "related_player_id": null,
                "related_player_name": null,
                "minute": 21,
                "extra_minute": null,
                "reason": null,
                "injuried": null,
                "result": null
            },
            {
                "id": 10403650003,
                "team_id": "5806",
                "type": "goal",
                "fixture_id": 10403650,
                "player_id": 314321,
                "player_name": "Lau Hok Ming",
                "related_player_id": null,
                "related_player_name": null,
                "minute": 44,
                "extra_minute": null,
                "reason": null,
                "injuried": null,
                "result": "2-0"
            },
            {
                "id": 10403650004,
                "team_id": "134030",
                "type": "yellowcard",
                "fixture_id": 10403650,
                "player_id": 314515,
                "player_name": "Yu Wai Lim",
                "related_player_id": null,
                "related_player_name": null,
                "minute": 57,
                "extra_minute": null,
                "reason": null,
                "injuried": null,
                "result": null
            },
            {
                "id": 10403650005,
                "team_id": "134030",
                "type": "yellowcard",
                "fixture_id": 10403650,
                "player_id": 314291,
                "player_name": "Cheng Siu Kwang",
                "related_player_id": null,
                "related_player_name": null,
                "minute": 63,
                "extra_minute": null,
                "reason": null,
                "injuried": null,
                "result": null
            },
            {
                "id": 10403650006,
                "team_id": "134030",
                "type": "substitution",
                "fixture_id": 10403650,
                "player_id": 314269,
                "player_name": "Wong Chun Hin",
                "related_player_id": 313353,
                "related_player_name": "Lai Yiu Cheong",
                "minute": 65,
                "extra_minute": null,
                "reason": null,
                "injuried": null,
                "result": null
            },
            {
                "id": 10403650007,
                "team_id": "5806",
                "type": "substitution",
                "fixture_id": 10403650,
                "player_id": 314086,
                "player_name": "Lau Ka Ming",
                "related_player_id": 313868,
                "related_player_name": "Gee Ha James Stephen",
                "minute": 65,
                "extra_minute": null,
                "reason": null,
                "injuried": null,
                "result": null
            },
            {
                "id": 10403650008,
                "team_id": "5806",
                "type": "substitution",
                "fixture_id": 10403650,
                "player_id": 67670,
                "player_name": "N. Komazec",
                "related_player_id": 177089,
                "related_player_name": "M. Krasić",
                "minute": 65,
                "extra_minute": null,
                "reason": null,
                "injuried": null,
                "result": null
            },
            {
                "id": 10403650009,
                "team_id": "5806",
                "type": "goal",
                "fixture_id": 10403650,
                "player_id": 313724,
                "player_name": "Wellingsson",
                "related_player_id": null,
                "related_player_name": null,
                "minute": 72,
                "extra_minute": null,
                "reason": null,
                "injuried": null,
                "result": "3-0"
            },
            {
                "id": 10403650010,
                "team_id": "134030",
                "type": "substitution",
                "fixture_id": 10403650,
                "player_id": 69526,
                "player_name": "Stefan",
                "related_player_id": 58418,
                "related_player_name": "S. Shapoval",
                "minute": 73,
                "extra_minute": null,
                "reason": null,
                "injuried": null,
                "result": null
            },
            {
                "id": 10403650011,
                "team_id": "5806",
                "type": "substitution",
                "fixture_id": 10403650,
                "player_id": 314213,
                "player_name": "Hui Wang Fung",
                "related_player_id": 313809,
                "related_player_name": "Che Runqiu",
                "minute": 74,
                "extra_minute": null,
                "reason": null,
                "injuried": null,
                "result": null
            },
            {
                "id": 10403650012,
                "team_id": "134030",
                "type": "yellowcard",
                "fixture_id": 10403650,
                "player_id": 314383,
                "player_name": "Yu Pui Hong",
                "related_player_id": null,
                "related_player_name": null,
                "minute": 78,
                "extra_minute": null,
                "reason": null,
                "injuried": null,
                "result": null
            },
            {
                "id": 10403650013,
                "team_id": "134030",
                "type": "substitution",
                "fixture_id": 10403650,
                "player_id": 313337,
                "player_name": "Tam Lok Hin",
                "related_player_id": 314383,
                "related_player_name": "Yu Pui Hong",
                "minute": 81,
                "extra_minute": null,
                "reason": null,
                "injuried": null,
                "result": null
            },
            {
                "id": 10403650014,
                "team_id": "5806",
                "type": "yellowcard",
                "fixture_id": 10403650,
                "player_id": 4737,
                "player_name": "Zeshan Rehman",
                "related_player_id": null,
                "related_player_name": null,
                "minute": 82,
                "extra_minute": null,
                "reason": null,
                "injuried": null,
                "result": null
            },
            {
                "id": 10403650015,
                "team_id": "134030",
                "type": "goal",
                "fixture_id": 10403650,
                "player_id": 314055,
                "player_name": "Fong Pak Lun",
                "related_player_id": null,
                "related_player_name": null,
                "minute": 90,
                "extra_minute": 5,
                "reason": null,
                "injuried": null,
                "result": "3-1"
            }
        ]
    },
    "odds": {
        "data": []
    }
}