{
    "id": 640147,
    "league_id": 1001,
    "season_id": 987,
    "stage_id": 1915,
    "round_id": 30837,
    "group_id": null,
    "aggregate_id": null,
    "venue_id": 3800,
    "referee_id": null,
    "localteam_id": 5806,
    "visitorteam_id": 2355,
    "winner_team_id": 5806,
    "weather_report": null,
    "commentaries": false,
    "attendance": null,
    "pitch": null,
    "details": null,
    "neutral_venue": false,
    "winning_odds_calculated": true,
    "formations": {
        "localteam_formation": null,
        "visitorteam_formation": null
    },
    "scores": {
        "localteam_score": 1,
        "visitorteam_score": 0,
        "localteam_pen_score": null,
        "visitorteam_pen_score": null,
        "ht_score": "0-0",
        "ft_score": "1-0",
        "et_score": null
    },
    "time": {
        "status": "FT",
        "starting_at": {
            "date_time": "2017-01-21 06:30:00",
            "date": "2017-01-21",
            "time": "06:30:00",
            "timestamp": 1484980200,
            "timezone": "UTC"
        },
        "minute": 90,
        "second": null,
        "added_time": null,
        "extra_minute": null,
        "injury_time": null
    },
    "coaches": {
        "localteam_coach_id": null,
        "visitorteam_coach_id": null
    },
    "standings": {
        "localteam_position": null,
        "visitorteam_position": null
    },
    "assistants": {
        "first_assistant_id": null,
        "second_assistant_id": null,
        "fourth_official_id": null
    },
    "leg": null,
    "colors": null,
    "deleted": false,
    "localTeam": {
        "data": {
            "id": 5806,
            "legacy_id": 6245,
            "name": "Southern District",
            "short_code": null,
            "twitter": null,
            "country_id": 64306,
            "national_team": false,
            "founded": 2002,
            "logo_path": "https://cdn.sportmonks.com/images//soccer/teams/14/5806.png",
            "venue_id": 3800,
            "current_season_id": 13176
        }
    },
    "visitorTeam": {
        "data": {
            "id": 2355,
            "legacy_id": 2317,
            "name": "Kitchee",
            "short_code": null,
            "twitter": null,
            "country_id": 64306,
            "national_team": false,
            "founded": 1931,
            "logo_path": "https://cdn.sportmonks.com/images//soccer/teams/19/2355.png",
            "venue_id": 642,
            "current_season_id": 13176
        }
    },
    "league": {
        "data": {
            "id": 1001,
            "active": true,
            "type": "domestic",
            "legacy_id": 350,
            "country_id": 64306,
            "logo_path": null,
            "name": "Premier League",
            "is_cup": false,
            "current_season_id": 16570,
            "current_round_id": 182670,
            "current_stage_id": 77445709,
            "live_standings": false,
            "coverage": {
                "predictions": 1,
                "topscorer_goals": false,
                "topscorer_assists": false,
                "topscorer_cards": false
            }
        }
    },
    "events": {
        "data": [
            {
                "id": 10144870,
                "team_id": "2355",
                "type": "yellowcard",
                "fixture_id": 640147,
                "player_id": 313700,
                "player_name": "Wang Zhenpeng",
                "related_player_id": null,
                "related_player_name": null,
                "minute": 38,
                "extra_minute": null,
                "reason": null,
                "injuried": null,
                "result": null
            },
            {
                "id": 10144886,
                "team_id": "2355",
                "type": "yellowcard",
                "fixture_id": 640147,
                "player_id": 314029,
                "player_name": "Huang Yang",
                "related_player_id": null,
                "related_player_name": null,
                "minute": 40,
                "extra_minute": null,
                "reason": null,
                "injuried": null,
                "result": null
            },
            {
                "id": 10144854,
                "team_id": "5806",
                "type": "goal",
                "fixture_id": 640147,
                "player_id": 313938,
                "player_name": "Luk Michael Chi Ho",
                "related_player_id": null,
                "related_player_name": null,
                "minute": 49,
                "extra_minute": null,
                "reason": null,
                "injuried": null,
                "result": null
            },
            {
                "id": 10144930,
                "team_id": "2355",
                "type": "substitution",
                "fixture_id": 640147,
                "player_id": 313218,
                "player_name": "Sandro",
                "related_player_id": 31459,
                "related_player_name": "Z. Lam",
                "minute": 53,
                "extra_minute": null,
                "reason": null,
                "injuried": null,
                "result": null
            },
            {
                "id": 10144938,
                "team_id": "2355",
                "type": "substitution",
                "fixture_id": 640147,
                "player_id": 225200,
                "player_name": "Fernando",
                "related_player_id": 313930,
                "related_player_name": "Daniel Cancela",
                "minute": 55,
                "extra_minute": null,
                "reason": null,
                "injuried": null,
                "result": null
            },
            {
                "id": 10144903,
                "team_id": "5806",
                "type": "substitution",
                "fixture_id": 640147,
                "player_id": 313868,
                "player_name": "Gee Ha James Stephen",
                "related_player_id": 313235,
                "related_player_name": "Leung Tsz Chun",
                "minute": 64,
                "extra_minute": null,
                "reason": null,
                "injuried": null,
                "result": null
            },
            {
                "id": 10144945,
                "team_id": "2355",
                "type": "substitution",
                "fixture_id": 640147,
                "player_id": 22903,
                "player_name": "K. Vadócz",
                "related_player_id": 312645,
                "related_player_name": "Dong-Jin Kim",
                "minute": 70,
                "extra_minute": null,
                "reason": null,
                "injuried": null,
                "result": null
            },
            {
                "id": 10144911,
                "team_id": "5806",
                "type": "substitution",
                "fixture_id": 640147,
                "player_id": 270459,
                "player_name": "S. Spitz",
                "related_player_id": 313938,
                "related_player_name": "Luk Michael Chi Ho",
                "minute": 80,
                "extra_minute": null,
                "reason": null,
                "injuried": null,
                "result": null
            },
            {
                "id": 10144919,
                "team_id": "5806",
                "type": "substitution",
                "fixture_id": 640147,
                "player_id": 308337,
                "player_name": "T. Uchida",
                "related_player_id": 313724,
                "related_player_name": "Wellingsson",
                "minute": 80,
                "extra_minute": null,
                "reason": null,
                "injuried": null,
                "result": null
            },
            {
                "id": 10144893,
                "team_id": "5806",
                "type": "yellowcard",
                "fixture_id": 640147,
                "player_id": 313868,
                "player_name": "Gee Ha James Stephen",
                "related_player_id": null,
                "related_player_name": null,
                "minute": 83,
                "extra_minute": null,
                "reason": null,
                "injuried": null,
                "result": null
            },
            {
                "id": 10144878,
                "team_id": "2355",
                "type": "yellowcard",
                "fixture_id": 640147,
                "player_id": 313352,
                "player_name": "Gonçalves Hélio",
                "related_player_id": null,
                "related_player_name": null,
                "minute": 89,
                "extra_minute": null,
                "reason": null,
                "injuried": null,
                "result": null
            },
            {
                "id": 10144862,
                "team_id": "5806",
                "type": "yellowcard",
                "fixture_id": 640147,
                "player_id": 229748,
                "player_name": "Tomas",
                "related_player_id": null,
                "related_player_name": null,
                "minute": 90,
                "extra_minute": 1,
                "reason": null,
                "injuried": null,
                "result": null
            }
        ]
    },
    "odds": {
        "data": []
    }
}