{
    "id": 329842,
    "league_id": 420,
    "season_id": 793,
    "stage_id": 1457,
    "round_id": 26298,
    "group_id": null,
    "aggregate_id": null,
    "venue_id": 7844,
    "referee_id": null,
    "localteam_id": 5425,
    "visitorteam_id": 360,
    "winner_team_id": 360,
    "weather_report": null,
    "commentaries": false,
    "attendance": null,
    "pitch": null,
    "details": null,
    "neutral_venue": false,
    "winning_odds_calculated": true,
    "formations": {
        "localteam_formation": null,
        "visitorteam_formation": null
    },
    "scores": {
        "localteam_score": 1,
        "visitorteam_score": 2,
        "localteam_pen_score": null,
        "visitorteam_pen_score": null,
        "ht_score": "1-1",
        "ft_score": "1-2",
        "et_score": null
    },
    "time": {
        "status": "FT",
        "starting_at": {
            "date_time": "2017-02-04 13:00:00",
            "date": "2017-02-04",
            "time": "13:00:00",
            "timestamp": 1486213200,
            "timezone": "UTC"
        },
        "minute": 90,
        "second": null,
        "added_time": null,
        "extra_minute": null,
        "injury_time": null
    },
    "coaches": {
        "localteam_coach_id": null,
        "visitorteam_coach_id": null
    },
    "standings": {
        "localteam_position": null,
        "visitorteam_position": null
    },
    "assistants": {
        "first_assistant_id": null,
        "second_assistant_id": null,
        "fourth_official_id": null
    },
    "leg": null,
    "colors": null,
    "deleted": false,
    "localTeam": {
        "data": {
            "id": 5425,
            "legacy_id": 3664,
            "name": "St. Andrews",
            "short_code": null,
            "twitter": null,
            "country_id": 2756,
            "national_team": false,
            "founded": null,
            "logo_path": "https://cdn.sportmonks.com/images//soccer/teams/17/5425.png",
            "venue_id": 3483,
            "current_season_id": 13029
        }
    },
    "visitorTeam": {
        "data": {
            "id": 360,
            "legacy_id": 1714,
            "name": "Hibernians",
            "short_code": null,
            "twitter": null,
            "country_id": 2756,
            "national_team": false,
            "founded": 1922,
            "logo_path": "https://cdn.sportmonks.com/images//soccer/teams/8/360.png",
            "venue_id": 334565,
            "current_season_id": 13029
        }
    },
    "league": {
        "data": {
            "id": 420,
            "active": true,
            "type": "domestic",
            "legacy_id": 152,
            "country_id": 2756,
            "logo_path": null,
            "name": "Premier League",
            "is_cup": false,
            "current_season_id": 16283,
            "current_round_id": 181738,
            "current_stage_id": 77444896,
            "live_standings": true,
            "coverage": {
                "predictions": 1,
                "topscorer_goals": false,
                "topscorer_assists": false,
                "topscorer_cards": false
            }
        }
    },
    "events": {
        "data": [
            {
                "id": 8442269,
                "team_id": "5425",
                "type": "goal",
                "fixture_id": 329842,
                "player_id": 144630,
                "player_name": "I. Paz",
                "related_player_id": null,
                "related_player_name": null,
                "minute": 27,
                "extra_minute": null,
                "reason": null,
                "injuried": null,
                "result": null
            },
            {
                "id": 8442276,
                "team_id": "360",
                "type": "goal",
                "fixture_id": 329842,
                "player_id": 143797,
                "player_name": "J. Degabriele",
                "related_player_id": null,
                "related_player_name": null,
                "minute": 45,
                "extra_minute": 1,
                "reason": null,
                "injuried": null,
                "result": null
            },
            {
                "id": 8442283,
                "team_id": "360",
                "type": "goal",
                "fixture_id": 329842,
                "player_id": 143258,
                "player_name": "Rodolfo Soares",
                "related_player_id": null,
                "related_player_name": null,
                "minute": 90,
                "extra_minute": 4,
                "reason": null,
                "injuried": null,
                "result": null
            }
        ]
    },
    "odds": {
        "data": []
    }
}