{
    "id": 10411814,
    "league_id": 420,
    "season_id": 13029,
    "stage_id": 7743138,
    "round_id": 153273,
    "group_id": null,
    "aggregate_id": null,
    "venue_id": 7824,
    "referee_id": null,
    "localteam_id": 5425,
    "visitorteam_id": 295,
    "winner_team_id": 295,
    "weather_report": {
        "code": "clouds",
        "type": "broken clouds",
        "icon": "https://cdn.sportmonks.com/images/weather/04d.png",
        "temperature": {
            "temp": 60.8,
            "unit": "fahrenheit"
        },
        "clouds": "75%",
        "humidity": "77%",
        "wind": {
            "speed": "25.28 m/s",
            "degree": 70
        }
    },
    "commentaries": null,
    "attendance": null,
    "pitch": "Good",
    "details": null,
    "neutral_venue": false,
    "winning_odds_calculated": true,
    "formations": {
        "localteam_formation": null,
        "visitorteam_formation": null
    },
    "scores": {
        "localteam_score": 0,
        "visitorteam_score": 3,
        "localteam_pen_score": null,
        "visitorteam_pen_score": null,
        "ht_score": "0-1",
        "ft_score": "0-3",
        "et_score": null
    },
    "time": {
        "status": "FT",
        "starting_at": {
            "date_time": "2019-02-02 13:00:00",
            "date": "2019-02-02",
            "time": "13:00:00",
            "timestamp": 1549112400,
            "timezone": "UTC"
        },
        "minute": 90,
        "second": null,
        "added_time": 0,
        "extra_minute": null,
        "injury_time": 4
    },
    "coaches": {
        "localteam_coach_id": 459019,
        "visitorteam_coach_id": 456119
    },
    "standings": {
        "localteam_position": 10,
        "visitorteam_position": 6
    },
    "assistants": {
        "first_assistant_id": null,
        "second_assistant_id": null,
        "fourth_official_id": null
    },
    "leg": "1/1",
    "colors": {
        "localteam": {
            "color": null,
            "kit_colors": null
        },
        "visitorteam": {
            "color": null,
            "kit_colors": null
        }
    },
    "deleted": false,
    "localTeam": {
        "data": {
            "id": 5425,
            "legacy_id": 3664,
            "name": "St. Andrews",
            "short_code": null,
            "twitter": null,
            "country_id": 2756,
            "national_team": false,
            "founded": null,
            "logo_path": "https://cdn.sportmonks.com/images//soccer/teams/17/5425.png",
            "venue_id": 3483,
            "current_season_id": 13029
        }
    },
    "visitorTeam": {
        "data": {
            "id": 295,
            "legacy_id": 8152,
            "name": "Hamrun Spartans",
            "short_code": null,
            "twitter": null,
            "country_id": 2756,
            "national_team": false,
            "founded": 1907,
            "logo_path": "https://cdn.sportmonks.com/images//soccer/teams/7/295.png",
            "venue_id": 5052,
            "current_season_id": 13029
        }
    },
    "league": {
        "data": {
            "id": 420,
            "active": true,
            "type": "domestic",
            "legacy_id": 152,
            "country_id": 2756,
            "logo_path": null,
            "name": "Premier League",
            "is_cup": false,
            "current_season_id": 16283,
            "current_round_id": 181738,
            "current_stage_id": 77444896,
            "live_standings": true,
            "coverage": {
                "predictions": 1,
                "topscorer_goals": false,
                "topscorer_assists": false,
                "topscorer_cards": false
            }
        }
    },
    "events": {
        "data": [
            {
                "id": 10411814001,
                "team_id": "295",
                "type": "goal",
                "fixture_id": 10411814,
                "player_id": 12865,
                "player_name": "W. Domoraud",
                "related_player_id": null,
                "related_player_name": null,
                "minute": 13,
                "extra_minute": null,
                "reason": null,
                "injuried": null,
                "result": "0-1"
            },
            {
                "id": 10411814002,
                "team_id": "5425",
                "type": "yellowcard",
                "fixture_id": 10411814,
                "player_id": 1487968,
                "player_name": "K. McFarlane",
                "related_player_id": null,
                "related_player_name": null,
                "minute": 25,
                "extra_minute": null,
                "reason": null,
                "injuried": null,
                "result": null
            },
            {
                "id": 10411814003,
                "team_id": "295",
                "type": "yellowcard",
                "fixture_id": 10411814,
                "player_id": 366865,
                "player_name": "K. Tulimieri",
                "related_player_id": null,
                "related_player_name": null,
                "minute": 37,
                "extra_minute": null,
                "reason": null,
                "injuried": null,
                "result": null
            },
            {
                "id": 10411814004,
                "team_id": "295",
                "type": "penalty",
                "fixture_id": 10411814,
                "player_id": 368751,
                "player_name": "M. Criaco",
                "related_player_id": null,
                "related_player_name": null,
                "minute": 51,
                "extra_minute": null,
                "reason": null,
                "injuried": null,
                "result": "0-2"
            },
            {
                "id": 10411814005,
                "team_id": "295",
                "type": "yellowcard",
                "fixture_id": 10411814,
                "player_id": 12865,
                "player_name": "W. Domoraud",
                "related_player_id": null,
                "related_player_name": null,
                "minute": 57,
                "extra_minute": null,
                "reason": null,
                "injuried": null,
                "result": null
            },
            {
                "id": 10411814006,
                "team_id": "5425",
                "type": "substitution",
                "fixture_id": 10411814,
                "player_id": 144611,
                "player_name": "J. Walker",
                "related_player_id": 144122,
                "related_player_name": "A. Friggieri",
                "minute": 71,
                "extra_minute": null,
                "reason": null,
                "injuried": null,
                "result": null
            },
            {
                "id": 10411814007,
                "team_id": "295",
                "type": "substitution",
                "fixture_id": 10411814,
                "player_id": 142922,
                "player_name": "R. Darmanin",
                "related_player_id": 109001,
                "related_player_name": "S. Nayar",
                "minute": 73,
                "extra_minute": null,
                "reason": null,
                "injuried": null,
                "result": null
            },
            {
                "id": 10411814008,
                "team_id": "295",
                "type": "yellowcard",
                "fixture_id": 10411814,
                "player_id": 143903,
                "player_name": "S. Cini",
                "related_player_id": null,
                "related_player_name": null,
                "minute": 86,
                "extra_minute": null,
                "reason": null,
                "injuried": null,
                "result": null
            },
            {
                "id": 10411814009,
                "team_id": "295",
                "type": "goal",
                "fixture_id": 10411814,
                "player_id": 142922,
                "player_name": "R. Darmanin",
                "related_player_id": null,
                "related_player_name": null,
                "minute": 87,
                "extra_minute": null,
                "reason": null,
                "injuried": null,
                "result": "0-3"
            }
        ]
    },
    "odds": {
        "data": []
    }
}