{
    "id": 5375147,
    "league_id": 420,
    "season_id": 8110,
    "stage_id": 56620,
    "round_id": null,
    "group_id": null,
    "aggregate_id": null,
    "venue_id": 974,
    "referee_id": null,
    "localteam_id": 5425,
    "visitorteam_id": 1660,
    "winner_team_id": 1660,
    "weather_report": {
        "code": "clouds",
        "type": "broken clouds",
        "icon": "https://cdn.sportmonks.com/images/weather/04d.png",
        "temperature": {
            "temp": 44.6,
            "unit": "fahrenheit"
        },
        "clouds": "75%",
        "humidity": "87%",
        "wind": {
            "speed": "12.75 m/s",
            "degree": 180
        }
    },
    "commentaries": null,
    "attendance": null,
    "pitch": null,
    "details": null,
    "neutral_venue": false,
    "winning_odds_calculated": true,
    "formations": {
        "localteam_formation": null,
        "visitorteam_formation": null
    },
    "scores": {
        "localteam_score": 0,
        "visitorteam_score": 2,
        "localteam_pen_score": null,
        "visitorteam_pen_score": null,
        "ht_score": "0-0",
        "ft_score": "0-2",
        "et_score": null
    },
    "time": {
        "status": "FT",
        "starting_at": {
            "date_time": "2017-11-05 13:00:00",
            "date": "2017-11-05",
            "time": "13:00:00",
            "timestamp": 1509886800,
            "timezone": "UTC"
        },
        "minute": 90,
        "second": null,
        "added_time": null,
        "extra_minute": null,
        "injury_time": 4
    },
    "coaches": {
        "localteam_coach_id": 4552687,
        "visitorteam_coach_id": 457539
    },
    "standings": {
        "localteam_position": 13,
        "visitorteam_position": 5
    },
    "assistants": {
        "first_assistant_id": null,
        "second_assistant_id": null,
        "fourth_official_id": null
    },
    "leg": "1/1",
    "colors": null,
    "deleted": false,
    "localTeam": {
        "data": {
            "id": 5425,
            "legacy_id": 3664,
            "name": "St. Andrews",
            "short_code": null,
            "twitter": null,
            "country_id": 2756,
            "national_team": false,
            "founded": null,
            "logo_path": "https://cdn.sportmonks.com/images//soccer/teams/17/5425.png",
            "venue_id": 3483,
            "current_season_id": 13029
        }
    },
    "visitorTeam": {
        "data": {
            "id": 1660,
            "legacy_id": 1719,
            "name": "Sliema Wanderers",
            "short_code": null,
            "twitter": null,
            "country_id": 2756,
            "national_team": false,
            "founded": 1909,
            "logo_path": "https://cdn.sportmonks.com/images//soccer/teams/28/1660.png",
            "venue_id": 809,
            "current_season_id": 13029
        }
    },
    "league": {
        "data": {
            "id": 420,
            "active": true,
            "type": "domestic",
            "legacy_id": 152,
            "country_id": 2756,
            "logo_path": null,
            "name": "Premier League",
            "is_cup": false,
            "current_season_id": 16283,
            "current_round_id": 181738,
            "current_stage_id": 77444896,
            "live_standings": true,
            "coverage": {
                "predictions": 1,
                "topscorer_goals": false,
                "topscorer_assists": false,
                "topscorer_cards": false
            }
        }
    },
    "events": {
        "data": [
            {
                "id": 5375147001,
                "team_id": "1660",
                "type": "yellowcard",
                "fixture_id": 5375147,
                "player_id": 144181,
                "player_name": "F. Temile",
                "related_player_id": null,
                "related_player_name": null,
                "minute": 40,
                "extra_minute": null,
                "reason": null,
                "injuried": null,
                "result": null
            },
            {
                "id": 5375147002,
                "team_id": "5425",
                "type": "yellowcard",
                "fixture_id": 5375147,
                "player_id": 143389,
                "player_name": "A. Borg",
                "related_player_id": null,
                "related_player_name": null,
                "minute": 46,
                "extra_minute": null,
                "reason": null,
                "injuried": null,
                "result": null
            },
            {
                "id": 5375147003,
                "team_id": "1660",
                "type": "substitution",
                "fixture_id": 5375147,
                "player_id": 144531,
                "player_name": "M. Sansone",
                "related_player_id": 144338,
                "related_player_name": "P. Xuereb",
                "minute": 53,
                "extra_minute": null,
                "reason": null,
                "injuried": null,
                "result": null
            },
            {
                "id": 5375147004,
                "team_id": "1660",
                "type": "goal",
                "fixture_id": 5375147,
                "player_id": 440872,
                "player_name": "Jefferson",
                "related_player_id": null,
                "related_player_name": null,
                "minute": 58,
                "extra_minute": null,
                "reason": null,
                "injuried": null,
                "result": "0-1"
            },
            {
                "id": 5375147005,
                "team_id": "5425",
                "type": "yellowcard",
                "fixture_id": 5375147,
                "player_id": 3181422,
                "player_name": "T. Blagrove",
                "related_player_id": null,
                "related_player_name": null,
                "minute": 73,
                "extra_minute": null,
                "reason": null,
                "injuried": null,
                "result": null
            },
            {
                "id": 5375147006,
                "team_id": "1660",
                "type": "goal",
                "fixture_id": 5375147,
                "player_id": 3568501,
                "player_name": "N. Gavrić",
                "related_player_id": null,
                "related_player_name": null,
                "minute": 76,
                "extra_minute": null,
                "reason": null,
                "injuried": null,
                "result": "0-2"
            },
            {
                "id": 5375147007,
                "team_id": "5425",
                "type": "substitution",
                "fixture_id": 5375147,
                "player_id": 144744,
                "player_name": "L. Grech",
                "related_player_id": 3181426,
                "related_player_name": "I. Azian",
                "minute": 80,
                "extra_minute": null,
                "reason": null,
                "injuried": null,
                "result": null
            },
            {
                "id": 5375147008,
                "team_id": "1660",
                "type": "substitution",
                "fixture_id": 5375147,
                "player_id": 143490,
                "player_name": "G. Aquilina",
                "related_player_id": 440872,
                "related_player_name": "Jefferson",
                "minute": 82,
                "extra_minute": null,
                "reason": null,
                "injuried": null,
                "result": null
            },
            {
                "id": 5375147009,
                "team_id": "1660",
                "type": "substitution",
                "fixture_id": 5375147,
                "player_id": 143412,
                "player_name": "R. Spiteri",
                "related_player_id": 5336853,
                "related_player_name": "F. Qeros",
                "minute": 87,
                "extra_minute": null,
                "reason": null,
                "injuried": null,
                "result": null
            },
            {
                "id": 5375147010,
                "team_id": "1660",
                "type": "yellowcard",
                "fixture_id": 5375147,
                "player_id": 5336853,
                "player_name": "F. Qeros",
                "related_player_id": null,
                "related_player_name": null,
                "minute": 88,
                "extra_minute": null,
                "reason": null,
                "injuried": null,
                "result": null
            }
        ]
    },
    "odds": {
        "data": []
    }
}