{
    "id": 6411,
    "league_id": 8,
    "season_id": 13,
    "stage_id": 11,
    "round_id": 634,
    "group_id": null,
    "aggregate_id": null,
    "venue_id": 207,
    "referee_id": 41,
    "localteam_id": 26,
    "visitorteam_id": 51,
    "winner_team_id": 26,
    "weather_report": null,
    "commentaries": true,
    "attendance": 27007,
    "pitch": null,
    "details": null,
    "neutral_venue": false,
    "winning_odds_calculated": true,
    "formations": {
        "localteam_formation": "4-2-3-1",
        "visitorteam_formation": "4-2-3-1"
    },
    "scores": {
        "localteam_score": 1,
        "visitorteam_score": 0,
        "localteam_pen_score": null,
        "visitorteam_pen_score": null,
        "ht_score": "0-0",
        "ft_score": "1-0",
        "et_score": null
    },
    "time": {
        "status": "FT",
        "starting_at": {
            "date_time": "2017-02-11 15:00:00",
            "date": "2017-02-11",
            "time": "15:00:00",
            "timestamp": 1486825200,
            "timezone": "UTC"
        },
        "minute": 90,
        "second": null,
        "added_time": null,
        "extra_minute": null,
        "injury_time": null
    },
    "coaches": {
        "localteam_coach_id": 455458,
        "visitorteam_coach_id": 523910
    },
    "standings": {
        "localteam_position": null,
        "visitorteam_position": null
    },
    "assistants": {
        "first_assistant_id": null,
        "second_assistant_id": null,
        "fourth_official_id": null
    },
    "leg": "1/1",
    "colors": null,
    "deleted": false,
    "localTeam": {
        "data": {
            "id": 26,
            "legacy_id": 379,
            "name": "Stoke City",
            "short_code": "STK",
            "twitter": "@stokecity",
            "country_id": 462,
            "national_team": false,
            "founded": 1868,
            "logo_path": "https://cdn.sportmonks.com/images//soccer/teams/26/26.png",
            "venue_id": 207,
            "current_season_id": 16211
        }
    },
    "visitorTeam": {
        "data": {
            "id": 51,
            "legacy_id": 381,
            "name": "Crystal Palace",
            "short_code": "CRY",
            "twitter": "@CPFC",
            "country_id": 462,
            "national_team": false,
            "founded": 1905,
            "logo_path": "https://cdn.sportmonks.com/images//soccer/teams/19/51.png",
            "venue_id": 201,
            "current_season_id": 16036
        }
    },
    "league": {
        "data": {
            "id": 8,
            "active": true,
            "type": "domestic",
            "legacy_id": 29,
            "country_id": 462,
            "logo_path": "https://cdn.sportmonks.com/images/soccer/leagues/8.png",
            "name": "Premier League",
            "is_cup": false,
            "current_season_id": 16036,
            "current_round_id": 169657,
            "current_stage_id": 77443862,
            "live_standings": true,
            "coverage": {
                "predictions": 1,
                "topscorer_goals": true,
                "topscorer_assists": true,
                "topscorer_cards": true
            }
        }
    },
    "events": {
        "data": [
            {
                "id": 6911937,
                "team_id": "51",
                "type": "yellowcard",
                "fixture_id": 6411,
                "player_id": 1110,
                "player_name": "D. Delaney",
                "related_player_id": null,
                "related_player_name": null,
                "minute": 16,
                "extra_minute": null,
                "reason": null,
                "injuried": null,
                "result": null
            },
            {
                "id": 6911953,
                "team_id": "51",
                "type": "yellowcard",
                "fixture_id": 6411,
                "player_id": 1108,
                "player_name": "W. Zaha",
                "related_player_id": null,
                "related_player_name": null,
                "minute": 40,
                "extra_minute": null,
                "reason": null,
                "injuried": null,
                "result": null
            },
            {
                "id": 6911945,
                "team_id": "51",
                "type": "yellowcard",
                "fixture_id": 6411,
                "player_id": 790,
                "player_name": "J. Puncheon",
                "related_player_id": null,
                "related_player_name": null,
                "minute": 42,
                "extra_minute": null,
                "reason": null,
                "injuried": null,
                "result": null
            },
            {
                "id": 6911930,
                "team_id": "26",
                "type": "yellowcard",
                "fixture_id": 6411,
                "player_id": 429,
                "player_name": "R. Shawcross",
                "related_player_id": null,
                "related_player_name": null,
                "minute": 53,
                "extra_minute": null,
                "reason": null,
                "injuried": null,
                "result": null
            },
            {
                "id": 6911962,
                "team_id": "26",
                "type": "substitution",
                "fixture_id": 6411,
                "player_id": 293,
                "player_name": "G. Johnson",
                "related_player_id": 361,
                "related_player_name": "P. Bardsley",
                "minute": 58,
                "extra_minute": null,
                "reason": null,
                "injuried": null,
                "result": null
            },
            {
                "id": 6911921,
                "team_id": "26",
                "type": "goal",
                "fixture_id": 6411,
                "player_id": 830,
                "player_name": "J. Allen",
                "related_player_id": 2031,
                "related_player_name": "Ramadan Sobhi",
                "minute": 67,
                "extra_minute": null,
                "reason": null,
                "injuried": null,
                "result": null
            },
            {
                "id": 6911986,
                "team_id": "51",
                "type": "substitution",
                "fixture_id": 6411,
                "player_id": 927,
                "player_name": "J. Schlupp",
                "related_player_id": 1108,
                "related_player_name": "W. Zaha",
                "minute": 68,
                "extra_minute": null,
                "reason": null,
                "injuried": null,
                "result": null
            },
            {
                "id": 6911995,
                "team_id": "51",
                "type": "substitution",
                "fixture_id": 6411,
                "player_id": 1115,
                "player_name": "Y. Cabaye",
                "related_player_id": 790,
                "related_player_name": "J. Puncheon",
                "minute": 77,
                "extra_minute": null,
                "reason": null,
                "injuried": null,
                "result": null
            },
            {
                "id": 6911970,
                "team_id": "26",
                "type": "substitution",
                "fixture_id": 6411,
                "player_id": 1455,
                "player_name": "I. Afellay",
                "related_player_id": 539,
                "related_player_name": "C. Adam",
                "minute": 79,
                "extra_minute": null,
                "reason": null,
                "injuried": null,
                "result": null
            },
            {
                "id": 6911978,
                "team_id": "26",
                "type": "substitution",
                "fixture_id": 6411,
                "player_id": 410,
                "player_name": "M. Diouf",
                "related_player_id": 2031,
                "related_player_name": "Ramadan Sobhi",
                "minute": 82,
                "extra_minute": null,
                "reason": null,
                "injuried": null,
                "result": null
            },
            {
                "id": 6912003,
                "team_id": "51",
                "type": "substitution",
                "fixture_id": 6411,
                "player_id": 1063,
                "player_name": "L. Rémy",
                "related_player_id": 498,
                "related_player_name": "J. McArthur",
                "minute": 87,
                "extra_minute": null,
                "reason": null,
                "injuried": null,
                "result": null
            }
        ]
    },
    "odds": {
        "data": []
    }
}