{
    "id": 6607,
    "league_id": 8,
    "season_id": 13,
    "stage_id": 11,
    "round_id": 653,
    "group_id": null,
    "aggregate_id": null,
    "venue_id": 207,
    "referee_id": 1,
    "localteam_id": 26,
    "visitorteam_id": 7,
    "winner_team_id": 26,
    "weather_report": null,
    "commentaries": true,
    "attendance": 27644,
    "pitch": null,
    "details": null,
    "neutral_venue": false,
    "winning_odds_calculated": true,
    "formations": {
        "localteam_formation": "4-2-3-1",
        "visitorteam_formation": "4-3-3"
    },
    "scores": {
        "localteam_score": 2,
        "visitorteam_score": 0,
        "localteam_pen_score": null,
        "visitorteam_pen_score": null,
        "ht_score": "2-0",
        "ft_score": "2-0",
        "et_score": null
    },
    "time": {
        "status": "FT",
        "starting_at": {
            "date_time": "2017-03-04 15:00:00",
            "date": "2017-03-04",
            "time": "15:00:00",
            "timestamp": 1488639600,
            "timezone": "UTC"
        },
        "minute": 90,
        "second": null,
        "added_time": null,
        "extra_minute": null,
        "injury_time": null
    },
    "coaches": {
        "localteam_coach_id": 455458,
        "visitorteam_coach_id": 896473
    },
    "standings": {
        "localteam_position": null,
        "visitorteam_position": null
    },
    "assistants": {
        "first_assistant_id": null,
        "second_assistant_id": null,
        "fourth_official_id": null
    },
    "leg": "1/1",
    "colors": null,
    "deleted": false,
    "localTeam": {
        "data": {
            "id": 26,
            "legacy_id": 379,
            "name": "Stoke City",
            "short_code": "STK",
            "twitter": "@stokecity",
            "country_id": 462,
            "national_team": false,
            "founded": 1868,
            "logo_path": "https://cdn.sportmonks.com/images//soccer/teams/26/26.png",
            "venue_id": 207,
            "current_season_id": 16211
        }
    },
    "visitorTeam": {
        "data": {
            "id": 7,
            "legacy_id": 390,
            "name": "Middlesbrough",
            "short_code": "MID",
            "twitter": "@Boro",
            "country_id": 462,
            "national_team": false,
            "founded": 1876,
            "logo_path": "https://cdn.sportmonks.com/images//soccer/teams/7/7.png",
            "venue_id": 203,
            "current_season_id": 16211
        }
    },
    "league": {
        "data": {
            "id": 8,
            "active": true,
            "type": "domestic",
            "legacy_id": 29,
            "country_id": 462,
            "logo_path": "https://cdn.sportmonks.com/images/soccer/leagues/8.png",
            "name": "Premier League",
            "is_cup": false,
            "current_season_id": 16036,
            "current_round_id": 169657,
            "current_stage_id": 77443862,
            "live_standings": true,
            "coverage": {
                "predictions": 1,
                "topscorer_goals": true,
                "topscorer_assists": true,
                "topscorer_cards": true
            }
        }
    },
    "events": {
        "data": [
            {
                "id": 6913806,
                "team_id": "7",
                "type": "substitution",
                "fixture_id": 6607,
                "player_id": 4777,
                "player_name": "B. Espinosa",
                "related_player_id": 652,
                "related_player_name": "Daniel Ayala",
                "minute": 8,
                "extra_minute": null,
                "reason": null,
                "injuried": true,
                "result": null
            },
            {
                "id": 6913761,
                "team_id": "26",
                "type": "yellowcard",
                "fixture_id": 6607,
                "player_id": 429,
                "player_name": "R. Shawcross",
                "related_player_id": null,
                "related_player_name": null,
                "minute": 21,
                "extra_minute": null,
                "reason": null,
                "injuried": null,
                "result": null
            },
            {
                "id": 6913746,
                "team_id": "26",
                "type": "goal",
                "fixture_id": 6607,
                "player_id": 1139,
                "player_name": "M. Arnautović",
                "related_player_id": 437,
                "related_player_name": "G. Whelan",
                "minute": 29,
                "extra_minute": null,
                "reason": null,
                "injuried": null,
                "result": null
            },
            {
                "id": 6913754,
                "team_id": "26",
                "type": "goal",
                "fixture_id": 6607,
                "player_id": 1139,
                "player_name": "M. Arnautović",
                "related_player_id": 239,
                "related_player_name": "P. Crouch",
                "minute": 42,
                "extra_minute": null,
                "reason": null,
                "injuried": null,
                "result": null
            },
            {
                "id": 6913768,
                "team_id": "7",
                "type": "yellowcard",
                "fixture_id": 6607,
                "player_id": 1722,
                "player_name": "G. Friend",
                "related_player_id": null,
                "related_player_name": null,
                "minute": 45,
                "extra_minute": 2,
                "reason": null,
                "injuried": null,
                "result": null
            },
            {
                "id": 6913814,
                "team_id": "7",
                "type": "substitution",
                "fixture_id": 6607,
                "player_id": 1737,
                "player_name": "C. Stuani",
                "related_player_id": 1150,
                "related_player_name": "G. Ramírez",
                "minute": 46,
                "extra_minute": null,
                "reason": null,
                "injuried": null,
                "result": null
            },
            {
                "id": 6913782,
                "team_id": "26",
                "type": "substitution",
                "fixture_id": 6607,
                "player_id": 410,
                "player_name": "M. Diouf",
                "related_player_id": 1139,
                "related_player_name": "M. Arnautović",
                "minute": 65,
                "extra_minute": null,
                "reason": null,
                "injuried": null,
                "result": null
            },
            {
                "id": 6913822,
                "team_id": "7",
                "type": "substitution",
                "fixture_id": 6607,
                "player_id": 682,
                "player_name": "A. Guédioura",
                "related_player_id": 2598,
                "related_player_name": "G. Leadbitter",
                "minute": 75,
                "extra_minute": null,
                "reason": null,
                "injuried": null,
                "result": null
            },
            {
                "id": 6913775,
                "team_id": "7",
                "type": "yellowcard",
                "fixture_id": 6607,
                "player_id": 1717,
                "player_name": "M. de Roon",
                "related_player_id": null,
                "related_player_name": null,
                "minute": 78,
                "extra_minute": null,
                "reason": null,
                "injuried": null,
                "result": null
            },
            {
                "id": 6913790,
                "team_id": "26",
                "type": "substitution",
                "fixture_id": 6607,
                "player_id": 1178,
                "player_name": "S. Berahino",
                "related_player_id": 239,
                "related_player_name": "P. Crouch",
                "minute": 79,
                "extra_minute": null,
                "reason": null,
                "injuried": null,
                "result": null
            },
            {
                "id": 6913798,
                "team_id": "26",
                "type": "substitution",
                "fixture_id": 6607,
                "player_id": 1455,
                "player_name": "I. Afellay",
                "related_player_id": 4813,
                "related_player_name": "B. Martins Indi",
                "minute": 87,
                "extra_minute": null,
                "reason": null,
                "injuried": true,
                "result": null
            }
        ]
    },
    "odds": {
        "data": []
    }
}