{
    "id": 5975,
    "league_id": 8,
    "season_id": 13,
    "stage_id": 11,
    "round_id": 594,
    "group_id": null,
    "aggregate_id": null,
    "venue_id": 212,
    "referee_id": 118,
    "localteam_id": 3,
    "visitorteam_id": 26,
    "winner_team_id": 26,
    "weather_report": null,
    "commentaries": true,
    "attendance": null,
    "pitch": null,
    "details": null,
    "neutral_venue": false,
    "winning_odds_calculated": true,
    "formations": {
        "localteam_formation": "4-2-3-1",
        "visitorteam_formation": "4-2-3-1"
    },
    "scores": {
        "localteam_score": 1,
        "visitorteam_score": 3,
        "localteam_pen_score": null,
        "visitorteam_pen_score": null,
        "ht_score": "1-3",
        "ft_score": "1-3",
        "et_score": null
    },
    "time": {
        "status": "FT",
        "starting_at": {
            "date_time": "2017-01-14 15:00:00",
            "date": "2017-01-14",
            "time": "15:00:00",
            "timestamp": 1484406000,
            "timezone": "UTC"
        },
        "minute": 90,
        "second": null,
        "added_time": null,
        "extra_minute": null,
        "injury_time": null
    },
    "coaches": {
        "localteam_coach_id": 455355,
        "visitorteam_coach_id": 455458
    },
    "standings": {
        "localteam_position": null,
        "visitorteam_position": null
    },
    "assistants": {
        "first_assistant_id": null,
        "second_assistant_id": null,
        "fourth_official_id": null
    },
    "leg": "1/1",
    "colors": null,
    "deleted": false,
    "localTeam": {
        "data": {
            "id": 3,
            "legacy_id": 383,
            "name": "Sunderland",
            "short_code": "SUN",
            "twitter": null,
            "country_id": 462,
            "national_team": false,
            "founded": 1879,
            "logo_path": "https://cdn.sportmonks.com/images//soccer/teams/3/3.png",
            "venue_id": 212,
            "current_season_id": 16210
        }
    },
    "visitorTeam": {
        "data": {
            "id": 26,
            "legacy_id": 379,
            "name": "Stoke City",
            "short_code": "STK",
            "twitter": "@stokecity",
            "country_id": 462,
            "national_team": false,
            "founded": 1868,
            "logo_path": "https://cdn.sportmonks.com/images//soccer/teams/26/26.png",
            "venue_id": 207,
            "current_season_id": 16211
        }
    },
    "league": {
        "data": {
            "id": 8,
            "active": true,
            "type": "domestic",
            "legacy_id": 29,
            "country_id": 462,
            "logo_path": "https://cdn.sportmonks.com/images/soccer/leagues/8.png",
            "name": "Premier League",
            "is_cup": false,
            "current_season_id": 16036,
            "current_round_id": 169657,
            "current_stage_id": 77443862,
            "live_standings": true,
            "coverage": {
                "predictions": 1,
                "topscorer_goals": true,
                "topscorer_assists": true,
                "topscorer_cards": true
            }
        }
    },
    "events": {
        "data": [
            {
                "id": 6908202,
                "team_id": "26",
                "type": "goal",
                "fixture_id": 5975,
                "player_id": 1139,
                "player_name": "M. Arnautović",
                "related_player_id": null,
                "related_player_name": null,
                "minute": 15,
                "extra_minute": null,
                "reason": null,
                "injuried": null,
                "result": null
            },
            {
                "id": 6908212,
                "team_id": "26",
                "type": "goal",
                "fixture_id": 5975,
                "player_id": 1139,
                "player_name": "M. Arnautović",
                "related_player_id": 239,
                "related_player_name": "P. Crouch",
                "minute": 22,
                "extra_minute": null,
                "reason": null,
                "injuried": null,
                "result": null
            },
            {
                "id": 6908219,
                "team_id": "26",
                "type": "goal",
                "fixture_id": 5975,
                "player_id": 239,
                "player_name": "P. Crouch",
                "related_player_id": 539,
                "related_player_name": "C. Adam",
                "minute": 34,
                "extra_minute": null,
                "reason": null,
                "injuried": null,
                "result": null
            },
            {
                "id": 6908225,
                "team_id": "3",
                "type": "goal",
                "fixture_id": 5975,
                "player_id": 31,
                "player_name": "J. Defoe",
                "related_player_id": 1776,
                "related_player_name": "D. Love",
                "minute": 40,
                "extra_minute": null,
                "reason": null,
                "injuried": null,
                "result": null
            },
            {
                "id": 6908256,
                "team_id": "26",
                "type": "yellowcard",
                "fixture_id": 5975,
                "player_id": 539,
                "player_name": "C. Adam",
                "related_player_id": null,
                "related_player_name": null,
                "minute": 56,
                "extra_minute": null,
                "reason": null,
                "injuried": null,
                "result": null
            },
            {
                "id": 6908240,
                "team_id": "3",
                "type": "yellowcard",
                "fixture_id": 5975,
                "player_id": 1827,
                "player_name": "P. Djilobodji",
                "related_player_id": null,
                "related_player_name": null,
                "minute": 62,
                "extra_minute": null,
                "reason": null,
                "injuried": null,
                "result": null
            },
            {
                "id": 6908263,
                "team_id": "26",
                "type": "substitution",
                "fixture_id": 5975,
                "player_id": 1455,
                "player_name": "I. Afellay",
                "related_player_id": 539,
                "related_player_name": "C. Adam",
                "minute": 68,
                "extra_minute": null,
                "reason": null,
                "injuried": null,
                "result": null
            },
            {
                "id": 6908232,
                "team_id": "3",
                "type": "yellowcard",
                "fixture_id": 5975,
                "player_id": 712,
                "player_name": "P. van Aanholt",
                "related_player_id": null,
                "related_player_name": null,
                "minute": 72,
                "extra_minute": null,
                "reason": null,
                "injuried": null,
                "result": null
            },
            {
                "id": 6908270,
                "team_id": "26",
                "type": "substitution",
                "fixture_id": 5975,
                "player_id": 4744,
                "player_name": "J. Ngoy",
                "related_player_id": 1714,
                "related_player_name": "X. Shaqiri",
                "minute": 89,
                "extra_minute": null,
                "reason": null,
                "injuried": null,
                "result": null
            },
            {
                "id": 6908248,
                "team_id": "3",
                "type": "yellowcard",
                "fixture_id": 5975,
                "player_id": 821,
                "player_name": "A. Januzaj",
                "related_player_id": null,
                "related_player_name": null,
                "minute": 90,
                "extra_minute": 5,
                "reason": null,
                "injuried": null,
                "result": null
            }
        ]
    },
    "odds": {
        "data": []
    }
}