{
    "id": 6419,
    "league_id": 8,
    "season_id": 13,
    "stage_id": 11,
    "round_id": 634,
    "group_id": null,
    "aggregate_id": null,
    "venue_id": 212,
    "referee_id": 122,
    "localteam_id": 3,
    "visitorteam_id": 65,
    "winner_team_id": 65,
    "weather_report": null,
    "commentaries": true,
    "attendance": 39931,
    "pitch": null,
    "details": null,
    "neutral_venue": false,
    "winning_odds_calculated": true,
    "formations": {
        "localteam_formation": "3-5-1-1",
        "visitorteam_formation": "4-2-3-1"
    },
    "scores": {
        "localteam_score": 0,
        "visitorteam_score": 4,
        "localteam_pen_score": null,
        "visitorteam_pen_score": null,
        "ht_score": "0-2",
        "ft_score": "0-4",
        "et_score": null
    },
    "time": {
        "status": "FT",
        "starting_at": {
            "date_time": "2017-02-11 15:00:00",
            "date": "2017-02-11",
            "time": "15:00:00",
            "timestamp": 1486825200,
            "timezone": "UTC"
        },
        "minute": 90,
        "second": null,
        "added_time": null,
        "extra_minute": null,
        "injury_time": null
    },
    "coaches": {
        "localteam_coach_id": 455355,
        "visitorteam_coach_id": 455474
    },
    "standings": {
        "localteam_position": null,
        "visitorteam_position": null
    },
    "assistants": {
        "first_assistant_id": null,
        "second_assistant_id": null,
        "fourth_official_id": null
    },
    "leg": "1/1",
    "colors": null,
    "deleted": false,
    "localTeam": {
        "data": {
            "id": 3,
            "legacy_id": 383,
            "name": "Sunderland",
            "short_code": "SUN",
            "twitter": null,
            "country_id": 462,
            "national_team": false,
            "founded": 1879,
            "logo_path": "https://cdn.sportmonks.com/images//soccer/teams/3/3.png",
            "venue_id": 212,
            "current_season_id": 16210
        }
    },
    "visitorTeam": {
        "data": {
            "id": 65,
            "legacy_id": 376,
            "name": "Southampton",
            "short_code": "SOU",
            "twitter": "@SouthamptonFC",
            "country_id": 462,
            "national_team": false,
            "founded": 1885,
            "logo_path": "https://cdn.sportmonks.com/images//soccer/teams/1/65.png",
            "venue_id": 167,
            "current_season_id": 16036
        }
    },
    "league": {
        "data": {
            "id": 8,
            "active": true,
            "type": "domestic",
            "legacy_id": 29,
            "country_id": 462,
            "logo_path": "https://cdn.sportmonks.com/images/soccer/leagues/8.png",
            "name": "Premier League",
            "is_cup": false,
            "current_season_id": 16036,
            "current_round_id": 169657,
            "current_stage_id": 77443862,
            "live_standings": true,
            "coverage": {
                "predictions": 1,
                "topscorer_goals": true,
                "topscorer_assists": true,
                "topscorer_cards": true
            }
        }
    },
    "events": {
        "data": [
            {
                "id": 6912012,
                "team_id": "65",
                "type": "goal",
                "fixture_id": 6419,
                "player_id": 5361,
                "player_name": "M. Gabbiadini",
                "related_player_id": 1350,
                "related_player_name": "R. Bertrand",
                "minute": 30,
                "extra_minute": null,
                "reason": null,
                "injuried": null,
                "result": null
            },
            {
                "id": 6912024,
                "team_id": "65",
                "type": "goal",
                "fixture_id": 6419,
                "player_id": 5361,
                "player_name": "M. Gabbiadini",
                "related_player_id": 1351,
                "related_player_name": "D. Tadić",
                "minute": 45,
                "extra_minute": null,
                "reason": null,
                "injuried": null,
                "result": null
            },
            {
                "id": 6912057,
                "team_id": "3",
                "type": "substitution",
                "fixture_id": 6419,
                "player_id": 292,
                "player_name": "S. Pienaar",
                "related_player_id": 599,
                "related_player_name": "J. OShea",
                "minute": 46,
                "extra_minute": null,
                "reason": null,
                "injuried": null,
                "result": null
            },
            {
                "id": 6912066,
                "team_id": "3",
                "type": "substitution",
                "fixture_id": 6419,
                "player_id": 833,
                "player_name": "F. Borini",
                "related_player_id": 597,
                "related_player_name": "S. Larsson",
                "minute": 58,
                "extra_minute": null,
                "reason": null,
                "injuried": null,
                "result": null
            },
            {
                "id": 6912084,
                "team_id": "65",
                "type": "substitution",
                "fixture_id": 6419,
                "player_id": 722,
                "player_name": "S. Long",
                "related_player_id": 5361,
                "related_player_name": "M. Gabbiadini",
                "minute": 73,
                "extra_minute": null,
                "reason": null,
                "injuried": false,
                "result": null
            },
            {
                "id": 6912077,
                "team_id": "3",
                "type": "substitution",
                "fixture_id": 6419,
                "player_id": 1806,
                "player_name": "W. Khazri",
                "related_player_id": 1431,
                "related_player_name": "D. Gibson",
                "minute": 81,
                "extra_minute": null,
                "reason": null,
                "injuried": true,
                "result": null
            },
            {
                "id": 6912092,
                "team_id": "65",
                "type": "substitution",
                "fixture_id": 6419,
                "player_id": 1744,
                "player_name": "P. Højbjerg",
                "related_player_id": 1351,
                "related_player_name": "D. Tadić",
                "minute": 82,
                "extra_minute": null,
                "reason": null,
                "injuried": null,
                "result": null
            },
            {
                "id": 6912032,
                "team_id": "65",
                "type": "own-goal",
                "fixture_id": 6419,
                "player_id": 1487,
                "player_name": "J. Denayer",
                "related_player_id": null,
                "related_player_name": null,
                "minute": 88,
                "extra_minute": null,
                "reason": null,
                "injuried": null,
                "result": null
            },
            {
                "id": 6912040,
                "team_id": "65",
                "type": "goal",
                "fixture_id": 6419,
                "player_id": 722,
                "player_name": "S. Long",
                "related_player_id": 1155,
                "related_player_name": "J. Ward-Prowse",
                "minute": 90,
                "extra_minute": 2,
                "reason": null,
                "injuried": null,
                "result": null
            },
            {
                "id": 6912048,
                "team_id": "3",
                "type": "yellowcard",
                "fixture_id": 6419,
                "player_id": 1806,
                "player_name": "W. Khazri",
                "related_player_id": null,
                "related_player_name": null,
                "minute": 90,
                "extra_minute": 4,
                "reason": null,
                "injuried": null,
                "result": null
            }
        ]
    },
    "odds": {
        "data": []
    }
}