{
    "id": 7263,
    "league_id": 8,
    "season_id": 13,
    "stage_id": 11,
    "round_id": 710,
    "group_id": null,
    "aggregate_id": null,
    "venue_id": 212,
    "referee_id": 36,
    "localteam_id": 3,
    "visitorteam_id": 1,
    "winner_team_id": null,
    "weather_report": null,
    "commentaries": true,
    "attendance": null,
    "pitch": null,
    "details": null,
    "neutral_venue": false,
    "winning_odds_calculated": true,
    "formations": {
        "localteam_formation": "4-3-3",
        "visitorteam_formation": "4-2-3-1"
    },
    "scores": {
        "localteam_score": 2,
        "visitorteam_score": 2,
        "localteam_pen_score": null,
        "visitorteam_pen_score": null,
        "ht_score": "1-1",
        "ft_score": "2-2",
        "et_score": null
    },
    "time": {
        "status": "FT",
        "starting_at": {
            "date_time": "2017-04-15 14:00:00",
            "date": "2017-04-15",
            "time": "14:00:00",
            "timestamp": 1492264800,
            "timezone": "UTC"
        },
        "minute": 90,
        "second": null,
        "added_time": null,
        "extra_minute": null,
        "injury_time": null
    },
    "coaches": {
        "localteam_coach_id": 455355,
        "visitorteam_coach_id": 455343
    },
    "standings": {
        "localteam_position": null,
        "visitorteam_position": null
    },
    "assistants": {
        "first_assistant_id": null,
        "second_assistant_id": null,
        "fourth_official_id": null
    },
    "leg": "1/1",
    "colors": null,
    "deleted": false,
    "localTeam": {
        "data": {
            "id": 3,
            "legacy_id": 383,
            "name": "Sunderland",
            "short_code": "SUN",
            "twitter": null,
            "country_id": 462,
            "national_team": false,
            "founded": 1879,
            "logo_path": "https://cdn.sportmonks.com/images//soccer/teams/3/3.png",
            "venue_id": 212,
            "current_season_id": 16210
        }
    },
    "visitorTeam": {
        "data": {
            "id": 1,
            "legacy_id": 377,
            "name": "West Ham United",
            "short_code": "WHU",
            "twitter": "@WestHamUtd",
            "country_id": 462,
            "national_team": false,
            "founded": 1895,
            "logo_path": "https://cdn.sportmonks.com/images//soccer/teams/1/1.png",
            "venue_id": 214,
            "current_season_id": 16036
        }
    },
    "league": {
        "data": {
            "id": 8,
            "active": true,
            "type": "domestic",
            "legacy_id": 29,
            "country_id": 462,
            "logo_path": "https://cdn.sportmonks.com/images/soccer/leagues/8.png",
            "name": "Premier League",
            "is_cup": false,
            "current_season_id": 16036,
            "current_round_id": 169657,
            "current_stage_id": 77443862,
            "live_standings": true,
            "coverage": {
                "predictions": 1,
                "topscorer_goals": true,
                "topscorer_assists": true,
                "topscorer_cards": true
            }
        }
    },
    "events": {
        "data": [
            {
                "id": 6919674,
                "team_id": "3",
                "type": "yellowcard",
                "fixture_id": 7263,
                "player_id": 175,
                "player_name": "L. Cattermole",
                "related_player_id": null,
                "related_player_name": null,
                "minute": 1,
                "extra_minute": null,
                "reason": null,
                "injuried": null,
                "result": null
            },
            {
                "id": 6919644,
                "team_id": "1",
                "type": "goal",
                "fixture_id": 7263,
                "player_id": 1309,
                "player_name": "A. Ayew",
                "related_player_id": null,
                "related_player_name": null,
                "minute": 5,
                "extra_minute": null,
                "reason": null,
                "injuried": null,
                "result": null
            },
            {
                "id": 6919653,
                "team_id": "3",
                "type": "goal",
                "fixture_id": 7263,
                "player_id": 1806,
                "player_name": "W. Khazri",
                "related_player_id": null,
                "related_player_name": null,
                "minute": 26,
                "extra_minute": null,
                "reason": null,
                "injuried": null,
                "result": null
            },
            {
                "id": 6919660,
                "team_id": "1",
                "type": "goal",
                "fixture_id": 7263,
                "player_id": 538,
                "player_name": "J. Collins",
                "related_player_id": 870,
                "related_player_name": "R. Snodgrass",
                "minute": 47,
                "extra_minute": null,
                "reason": null,
                "injuried": null,
                "result": null
            },
            {
                "id": 6919682,
                "team_id": "1",
                "type": "yellowcard",
                "fixture_id": 7263,
                "player_id": 1928,
                "player_name": "S. Byram",
                "related_player_id": null,
                "related_player_name": null,
                "minute": 70,
                "extra_minute": null,
                "reason": null,
                "injuried": null,
                "result": null
            },
            {
                "id": 6919696,
                "team_id": "3",
                "type": "substitution",
                "fixture_id": 7263,
                "player_id": 821,
                "player_name": "A. Januzaj",
                "related_player_id": 175,
                "related_player_name": "L. Cattermole",
                "minute": 76,
                "extra_minute": null,
                "reason": null,
                "injuried": null,
                "result": null
            },
            {
                "id": 6919718,
                "team_id": "1",
                "type": "substitution",
                "fixture_id": 7263,
                "player_id": 1931,
                "player_name": "H. Nordtveit",
                "related_player_id": 870,
                "related_player_name": "R. Snodgrass",
                "minute": 81,
                "extra_minute": null,
                "reason": null,
                "injuried": null,
                "result": null
            },
            {
                "id": 6919703,
                "team_id": "3",
                "type": "substitution",
                "fixture_id": 7263,
                "player_id": 833,
                "player_name": "F. Borini",
                "related_player_id": 1143,
                "related_player_name": "B. Jones",
                "minute": 88,
                "extra_minute": null,
                "reason": null,
                "injuried": null,
                "result": null
            },
            {
                "id": 6919710,
                "team_id": "3",
                "type": "substitution",
                "fixture_id": 7263,
                "player_id": 1818,
                "player_name": "L. Koné",
                "related_player_id": 1352,
                "related_player_name": "Javi Manquillo",
                "minute": 89,
                "extra_minute": null,
                "reason": null,
                "injuried": true,
                "result": null
            },
            {
                "id": 6919690,
                "team_id": "1",
                "type": "yellowred",
                "fixture_id": 7263,
                "player_id": 1928,
                "player_name": "S. Byram",
                "related_player_id": null,
                "related_player_name": null,
                "minute": 90,
                "extra_minute": 5,
                "reason": null,
                "injuried": null,
                "result": null
            },
            {
                "id": 6919725,
                "team_id": "1",
                "type": "substitution",
                "fixture_id": 7263,
                "player_id": 4700,
                "player_name": "J. Calleri",
                "related_player_id": 1309,
                "related_player_name": "A. Ayew",
                "minute": 90,
                "extra_minute": 10,
                "reason": null,
                "injuried": null,
                "result": null
            },
            {
                "id": 6919668,
                "team_id": "3",
                "type": "goal",
                "fixture_id": 7263,
                "player_id": 833,
                "player_name": "F. Borini",
                "related_player_id": null,
                "related_player_name": null,
                "minute": 90,
                "extra_minute": null,
                "reason": null,
                "injuried": null,
                "result": null
            }
        ]
    },
    "odds": {
        "data": []
    }
}