{
    "id": 7427,
    "league_id": 8,
    "season_id": 13,
    "stage_id": 11,
    "round_id": 726,
    "group_id": null,
    "aggregate_id": null,
    "venue_id": 212,
    "referee_id": 119,
    "localteam_id": 3,
    "visitorteam_id": 52,
    "winner_team_id": 52,
    "weather_report": null,
    "commentaries": true,
    "attendance": 38394,
    "pitch": null,
    "details": null,
    "neutral_venue": false,
    "winning_odds_calculated": true,
    "formations": {
        "localteam_formation": "4-1-3-2",
        "visitorteam_formation": "4-4-1-1"
    },
    "scores": {
        "localteam_score": 0,
        "visitorteam_score": 1,
        "localteam_pen_score": null,
        "visitorteam_pen_score": null,
        "ht_score": "0-0",
        "ft_score": "0-1",
        "et_score": null
    },
    "time": {
        "status": "FT",
        "starting_at": {
            "date_time": "2017-04-29 14:00:00",
            "date": "2017-04-29",
            "time": "14:00:00",
            "timestamp": 1493474400,
            "timezone": "UTC"
        },
        "minute": 90,
        "second": null,
        "added_time": null,
        "extra_minute": null,
        "injury_time": null
    },
    "coaches": {
        "localteam_coach_id": 455355,
        "visitorteam_coach_id": 523911
    },
    "standings": {
        "localteam_position": null,
        "visitorteam_position": null
    },
    "assistants": {
        "first_assistant_id": null,
        "second_assistant_id": null,
        "fourth_official_id": null
    },
    "leg": "1/1",
    "colors": null,
    "deleted": false,
    "localTeam": {
        "data": {
            "id": 3,
            "legacy_id": 383,
            "name": "Sunderland",
            "short_code": "SUN",
            "twitter": null,
            "country_id": 462,
            "national_team": false,
            "founded": 1879,
            "logo_path": "https://cdn.sportmonks.com/images//soccer/teams/3/3.png",
            "venue_id": 212,
            "current_season_id": 16210
        }
    },
    "visitorTeam": {
        "data": {
            "id": 52,
            "legacy_id": 389,
            "name": "AFC Bournemouth",
            "short_code": "BOU",
            "twitter": "@afcbournemouth",
            "country_id": 462,
            "national_team": false,
            "founded": 1899,
            "logo_path": "https://cdn.sportmonks.com/images//soccer/teams/20/52.png",
            "venue_id": 146,
            "current_season_id": 16036
        }
    },
    "league": {
        "data": {
            "id": 8,
            "active": true,
            "type": "domestic",
            "legacy_id": 29,
            "country_id": 462,
            "logo_path": "https://cdn.sportmonks.com/images/soccer/leagues/8.png",
            "name": "Premier League",
            "is_cup": false,
            "current_season_id": 16036,
            "current_round_id": 169657,
            "current_stage_id": 77443862,
            "live_standings": true,
            "coverage": {
                "predictions": 1,
                "topscorer_goals": true,
                "topscorer_assists": true,
                "topscorer_cards": true
            }
        }
    },
    "events": {
        "data": [
            {
                "id": 6921347,
                "team_id": "52",
                "type": "yellowcard",
                "fixture_id": 7427,
                "player_id": 1834,
                "player_name": "L. Cook",
                "related_player_id": null,
                "related_player_name": null,
                "minute": 33,
                "extra_minute": null,
                "reason": "Foul",
                "injuried": null,
                "result": null
            },
            {
                "id": 6921318,
                "team_id": "3",
                "type": "yellowcard",
                "fixture_id": 7427,
                "player_id": 292,
                "player_name": "S. Pienaar",
                "related_player_id": null,
                "related_player_name": null,
                "minute": 46,
                "extra_minute": null,
                "reason": null,
                "injuried": null,
                "result": null
            },
            {
                "id": 6921354,
                "team_id": "3",
                "type": "substitution",
                "fixture_id": 7427,
                "player_id": 4591,
                "player_name": "G. Honeyman",
                "related_player_id": 292,
                "related_player_name": "S. Pienaar",
                "minute": 55,
                "extra_minute": null,
                "reason": null,
                "injuried": null,
                "result": null
            },
            {
                "id": 6921360,
                "team_id": "52",
                "type": "substitution",
                "fixture_id": 7427,
                "player_id": 513,
                "player_name": "J. Stanislas",
                "related_player_id": 1832,
                "related_player_name": "B. Afobe",
                "minute": 57,
                "extra_minute": null,
                "reason": null,
                "injuried": null,
                "result": null
            },
            {
                "id": 6921330,
                "team_id": "3",
                "type": "yellowcard",
                "fixture_id": 7427,
                "player_id": 833,
                "player_name": "F. Borini",
                "related_player_id": null,
                "related_player_name": null,
                "minute": 76,
                "extra_minute": null,
                "reason": null,
                "injuried": null,
                "result": null
            },
            {
                "id": 6921340,
                "team_id": "52",
                "type": "yellowcard",
                "fixture_id": 7427,
                "player_id": 1842,
                "player_name": "H. Arter",
                "related_player_id": null,
                "related_player_name": null,
                "minute": 76,
                "extra_minute": null,
                "reason": null,
                "injuried": null,
                "result": null
            },
            {
                "id": 6921324,
                "team_id": "3",
                "type": "yellowcard",
                "fixture_id": 7427,
                "player_id": 1806,
                "player_name": "W. Khazri",
                "related_player_id": null,
                "related_player_name": null,
                "minute": 78,
                "extra_minute": null,
                "reason": null,
                "injuried": null,
                "result": null
            },
            {
                "id": 6921366,
                "team_id": "52",
                "type": "substitution",
                "fixture_id": 7427,
                "player_id": 4901,
                "player_name": "L. Mousset",
                "related_player_id": 1033,
                "related_player_name": "M. Pugh",
                "minute": 82,
                "extra_minute": null,
                "reason": null,
                "injuried": null,
                "result": null
            },
            {
                "id": 6921310,
                "team_id": "52",
                "type": "goal",
                "fixture_id": 7427,
                "player_id": 1029,
                "player_name": "J. King",
                "related_player_id": 2712,
                "related_player_name": "R. Fraser",
                "minute": 88,
                "extra_minute": null,
                "reason": null,
                "injuried": null,
                "result": null
            },
            {
                "id": 6921372,
                "team_id": "52",
                "type": "substitution",
                "fixture_id": 7427,
                "player_id": 1034,
                "player_name": "M. Gradel",
                "related_player_id": 2712,
                "related_player_name": "R. Fraser",
                "minute": 90,
                "extra_minute": null,
                "reason": null,
                "injuried": null,
                "result": null
            }
        ]
    },
    "odds": {
        "data": []
    }
}