{
    "id": 6827,
    "league_id": 8,
    "season_id": 13,
    "stage_id": 11,
    "round_id": 672,
    "group_id": null,
    "aggregate_id": null,
    "venue_id": 212,
    "referee_id": 117,
    "localteam_id": 3,
    "visitorteam_id": 27,
    "winner_team_id": null,
    "weather_report": null,
    "commentaries": true,
    "attendance": null,
    "pitch": null,
    "details": null,
    "neutral_venue": false,
    "winning_odds_calculated": true,
    "formations": {
        "localteam_formation": "4-3-3",
        "visitorteam_formation": "4-4-2"
    },
    "scores": {
        "localteam_score": 0,
        "visitorteam_score": 0,
        "localteam_pen_score": null,
        "visitorteam_pen_score": null,
        "ht_score": "0-0",
        "ft_score": "0-0",
        "et_score": null
    },
    "time": {
        "status": "FT",
        "starting_at": {
            "date_time": "2017-03-18 15:00:00",
            "date": "2017-03-18",
            "time": "15:00:00",
            "timestamp": 1489849200,
            "timezone": "UTC"
        },
        "minute": 90,
        "second": null,
        "added_time": null,
        "extra_minute": null,
        "injury_time": null
    },
    "coaches": {
        "localteam_coach_id": 455355,
        "visitorteam_coach_id": 455461
    },
    "standings": {
        "localteam_position": null,
        "visitorteam_position": null
    },
    "assistants": {
        "first_assistant_id": null,
        "second_assistant_id": null,
        "fourth_official_id": null
    },
    "leg": "1/1",
    "colors": null,
    "deleted": false,
    "localTeam": {
        "data": {
            "id": 3,
            "legacy_id": 383,
            "name": "Sunderland",
            "short_code": "SUN",
            "twitter": null,
            "country_id": 462,
            "national_team": false,
            "founded": 1879,
            "logo_path": "https://cdn.sportmonks.com/images//soccer/teams/3/3.png",
            "venue_id": 212,
            "current_season_id": 16210
        }
    },
    "visitorTeam": {
        "data": {
            "id": 27,
            "legacy_id": 387,
            "name": "Burnley",
            "short_code": "BUR",
            "twitter": "@BurnleyOfficial",
            "country_id": 462,
            "national_team": false,
            "founded": 1882,
            "logo_path": "https://cdn.sportmonks.com/images//soccer/teams/27/27.png",
            "venue_id": 200,
            "current_season_id": 16036
        }
    },
    "league": {
        "data": {
            "id": 8,
            "active": true,
            "type": "domestic",
            "legacy_id": 29,
            "country_id": 462,
            "logo_path": "https://cdn.sportmonks.com/images/soccer/leagues/8.png",
            "name": "Premier League",
            "is_cup": false,
            "current_season_id": 16036,
            "current_round_id": 169657,
            "current_stage_id": 77443862,
            "live_standings": true,
            "coverage": {
                "predictions": 1,
                "topscorer_goals": true,
                "topscorer_assists": true,
                "topscorer_cards": true
            }
        }
    },
    "events": {
        "data": [
            {
                "id": 6915959,
                "team_id": "27",
                "type": "yellowcard",
                "fixture_id": 6827,
                "player_id": 658,
                "player_name": "J. Barton",
                "related_player_id": null,
                "related_player_name": null,
                "minute": 23,
                "extra_minute": null,
                "reason": null,
                "injuried": null,
                "result": null
            },
            {
                "id": 6915944,
                "team_id": "3",
                "type": "yellowcard",
                "fixture_id": 6827,
                "player_id": 1431,
                "player_name": "D. Gibson",
                "related_player_id": null,
                "related_player_name": null,
                "minute": 58,
                "extra_minute": null,
                "reason": null,
                "injuried": null,
                "result": null
            },
            {
                "id": 6915982,
                "team_id": "27",
                "type": "substitution",
                "fixture_id": 6827,
                "player_id": 505,
                "player_name": "S. Vokes",
                "related_player_id": 1448,
                "related_player_name": "A. Barnes",
                "minute": 65,
                "extra_minute": null,
                "reason": null,
                "injuried": null,
                "result": null
            },
            {
                "id": 6915968,
                "team_id": "3",
                "type": "substitution",
                "fixture_id": 6827,
                "player_id": 4821,
                "player_name": "D. Ndong",
                "related_player_id": 1431,
                "related_player_name": "D. Gibson",
                "minute": 74,
                "extra_minute": null,
                "reason": null,
                "injuried": null,
                "result": null
            },
            {
                "id": 6915990,
                "team_id": "27",
                "type": "substitution",
                "fixture_id": 6827,
                "player_id": 1101,
                "player_name": "R. Brady",
                "related_player_id": 1378,
                "related_player_name": "G. Boyd",
                "minute": 74,
                "extra_minute": null,
                "reason": null,
                "injuried": null,
                "result": null
            },
            {
                "id": 6915976,
                "team_id": "3",
                "type": "substitution",
                "fixture_id": 6827,
                "player_id": 1806,
                "player_name": "W. Khazri",
                "related_player_id": 597,
                "related_player_name": "S. Larsson",
                "minute": 78,
                "extra_minute": null,
                "reason": null,
                "injuried": null,
                "result": null
            },
            {
                "id": 6915951,
                "team_id": "3",
                "type": "yellowcard",
                "fixture_id": 6827,
                "player_id": 833,
                "player_name": "F. Borini",
                "related_player_id": null,
                "related_player_name": null,
                "minute": 81,
                "extra_minute": null,
                "reason": null,
                "injuried": null,
                "result": null
            },
            {
                "id": 6915934,
                "team_id": "3",
                "type": "yellowcard",
                "fixture_id": 6827,
                "player_id": 1143,
                "player_name": "B. Jones",
                "related_player_id": null,
                "related_player_name": null,
                "minute": 86,
                "extra_minute": null,
                "reason": null,
                "injuried": null,
                "result": null
            }
        ]
    },
    "odds": {
        "data": []
    }
}