{
    "id": 6673,
    "league_id": 8,
    "season_id": 13,
    "stage_id": 11,
    "round_id": 653,
    "group_id": null,
    "aggregate_id": null,
    "venue_id": 212,
    "referee_id": 41,
    "localteam_id": 3,
    "visitorteam_id": 9,
    "winner_team_id": 9,
    "weather_report": null,
    "commentaries": true,
    "attendance": 41107,
    "pitch": null,
    "details": null,
    "neutral_venue": false,
    "winning_odds_calculated": true,
    "formations": {
        "localteam_formation": "4-5-1",
        "visitorteam_formation": "4-3-3"
    },
    "scores": {
        "localteam_score": 0,
        "visitorteam_score": 2,
        "localteam_pen_score": null,
        "visitorteam_pen_score": null,
        "ht_score": "0-1",
        "ft_score": "0-2",
        "et_score": null
    },
    "time": {
        "status": "FT",
        "starting_at": {
            "date_time": "2017-03-05 16:00:00",
            "date": "2017-03-05",
            "time": "16:00:00",
            "timestamp": 1488729600,
            "timezone": "UTC"
        },
        "minute": 90,
        "second": null,
        "added_time": null,
        "extra_minute": null,
        "injury_time": null
    },
    "coaches": {
        "localteam_coach_id": 455355,
        "visitorteam_coach_id": 455361
    },
    "standings": {
        "localteam_position": null,
        "visitorteam_position": null
    },
    "assistants": {
        "first_assistant_id": null,
        "second_assistant_id": null,
        "fourth_official_id": null
    },
    "leg": "1/1",
    "colors": null,
    "deleted": false,
    "localTeam": {
        "data": {
            "id": 3,
            "legacy_id": 383,
            "name": "Sunderland",
            "short_code": "SUN",
            "twitter": null,
            "country_id": 462,
            "national_team": false,
            "founded": 1879,
            "logo_path": "https://cdn.sportmonks.com/images//soccer/teams/3/3.png",
            "venue_id": 212,
            "current_season_id": 16210
        }
    },
    "visitorTeam": {
        "data": {
            "id": 9,
            "legacy_id": 127,
            "name": "Manchester City",
            "short_code": "MCI",
            "twitter": "@ManCity",
            "country_id": 462,
            "national_team": false,
            "founded": 1880,
            "logo_path": "https://cdn.sportmonks.com/images//soccer/teams/9/9.png",
            "venue_id": 151,
            "current_season_id": 16036
        }
    },
    "league": {
        "data": {
            "id": 8,
            "active": true,
            "type": "domestic",
            "legacy_id": 29,
            "country_id": 462,
            "logo_path": "https://cdn.sportmonks.com/images/soccer/leagues/8.png",
            "name": "Premier League",
            "is_cup": false,
            "current_season_id": 16036,
            "current_round_id": 169657,
            "current_stage_id": 77443862,
            "live_standings": true,
            "coverage": {
                "predictions": 1,
                "topscorer_goals": true,
                "topscorer_assists": true,
                "topscorer_cards": true
            }
        }
    },
    "events": {
        "data": [
            {
                "id": 6914393,
                "team_id": "3",
                "type": "yellowcard",
                "fixture_id": 6673,
                "player_id": 599,
                "player_name": "J. O'Shea",
                "related_player_id": null,
                "related_player_name": null,
                "minute": 31,
                "extra_minute": null,
                "reason": null,
                "injuried": null,
                "result": null
            },
            {
                "id": 6914376,
                "team_id": "9",
                "type": "goal",
                "fixture_id": 6673,
                "player_id": 1359,
                "player_name": "S. Agüero",
                "related_player_id": null,
                "related_player_name": null,
                "minute": 42,
                "extra_minute": null,
                "reason": null,
                "injuried": null,
                "result": null
            },
            {
                "id": 6914385,
                "team_id": "9",
                "type": "goal",
                "fixture_id": 6673,
                "player_id": 4783,
                "player_name": "L. Sané",
                "related_player_id": 294,
                "related_player_name": "David Silva",
                "minute": 59,
                "extra_minute": null,
                "reason": null,
                "injuried": null,
                "result": null
            },
            {
                "id": 6914400,
                "team_id": "3",
                "type": "substitution",
                "fixture_id": 6673,
                "player_id": 411,
                "player_name": "J. Rodwell",
                "related_player_id": 1431,
                "related_player_name": "D. Gibson",
                "minute": 69,
                "extra_minute": null,
                "reason": null,
                "injuried": null,
                "result": null
            },
            {
                "id": 6914416,
                "team_id": "9",
                "type": "substitution",
                "fixture_id": 6673,
                "player_id": 1371,
                "player_name": "K. De Bruyne",
                "related_player_id": 296,
                "related_player_name": "Y. Touré",
                "minute": 78,
                "extra_minute": null,
                "reason": null,
                "injuried": null,
                "result": null
            },
            {
                "id": 6914408,
                "team_id": "3",
                "type": "substitution",
                "fixture_id": 6673,
                "player_id": 1806,
                "player_name": "W. Khazri",
                "related_player_id": 821,
                "related_player_name": "A. Januzaj",
                "minute": 82,
                "extra_minute": null,
                "reason": null,
                "injuried": null,
                "result": null
            },
            {
                "id": 6914424,
                "team_id": "9",
                "type": "substitution",
                "fixture_id": 6673,
                "player_id": 1792,
                "player_name": "Nolito",
                "related_player_id": 802,
                "related_player_name": "R. Sterling",
                "minute": 82,
                "extra_minute": null,
                "reason": null,
                "injuried": null,
                "result": null
            },
            {
                "id": 6914432,
                "team_id": "9",
                "type": "substitution",
                "fixture_id": 6673,
                "player_id": 166,
                "player_name": "F. Delph",
                "related_player_id": 4783,
                "related_player_name": "L. Sané",
                "minute": 89,
                "extra_minute": null,
                "reason": null,
                "injuried": null,
                "result": null
            }
        ]
    },
    "odds": {
        "data": []
    }
}