{
    "id": 6976,
    "league_id": 8,
    "season_id": 13,
    "stage_id": 11,
    "round_id": 681,
    "group_id": null,
    "aggregate_id": null,
    "venue_id": 208,
    "referee_id": 117,
    "localteam_id": 30,
    "visitorteam_id": 7,
    "winner_team_id": null,
    "weather_report": null,
    "commentaries": true,
    "attendance": 20354,
    "pitch": null,
    "details": null,
    "neutral_venue": false,
    "winning_odds_calculated": true,
    "formations": {
        "localteam_formation": "4-3-3",
        "visitorteam_formation": "4-2-3-1"
    },
    "scores": {
        "localteam_score": 0,
        "visitorteam_score": 0,
        "localteam_pen_score": null,
        "visitorteam_pen_score": null,
        "ht_score": "0-0",
        "ft_score": "0-0",
        "et_score": null
    },
    "time": {
        "status": "FT",
        "starting_at": {
            "date_time": "2017-04-02 12:30:00",
            "date": "2017-04-02",
            "time": "12:30:00",
            "timestamp": 1491136200,
            "timezone": "UTC"
        },
        "minute": 90,
        "second": null,
        "added_time": null,
        "extra_minute": null,
        "injury_time": null
    },
    "coaches": {
        "localteam_coach_id": 455468,
        "visitorteam_coach_id": 455352
    },
    "standings": {
        "localteam_position": null,
        "visitorteam_position": null
    },
    "assistants": {
        "first_assistant_id": null,
        "second_assistant_id": null,
        "fourth_official_id": null
    },
    "leg": "1/1",
    "colors": null,
    "deleted": false,
    "localTeam": {
        "data": {
            "id": 30,
            "legacy_id": 378,
            "name": "Swansea City",
            "short_code": "SWA",
            "twitter": "@SwansOfficial",
            "country_id": 515,
            "national_team": false,
            "founded": 1912,
            "logo_path": "https://cdn.sportmonks.com/images//soccer/teams/30/30.png",
            "venue_id": 208,
            "current_season_id": 16211
        }
    },
    "visitorTeam": {
        "data": {
            "id": 7,
            "legacy_id": 390,
            "name": "Middlesbrough",
            "short_code": "MID",
            "twitter": "@Boro",
            "country_id": 462,
            "national_team": false,
            "founded": 1876,
            "logo_path": "https://cdn.sportmonks.com/images//soccer/teams/7/7.png",
            "venue_id": 203,
            "current_season_id": 16211
        }
    },
    "league": {
        "data": {
            "id": 8,
            "active": true,
            "type": "domestic",
            "legacy_id": 29,
            "country_id": 462,
            "logo_path": "https://cdn.sportmonks.com/images/soccer/leagues/8.png",
            "name": "Premier League",
            "is_cup": false,
            "current_season_id": 16036,
            "current_round_id": 169657,
            "current_stage_id": 77443862,
            "live_standings": true,
            "coverage": {
                "predictions": 1,
                "topscorer_goals": true,
                "topscorer_assists": true,
                "topscorer_cards": true
            }
        }
    },
    "events": {
        "data": [
            {
                "id": 6917214,
                "team_id": "30",
                "type": "yellowcard",
                "fixture_id": 6976,
                "player_id": 1497,
                "player_name": "L. Fer",
                "related_player_id": null,
                "related_player_name": null,
                "minute": 16,
                "extra_minute": null,
                "reason": null,
                "injuried": null,
                "result": null
            },
            {
                "id": 6917221,
                "team_id": "7",
                "type": "yellowcard",
                "fixture_id": 6976,
                "player_id": 625,
                "player_name": "Fábio",
                "related_player_id": null,
                "related_player_name": null,
                "minute": 23,
                "extra_minute": null,
                "reason": null,
                "injuried": null,
                "result": null
            },
            {
                "id": 6917245,
                "team_id": "7",
                "type": "substitution",
                "fixture_id": 6976,
                "player_id": 1025,
                "player_name": "R. Gestede",
                "related_player_id": 1150,
                "related_player_name": "G. Ramírez",
                "minute": 39,
                "extra_minute": null,
                "reason": null,
                "injuried": null,
                "result": null
            },
            {
                "id": 6917206,
                "team_id": "30",
                "type": "yellowcard",
                "fixture_id": 6976,
                "player_id": 4943,
                "player_name": "A. Mawson",
                "related_player_id": null,
                "related_player_name": null,
                "minute": 58,
                "extra_minute": null,
                "reason": "Foul",
                "injuried": null,
                "result": null
            },
            {
                "id": 6917252,
                "team_id": "7",
                "type": "substitution",
                "fixture_id": 6976,
                "player_id": 1716,
                "player_name": "A. Forshaw",
                "related_player_id": 625,
                "related_player_name": "Fábio",
                "minute": 65,
                "extra_minute": null,
                "reason": null,
                "injuried": null,
                "result": null
            },
            {
                "id": 6917229,
                "team_id": "7",
                "type": "yellowcard",
                "fixture_id": 6976,
                "player_id": 1428,
                "player_name": "Álvaro Negredo",
                "related_player_id": null,
                "related_player_name": null,
                "minute": 69,
                "extra_minute": null,
                "reason": null,
                "injuried": null,
                "result": null
            },
            {
                "id": 6917237,
                "team_id": "7",
                "type": "yellowcard",
                "fixture_id": 6976,
                "player_id": 1025,
                "player_name": "R. Gestede",
                "related_player_id": null,
                "related_player_name": null,
                "minute": 79,
                "extra_minute": null,
                "reason": "Argument",
                "injuried": null,
                "result": null
            }
        ]
    },
    "odds": {
        "data": []
    }
}