{
    "id": 5986,
    "league_id": 8,
    "season_id": 13,
    "stage_id": 11,
    "round_id": 594,
    "group_id": null,
    "aggregate_id": null,
    "venue_id": 208,
    "referee_id": 123,
    "localteam_id": 30,
    "visitorteam_id": 19,
    "winner_team_id": 19,
    "weather_report": null,
    "commentaries": true,
    "attendance": 20875,
    "pitch": null,
    "details": null,
    "neutral_venue": false,
    "winning_odds_calculated": true,
    "formations": {
        "localteam_formation": "4-2-3-1",
        "visitorteam_formation": "4-2-3-1"
    },
    "scores": {
        "localteam_score": 0,
        "visitorteam_score": 4,
        "localteam_pen_score": null,
        "visitorteam_pen_score": null,
        "ht_score": "0-1",
        "ft_score": "0-4",
        "et_score": null
    },
    "time": {
        "status": "FT",
        "starting_at": {
            "date_time": "2017-01-14 15:00:00",
            "date": "2017-01-14",
            "time": "15:00:00",
            "timestamp": 1484406000,
            "timezone": "UTC"
        },
        "minute": 90,
        "second": null,
        "added_time": null,
        "extra_minute": null,
        "injury_time": null
    },
    "coaches": {
        "localteam_coach_id": 455468,
        "visitorteam_coach_id": 455383
    },
    "standings": {
        "localteam_position": null,
        "visitorteam_position": null
    },
    "assistants": {
        "first_assistant_id": null,
        "second_assistant_id": null,
        "fourth_official_id": null
    },
    "leg": "1/1",
    "colors": null,
    "deleted": false,
    "localTeam": {
        "data": {
            "id": 30,
            "legacy_id": 378,
            "name": "Swansea City",
            "short_code": "SWA",
            "twitter": "@SwansOfficial",
            "country_id": 515,
            "national_team": false,
            "founded": 1912,
            "logo_path": "https://cdn.sportmonks.com/images//soccer/teams/30/30.png",
            "venue_id": 208,
            "current_season_id": 16211
        }
    },
    "visitorTeam": {
        "data": {
            "id": 19,
            "legacy_id": 124,
            "name": "Arsenal",
            "short_code": "ARS",
            "twitter": "@Arsenal",
            "country_id": 462,
            "national_team": false,
            "founded": 1886,
            "logo_path": "https://cdn.sportmonks.com/images//soccer/teams/19/19.png",
            "venue_id": 204,
            "current_season_id": 16036
        }
    },
    "league": {
        "data": {
            "id": 8,
            "active": true,
            "type": "domestic",
            "legacy_id": 29,
            "country_id": 462,
            "logo_path": "https://cdn.sportmonks.com/images/soccer/leagues/8.png",
            "name": "Premier League",
            "is_cup": false,
            "current_season_id": 16036,
            "current_round_id": 169657,
            "current_stage_id": 77443862,
            "live_standings": true,
            "coverage": {
                "predictions": 1,
                "topscorer_goals": true,
                "topscorer_assists": true,
                "topscorer_cards": true
            }
        }
    },
    "events": {
        "data": [
            {
                "id": 6908280,
                "team_id": "19",
                "type": "goal",
                "fixture_id": 5986,
                "player_id": 798,
                "player_name": "O. Giroud",
                "related_player_id": null,
                "related_player_name": null,
                "minute": 37,
                "extra_minute": null,
                "reason": null,
                "injuried": null,
                "result": null
            },
            {
                "id": 6908312,
                "team_id": "30",
                "type": "yellowcard",
                "fixture_id": 5986,
                "player_id": 813,
                "player_name": "Sung-Yeung Ki",
                "related_player_id": null,
                "related_player_name": null,
                "minute": 43,
                "extra_minute": null,
                "reason": null,
                "injuried": null,
                "result": null
            },
            {
                "id": 6908290,
                "team_id": "19",
                "type": "own-goal",
                "fixture_id": 5986,
                "player_id": 1156,
                "player_name": "J. Cork",
                "related_player_id": null,
                "related_player_name": null,
                "minute": 54,
                "extra_minute": null,
                "reason": null,
                "injuried": null,
                "result": null
            },
            {
                "id": 6908329,
                "team_id": "30",
                "type": "substitution",
                "fixture_id": 5986,
                "player_id": 1497,
                "player_name": "L. Fer",
                "related_player_id": 818,
                "related_player_name": "N. Dyer",
                "minute": 55,
                "extra_minute": null,
                "reason": null,
                "injuried": null,
                "result": null
            },
            {
                "id": 6908351,
                "team_id": "19",
                "type": "substitution",
                "fixture_id": 5986,
                "player_id": 850,
                "player_name": "A. Oxlade-Chamberlain",
                "related_player_id": 798,
                "related_player_name": "O. Giroud",
                "minute": 60,
                "extra_minute": null,
                "reason": null,
                "injuried": null,
                "result": null
            },
            {
                "id": 6908297,
                "team_id": "19",
                "type": "own-goal",
                "fixture_id": 5986,
                "player_id": 1194,
                "player_name": "K. Naughton",
                "related_player_id": null,
                "related_player_name": null,
                "minute": 67,
                "extra_minute": null,
                "reason": null,
                "injuried": null,
                "result": null
            },
            {
                "id": 6908336,
                "team_id": "30",
                "type": "substitution",
                "fixture_id": 5986,
                "player_id": 4881,
                "player_name": "Borja Bastón",
                "related_player_id": 1632,
                "related_player_name": "Llorente",
                "minute": 70,
                "extra_minute": null,
                "reason": null,
                "injuried": null,
                "result": null
            },
            {
                "id": 6908344,
                "team_id": "30",
                "type": "substitution",
                "fixture_id": 5986,
                "player_id": 4746,
                "player_name": "O. McBurnie",
                "related_player_id": 1156,
                "related_player_name": "J. Cork",
                "minute": 71,
                "extra_minute": null,
                "reason": null,
                "injuried": null,
                "result": null
            },
            {
                "id": 6908304,
                "team_id": "19",
                "type": "goal",
                "fixture_id": 5986,
                "player_id": 1300,
                "player_name": "A. Sánchez",
                "related_player_id": null,
                "related_player_name": null,
                "minute": 73,
                "extra_minute": null,
                "reason": null,
                "injuried": null,
                "result": null
            },
            {
                "id": 6908320,
                "team_id": "30",
                "type": "yellowcard",
                "fixture_id": 5986,
                "player_id": 1497,
                "player_name": "L. Fer",
                "related_player_id": null,
                "related_player_name": null,
                "minute": 78,
                "extra_minute": null,
                "reason": null,
                "injuried": null,
                "result": null
            },
            {
                "id": 6908359,
                "team_id": "19",
                "type": "substitution",
                "fixture_id": 5986,
                "player_id": 4801,
                "player_name": "Lucas Pérez",
                "related_player_id": 1430,
                "related_player_name": "M. Özil",
                "minute": 79,
                "extra_minute": null,
                "reason": null,
                "injuried": null,
                "result": null
            },
            {
                "id": 6908366,
                "team_id": "19",
                "type": "substitution",
                "fixture_id": 5986,
                "player_id": 627,
                "player_name": "D. Welbeck",
                "related_player_id": 1300,
                "related_player_name": "A. Sánchez",
                "minute": 79,
                "extra_minute": null,
                "reason": null,
                "injuried": null,
                "result": null
            }
        ]
    },
    "odds": {
        "data": []
    }
}