{
    "id": 10411841,
    "league_id": 420,
    "season_id": 13029,
    "stage_id": 7743138,
    "round_id": 153277,
    "group_id": null,
    "aggregate_id": null,
    "venue_id": 4453,
    "referee_id": null,
    "localteam_id": 9969,
    "visitorteam_id": 1877,
    "winner_team_id": 1877,
    "weather_report": null,
    "commentaries": null,
    "attendance": null,
    "pitch": null,
    "details": null,
    "neutral_venue": false,
    "winning_odds_calculated": true,
    "formations": {
        "localteam_formation": null,
        "visitorteam_formation": null
    },
    "scores": {
        "localteam_score": 0,
        "visitorteam_score": 2,
        "localteam_pen_score": null,
        "visitorteam_pen_score": null,
        "ht_score": "0-0",
        "ft_score": "0-2",
        "et_score": null
    },
    "time": {
        "status": "FT",
        "starting_at": {
            "date_time": "2019-03-08 17:00:00",
            "date": "2019-03-08",
            "time": "17:00:00",
            "timestamp": 1552064400,
            "timezone": "UTC"
        },
        "minute": 90,
        "second": null,
        "added_time": 0,
        "extra_minute": null,
        "injury_time": null
    },
    "coaches": {
        "localteam_coach_id": 3187823,
        "visitorteam_coach_id": 30457973
    },
    "standings": {
        "localteam_position": 10,
        "visitorteam_position": 6
    },
    "assistants": {
        "first_assistant_id": null,
        "second_assistant_id": null,
        "fourth_official_id": null
    },
    "leg": "1/1",
    "colors": {
        "localteam": {
            "color": null,
            "kit_colors": null
        },
        "visitorteam": {
            "color": null,
            "kit_colors": null
        }
    },
    "deleted": false,
    "localTeam": {
        "data": {
            "id": 9969,
            "legacy_id": 1725,
            "name": "Tarxien Rainbows",
            "short_code": null,
            "twitter": null,
            "country_id": 2756,
            "national_team": false,
            "founded": 1944,
            "logo_path": "https://cdn.sportmonks.com/images//soccer/teams/17/9969.png",
            "venue_id": 6550,
            "current_season_id": 13029
        }
    },
    "visitorTeam": {
        "data": {
            "id": 1877,
            "legacy_id": 1715,
            "name": "Birkirkara",
            "short_code": null,
            "twitter": null,
            "country_id": 2756,
            "national_team": false,
            "founded": 1950,
            "logo_path": "https://cdn.sportmonks.com/images//soccer/teams/21/1877.png",
            "venue_id": 332558,
            "current_season_id": 13029
        }
    },
    "league": {
        "data": {
            "id": 420,
            "active": true,
            "type": "domestic",
            "legacy_id": 152,
            "country_id": 2756,
            "logo_path": null,
            "name": "Premier League",
            "is_cup": false,
            "current_season_id": 16283,
            "current_round_id": 181738,
            "current_stage_id": 77444896,
            "live_standings": true,
            "coverage": {
                "predictions": 1,
                "topscorer_goals": false,
                "topscorer_assists": false,
                "topscorer_cards": false
            }
        }
    },
    "events": {
        "data": [
            {
                "id": 10411841001,
                "team_id": "9969",
                "type": "yellowcard",
                "fixture_id": 10411841,
                "player_id": 111592,
                "player_name": "Ricardinho",
                "related_player_id": null,
                "related_player_name": null,
                "minute": 50,
                "extra_minute": null,
                "reason": null,
                "injuried": null,
                "result": null
            },
            {
                "id": 10411841002,
                "team_id": "1877",
                "type": "goal",
                "fixture_id": 10411841,
                "player_id": 143039,
                "player_name": "N. Vukanac",
                "related_player_id": null,
                "related_player_name": null,
                "minute": 50,
                "extra_minute": null,
                "reason": null,
                "injuried": null,
                "result": "0-1"
            },
            {
                "id": 10411841003,
                "team_id": "9969",
                "type": "yellowcard",
                "fixture_id": 10411841,
                "player_id": 154339,
                "player_name": "D. Mambouana",
                "related_player_id": null,
                "related_player_name": null,
                "minute": 55,
                "extra_minute": null,
                "reason": null,
                "injuried": null,
                "result": null
            },
            {
                "id": 10411841004,
                "team_id": "1877",
                "type": "substitution",
                "fixture_id": 10411841,
                "player_id": 72558,
                "player_name": "M. Anđelković",
                "related_player_id": 144612,
                "related_player_name": "M. Guillaumier",
                "minute": 57,
                "extra_minute": null,
                "reason": null,
                "injuried": null,
                "result": null
            },
            {
                "id": 10411841005,
                "team_id": "1877",
                "type": "substitution",
                "fixture_id": 10411841,
                "player_id": 1615,
                "player_name": "M. Mifsud",
                "related_player_id": 222574,
                "related_player_name": "Thiago Brito",
                "minute": 71,
                "extra_minute": null,
                "reason": null,
                "injuried": null,
                "result": null
            },
            {
                "id": 10411841006,
                "team_id": "9969",
                "type": "substitution",
                "fixture_id": 10411841,
                "player_id": 128069,
                "player_name": "M. Paolucci",
                "related_player_id": 143339,
                "related_player_name": "S. Arab",
                "minute": 75,
                "extra_minute": null,
                "reason": null,
                "injuried": null,
                "result": null
            },
            {
                "id": 10411841007,
                "team_id": "9969",
                "type": "yellowcard",
                "fixture_id": 10411841,
                "player_id": 217439,
                "player_name": "Jacson",
                "related_player_id": null,
                "related_player_name": null,
                "minute": 78,
                "extra_minute": null,
                "reason": null,
                "injuried": null,
                "result": null
            },
            {
                "id": 10411841008,
                "team_id": "9969",
                "type": "yellowred",
                "fixture_id": 10411841,
                "player_id": 217439,
                "player_name": "Jacson",
                "related_player_id": null,
                "related_player_name": null,
                "minute": 79,
                "extra_minute": null,
                "reason": null,
                "injuried": null,
                "result": null
            },
            {
                "id": 10411841009,
                "team_id": "1877",
                "type": "substitution",
                "fixture_id": 10411841,
                "player_id": 22504280,
                "player_name": "P. Mbong",
                "related_player_id": 144143,
                "related_player_name": "T. Agius",
                "minute": 81,
                "extra_minute": null,
                "reason": null,
                "injuried": null,
                "result": null
            },
            {
                "id": 10411841010,
                "team_id": "9969",
                "type": "yellowcard",
                "fixture_id": 10411841,
                "player_id": 144039,
                "player_name": "D. Zerafa",
                "related_player_id": null,
                "related_player_name": null,
                "minute": 87,
                "extra_minute": null,
                "reason": null,
                "injuried": null,
                "result": null
            },
            {
                "id": 10411841012,
                "team_id": "9969",
                "type": "substitution",
                "fixture_id": 10411841,
                "player_id": 455592,
                "player_name": "M. Spiteri",
                "related_player_id": 144810,
                "related_player_name": "Dê",
                "minute": 88,
                "extra_minute": null,
                "reason": null,
                "injuried": null,
                "result": null
            },
            {
                "id": 10411841011,
                "team_id": "1877",
                "type": "goal",
                "fixture_id": 10411841,
                "player_id": 143790,
                "player_name": "L. Montebello",
                "related_player_id": null,
                "related_player_name": null,
                "minute": 88,
                "extra_minute": null,
                "reason": null,
                "injuried": null,
                "result": "0-2"
            }
        ]
    },
    "odds": {
        "data": []
    }
}