{
    "id": 330432,
    "league_id": 420,
    "season_id": 793,
    "stage_id": 1457,
    "round_id": 26308,
    "group_id": null,
    "aggregate_id": null,
    "venue_id": 974,
    "referee_id": null,
    "localteam_id": 9969,
    "visitorteam_id": 7800,
    "winner_team_id": 7800,
    "weather_report": null,
    "commentaries": false,
    "attendance": null,
    "pitch": null,
    "details": null,
    "neutral_venue": false,
    "winning_odds_calculated": true,
    "formations": {
        "localteam_formation": null,
        "visitorteam_formation": null
    },
    "scores": {
        "localteam_score": 0,
        "visitorteam_score": 3,
        "localteam_pen_score": null,
        "visitorteam_pen_score": null,
        "ht_score": "0-3",
        "ft_score": "0-3",
        "et_score": null
    },
    "time": {
        "status": "FT",
        "starting_at": {
            "date_time": "2017-04-22 14:00:00",
            "date": "2017-04-22",
            "time": "14:00:00",
            "timestamp": 1492869600,
            "timezone": "UTC"
        },
        "minute": 90,
        "second": null,
        "added_time": null,
        "extra_minute": null,
        "injury_time": null
    },
    "coaches": {
        "localteam_coach_id": null,
        "visitorteam_coach_id": null
    },
    "standings": {
        "localteam_position": null,
        "visitorteam_position": null
    },
    "assistants": {
        "first_assistant_id": null,
        "second_assistant_id": null,
        "fourth_official_id": null
    },
    "leg": null,
    "colors": null,
    "deleted": false,
    "localTeam": {
        "data": {
            "id": 9969,
            "legacy_id": 1725,
            "name": "Tarxien Rainbows",
            "short_code": null,
            "twitter": null,
            "country_id": 2756,
            "national_team": false,
            "founded": 1944,
            "logo_path": "https://cdn.sportmonks.com/images//soccer/teams/17/9969.png",
            "venue_id": 6550,
            "current_season_id": 13029
        }
    },
    "visitorTeam": {
        "data": {
            "id": 7800,
            "legacy_id": 1718,
            "name": "Balzan",
            "short_code": null,
            "twitter": null,
            "country_id": 2756,
            "national_team": false,
            "founded": 0,
            "logo_path": "https://cdn.sportmonks.com/images//soccer/teams/24/7800.png",
            "venue_id": 5052,
            "current_season_id": 13029
        }
    },
    "league": {
        "data": {
            "id": 420,
            "active": true,
            "type": "domestic",
            "legacy_id": 152,
            "country_id": 2756,
            "logo_path": null,
            "name": "Premier League",
            "is_cup": false,
            "current_season_id": 16283,
            "current_round_id": 181738,
            "current_stage_id": 77444896,
            "live_standings": true,
            "coverage": {
                "predictions": 1,
                "topscorer_goals": false,
                "topscorer_assists": false,
                "topscorer_cards": false
            }
        }
    },
    "events": {
        "data": [
            {
                "id": 8444427,
                "team_id": "7800",
                "type": "goal",
                "fixture_id": 330432,
                "player_id": 143193,
                "player_name": "L. Micallef",
                "related_player_id": null,
                "related_player_name": null,
                "minute": 27,
                "extra_minute": null,
                "reason": null,
                "injuried": null,
                "result": null
            },
            {
                "id": 8444433,
                "team_id": "7800",
                "type": "goal",
                "fixture_id": 330432,
                "player_id": 76445,
                "player_name": "Alan",
                "related_player_id": null,
                "related_player_name": null,
                "minute": 30,
                "extra_minute": null,
                "reason": null,
                "injuried": null,
                "result": null
            },
            {
                "id": 8444440,
                "team_id": "7800",
                "type": "goal",
                "fixture_id": 330432,
                "player_id": 142888,
                "player_name": "A. Effiong",
                "related_player_id": null,
                "related_player_name": null,
                "minute": 40,
                "extra_minute": null,
                "reason": null,
                "injuried": null,
                "result": null
            }
        ]
    },
    "odds": {
        "data": []
    }
}