{
    "id": 10411826,
    "league_id": 420,
    "season_id": 13029,
    "stage_id": 7743138,
    "round_id": 153275,
    "group_id": null,
    "aggregate_id": null,
    "venue_id": 974,
    "referee_id": null,
    "localteam_id": 9969,
    "visitorteam_id": 1660,
    "winner_team_id": 1660,
    "weather_report": null,
    "commentaries": null,
    "attendance": null,
    "pitch": "Good",
    "details": null,
    "neutral_venue": false,
    "winning_odds_calculated": true,
    "formations": {
        "localteam_formation": null,
        "visitorteam_formation": null
    },
    "scores": {
        "localteam_score": 1,
        "visitorteam_score": 2,
        "localteam_pen_score": null,
        "visitorteam_pen_score": null,
        "ht_score": "0-1",
        "ft_score": "1-2",
        "et_score": null
    },
    "time": {
        "status": "FT",
        "starting_at": {
            "date_time": "2019-02-15 18:00:00",
            "date": "2019-02-15",
            "time": "18:00:00",
            "timestamp": 1550253600,
            "timezone": "UTC"
        },
        "minute": 90,
        "second": 0,
        "added_time": 0,
        "extra_minute": null,
        "injury_time": 4
    },
    "coaches": {
        "localteam_coach_id": 3187823,
        "visitorteam_coach_id": 457539
    },
    "standings": {
        "localteam_position": 8,
        "visitorteam_position": 7
    },
    "assistants": {
        "first_assistant_id": null,
        "second_assistant_id": null,
        "fourth_official_id": null
    },
    "leg": "1/1",
    "colors": {
        "localteam": {
            "color": null,
            "kit_colors": null
        },
        "visitorteam": {
            "color": null,
            "kit_colors": null
        }
    },
    "deleted": false,
    "localTeam": {
        "data": {
            "id": 9969,
            "legacy_id": 1725,
            "name": "Tarxien Rainbows",
            "short_code": null,
            "twitter": null,
            "country_id": 2756,
            "national_team": false,
            "founded": 1944,
            "logo_path": "https://cdn.sportmonks.com/images//soccer/teams/17/9969.png",
            "venue_id": 6550,
            "current_season_id": 13029
        }
    },
    "visitorTeam": {
        "data": {
            "id": 1660,
            "legacy_id": 1719,
            "name": "Sliema Wanderers",
            "short_code": null,
            "twitter": null,
            "country_id": 2756,
            "national_team": false,
            "founded": 1909,
            "logo_path": "https://cdn.sportmonks.com/images//soccer/teams/28/1660.png",
            "venue_id": 809,
            "current_season_id": 13029
        }
    },
    "league": {
        "data": {
            "id": 420,
            "active": true,
            "type": "domestic",
            "legacy_id": 152,
            "country_id": 2756,
            "logo_path": null,
            "name": "Premier League",
            "is_cup": false,
            "current_season_id": 16283,
            "current_round_id": 181738,
            "current_stage_id": 77444896,
            "live_standings": true,
            "coverage": {
                "predictions": 1,
                "topscorer_goals": false,
                "topscorer_assists": false,
                "topscorer_cards": false
            }
        }
    },
    "events": {
        "data": [
            {
                "id": 10411826001,
                "team_id": "1660",
                "type": "yellowcard",
                "fixture_id": 10411826,
                "player_id": 128388,
                "player_name": "C. Pani",
                "related_player_id": null,
                "related_player_name": null,
                "minute": 10,
                "extra_minute": null,
                "reason": null,
                "injuried": null,
                "result": null
            },
            {
                "id": 10411826002,
                "team_id": "1660",
                "type": "yellowcard",
                "fixture_id": 10411826,
                "player_id": 144181,
                "player_name": "F. Temile",
                "related_player_id": null,
                "related_player_name": null,
                "minute": 20,
                "extra_minute": null,
                "reason": null,
                "injuried": null,
                "result": null
            },
            {
                "id": 10411826003,
                "team_id": "9969",
                "type": "yellowcard",
                "fixture_id": 10411826,
                "player_id": 455592,
                "player_name": "M. Spiteri",
                "related_player_id": null,
                "related_player_name": null,
                "minute": 26,
                "extra_minute": null,
                "reason": null,
                "injuried": null,
                "result": null
            },
            {
                "id": 10411826004,
                "team_id": "1660",
                "type": "goal",
                "fixture_id": 10411826,
                "player_id": 128388,
                "player_name": "C. Pani",
                "related_player_id": null,
                "related_player_name": null,
                "minute": 29,
                "extra_minute": null,
                "reason": null,
                "injuried": null,
                "result": "0-1"
            },
            {
                "id": 10411826005,
                "team_id": "1660",
                "type": "goal",
                "fixture_id": 10411826,
                "player_id": 143310,
                "player_name": "M. Scerri",
                "related_player_id": null,
                "related_player_name": null,
                "minute": 53,
                "extra_minute": null,
                "reason": null,
                "injuried": null,
                "result": "0-2"
            },
            {
                "id": 10411826006,
                "team_id": "9969",
                "type": "substitution",
                "fixture_id": 10411826,
                "player_id": 217439,
                "player_name": "Jacson",
                "related_player_id": 143339,
                "related_player_name": "S. Arab",
                "minute": 54,
                "extra_minute": null,
                "reason": null,
                "injuried": null,
                "result": null
            },
            {
                "id": 10411826007,
                "team_id": "9969",
                "type": "substitution",
                "fixture_id": 10411826,
                "player_id": 143805,
                "player_name": "D. Falzon",
                "related_player_id": 128069,
                "related_player_name": "M. Paolucci",
                "minute": 61,
                "extra_minute": null,
                "reason": null,
                "injuried": null,
                "result": null
            },
            {
                "id": 10411826008,
                "team_id": "1660",
                "type": "yellowcard",
                "fixture_id": 10411826,
                "player_id": 143795,
                "player_name": "S. Bianciardi",
                "related_player_id": null,
                "related_player_name": null,
                "minute": 78,
                "extra_minute": null,
                "reason": null,
                "injuried": null,
                "result": null
            },
            {
                "id": 10411826009,
                "team_id": "9969",
                "type": "goal",
                "fixture_id": 10411826,
                "player_id": 144248,
                "player_name": "A. Nilsson",
                "related_player_id": null,
                "related_player_name": null,
                "minute": 79,
                "extra_minute": null,
                "reason": null,
                "injuried": null,
                "result": "1-2"
            },
            {
                "id": 10411826010,
                "team_id": "9969",
                "type": "yellowred",
                "fixture_id": 10411826,
                "player_id": 455592,
                "player_name": "M. Spiteri",
                "related_player_id": null,
                "related_player_name": null,
                "minute": 83,
                "extra_minute": null,
                "reason": null,
                "injuried": null,
                "result": null
            },
            {
                "id": 10411826011,
                "team_id": "9969",
                "type": "substitution",
                "fixture_id": 10411826,
                "player_id": 143343,
                "player_name": "D. Zerafa",
                "related_player_id": 144040,
                "related_player_name": "L. Grech",
                "minute": 89,
                "extra_minute": null,
                "reason": null,
                "injuried": null,
                "result": null
            }
        ]
    },
    "odds": {
        "data": []
    }
}