{
    "id": 376053,
    "league_id": 486,
    "season_id": 828,
    "stage_id": 1560,
    "round_id": 27098,
    "group_id": null,
    "aggregate_id": null,
    "venue_id": 4583,
    "referee_id": 3400,
    "localteam_id": 7036,
    "visitorteam_id": 35,
    "winner_team_id": null,
    "weather_report": null,
    "commentaries": false,
    "attendance": null,
    "pitch": null,
    "details": null,
    "neutral_venue": false,
    "winning_odds_calculated": true,
    "formations": {
        "localteam_formation": "3-1-4-2",
        "visitorteam_formation": "3-4-3"
    },
    "scores": {
        "localteam_score": 2,
        "visitorteam_score": 2,
        "localteam_pen_score": null,
        "visitorteam_pen_score": null,
        "ht_score": "1-0",
        "ft_score": "2-2",
        "et_score": null
    },
    "time": {
        "status": "FT",
        "starting_at": {
            "date_time": "2017-04-10 12:00:00",
            "date": "2017-04-10",
            "time": "12:00:00",
            "timestamp": 1491825600,
            "timezone": "UTC"
        },
        "minute": 90,
        "second": null,
        "added_time": null,
        "extra_minute": null,
        "injury_time": null
    },
    "coaches": {
        "localteam_coach_id": 464994,
        "visitorteam_coach_id": 882973
    },
    "standings": {
        "localteam_position": null,
        "visitorteam_position": null
    },
    "assistants": {
        "first_assistant_id": null,
        "second_assistant_id": null,
        "fourth_official_id": null
    },
    "leg": null,
    "colors": null,
    "deleted": false,
    "localTeam": {
        "data": {
            "id": 7036,
            "legacy_id": 765,
            "name": "Tom' Tomsk",
            "short_code": null,
            "twitter": null,
            "country_id": 227,
            "national_team": false,
            "founded": 1957,
            "logo_path": "https://cdn.sportmonks.com/images//soccer/teams/28/7036.png",
            "venue_id": 4583,
            "current_season_id": 12922
        }
    },
    "visitorTeam": {
        "data": {
            "id": 35,
            "legacy_id": 503,
            "name": "Rubin Kazan'",
            "short_code": "RKA",
            "twitter": null,
            "country_id": 227,
            "national_team": false,
            "founded": 1958,
            "logo_path": "https://cdn.sportmonks.com/images//soccer/teams/3/35.png",
            "venue_id": 8869,
            "current_season_id": 12996
        }
    },
    "league": {
        "data": {
            "id": 486,
            "active": true,
            "type": "domestic",
            "legacy_id": 42,
            "country_id": 227,
            "logo_path": null,
            "name": "Premier League",
            "is_cup": false,
            "current_season_id": 16021,
            "current_round_id": 169532,
            "current_stage_id": 77443803,
            "live_standings": true,
            "coverage": {
                "predictions": 1,
                "topscorer_goals": true,
                "topscorer_assists": true,
                "topscorer_cards": true
            }
        }
    },
    "events": {
        "data": [
            {
                "id": 8732039,
                "team_id": "7036",
                "type": "yellowcard",
                "fixture_id": 376053,
                "player_id": 170160,
                "player_name": "D. Osipov",
                "related_player_id": null,
                "related_player_name": null,
                "minute": 8,
                "extra_minute": null,
                "reason": null,
                "injuried": null,
                "result": null
            },
            {
                "id": 8732008,
                "team_id": "7036",
                "type": "goal",
                "fixture_id": 376053,
                "player_id": 169963,
                "player_name": "A. Pugin",
                "related_player_id": 169635,
                "related_player_name": "E. Balyaikin",
                "minute": 13,
                "extra_minute": null,
                "reason": null,
                "injuried": null,
                "result": null
            },
            {
                "id": 8732047,
                "team_id": "7036",
                "type": "yellowcard",
                "fixture_id": 376053,
                "player_id": 172221,
                "player_name": "D. Sasin",
                "related_player_id": null,
                "related_player_name": null,
                "minute": 36,
                "extra_minute": null,
                "reason": null,
                "injuried": null,
                "result": null
            },
            {
                "id": 8732055,
                "team_id": "35",
                "type": "yellowcard",
                "fixture_id": 376053,
                "player_id": 25603,
                "player_name": "M. Lestienne",
                "related_player_id": null,
                "related_player_name": null,
                "minute": 37,
                "extra_minute": null,
                "reason": null,
                "injuried": null,
                "result": null
            },
            {
                "id": 8732016,
                "team_id": "35",
                "type": "penalty",
                "fixture_id": 376053,
                "player_id": 25603,
                "player_name": "M. Lestienne",
                "related_player_id": null,
                "related_player_name": null,
                "minute": 47,
                "extra_minute": null,
                "reason": null,
                "injuried": null,
                "result": null
            },
            {
                "id": 8732076,
                "team_id": "35",
                "type": "substitution",
                "fixture_id": 376053,
                "player_id": 169239,
                "player_name": "G. Karadeniz",
                "related_player_id": 170187,
                "related_player_name": "I. Akhmetov",
                "minute": 68,
                "extra_minute": null,
                "reason": null,
                "injuried": null,
                "result": null
            },
            {
                "id": 8732023,
                "team_id": "35",
                "type": "goal",
                "fixture_id": 376053,
                "player_id": 25603,
                "player_name": "M. Lestienne",
                "related_player_id": 24482,
                "related_player_name": "Jonathas",
                "minute": 79,
                "extra_minute": null,
                "reason": null,
                "injuried": null,
                "result": null
            },
            {
                "id": 8732063,
                "team_id": "7036",
                "type": "substitution",
                "fixture_id": 376053,
                "player_id": 172217,
                "player_name": "D. Bolshunov",
                "related_player_id": 172129,
                "related_player_name": "A. Makurin",
                "minute": 80,
                "extra_minute": null,
                "reason": null,
                "injuried": null,
                "result": null
            },
            {
                "id": 8732068,
                "team_id": "7036",
                "type": "substitution",
                "fixture_id": 376053,
                "player_id": 172218,
                "player_name": "A. Bukachev",
                "related_player_id": 172221,
                "related_player_name": "D. Sasin",
                "minute": 80,
                "extra_minute": null,
                "reason": null,
                "injuried": null,
                "result": null
            },
            {
                "id": 8732031,
                "team_id": "7036",
                "type": "goal",
                "fixture_id": 376053,
                "player_id": 172130,
                "player_name": "A. Sobolev",
                "related_player_id": 169963,
                "related_player_name": "A. Pugin",
                "minute": 83,
                "extra_minute": null,
                "reason": null,
                "injuried": null,
                "result": null
            },
            {
                "id": 8732085,
                "team_id": "35",
                "type": "substitution",
                "fixture_id": 376053,
                "player_id": 799,
                "player_name": "Rubén Rochina",
                "related_player_id": 557,
                "related_player_name": "A. Song",
                "minute": 87,
                "extra_minute": null,
                "reason": null,
                "injuried": null,
                "result": null
            }
        ]
    },
    "odds": {
        "data": []
    }
}