{
    "id": 376227,
    "league_id": 486,
    "season_id": 828,
    "stage_id": 1560,
    "round_id": 27100,
    "group_id": null,
    "aggregate_id": null,
    "venue_id": 4583,
    "referee_id": 43,
    "localteam_id": 7036,
    "visitorteam_id": 3452,
    "winner_team_id": 3452,
    "weather_report": null,
    "commentaries": false,
    "attendance": null,
    "pitch": null,
    "details": null,
    "neutral_venue": false,
    "winning_odds_calculated": true,
    "formations": {
        "localteam_formation": "3-1-4-2",
        "visitorteam_formation": "4-4-2"
    },
    "scores": {
        "localteam_score": 1,
        "visitorteam_score": 2,
        "localteam_pen_score": null,
        "visitorteam_pen_score": null,
        "ht_score": "1-1",
        "ft_score": "1-2",
        "et_score": null
    },
    "time": {
        "status": "FT",
        "starting_at": {
            "date_time": "2017-04-23 09:00:00",
            "date": "2017-04-23",
            "time": "09:00:00",
            "timestamp": 1492938000,
            "timezone": "UTC"
        },
        "minute": 90,
        "second": null,
        "added_time": null,
        "extra_minute": null,
        "injury_time": null
    },
    "coaches": {
        "localteam_coach_id": 464994,
        "visitorteam_coach_id": 3181403
    },
    "standings": {
        "localteam_position": null,
        "visitorteam_position": null
    },
    "assistants": {
        "first_assistant_id": null,
        "second_assistant_id": null,
        "fourth_official_id": null
    },
    "leg": null,
    "colors": null,
    "deleted": false,
    "localTeam": {
        "data": {
            "id": 7036,
            "legacy_id": 765,
            "name": "Tom' Tomsk",
            "short_code": null,
            "twitter": null,
            "country_id": 227,
            "national_team": false,
            "founded": 1957,
            "logo_path": "https://cdn.sportmonks.com/images//soccer/teams/28/7036.png",
            "venue_id": 4583,
            "current_season_id": 12922
        }
    },
    "visitorTeam": {
        "data": {
            "id": 3452,
            "legacy_id": 768,
            "name": "Orenburg",
            "short_code": null,
            "twitter": null,
            "country_id": 227,
            "national_team": false,
            "founded": 0,
            "logo_path": "https://cdn.sportmonks.com/images//soccer/teams/28/3452.png",
            "venue_id": 2012,
            "current_season_id": 12996
        }
    },
    "league": {
        "data": {
            "id": 486,
            "active": true,
            "type": "domestic",
            "legacy_id": 42,
            "country_id": 227,
            "logo_path": null,
            "name": "Premier League",
            "is_cup": false,
            "current_season_id": 16021,
            "current_round_id": 169532,
            "current_stage_id": 77443803,
            "live_standings": true,
            "coverage": {
                "predictions": 1,
                "topscorer_goals": true,
                "topscorer_assists": true,
                "topscorer_cards": true
            }
        }
    },
    "events": {
        "data": [
            {
                "id": 8733391,
                "team_id": "3452",
                "type": "yellowcard",
                "fixture_id": 376227,
                "player_id": 170118,
                "player_name": "S. Dragun",
                "related_player_id": null,
                "related_player_name": null,
                "minute": 8,
                "extra_minute": null,
                "reason": "Foul",
                "injuried": null,
                "result": null
            },
            {
                "id": 8733362,
                "team_id": "3452",
                "type": "goal",
                "fixture_id": 376227,
                "player_id": 169888,
                "player_name": "A. Oyewole",
                "related_player_id": 56879,
                "related_player_name": "P. Nekhajchik",
                "minute": 22,
                "extra_minute": null,
                "reason": null,
                "injuried": null,
                "result": null
            },
            {
                "id": 8733373,
                "team_id": "7036",
                "type": "goal",
                "fixture_id": 376227,
                "player_id": 169963,
                "player_name": "A. Pugin",
                "related_player_id": 169699,
                "related_player_name": "P. Golyshev",
                "minute": 36,
                "extra_minute": null,
                "reason": null,
                "injuried": null,
                "result": null
            },
            {
                "id": 8733384,
                "team_id": "7036",
                "type": "yellowcard",
                "fixture_id": 376227,
                "player_id": 172129,
                "player_name": "A. Makurin",
                "related_player_id": null,
                "related_player_name": null,
                "minute": 39,
                "extra_minute": null,
                "reason": null,
                "injuried": null,
                "result": null
            },
            {
                "id": 8733415,
                "team_id": "3452",
                "type": "substitution",
                "fixture_id": 376227,
                "player_id": 80967,
                "player_name": "D. Efremov",
                "related_player_id": 56879,
                "related_player_name": "P. Nekhajchik",
                "minute": 61,
                "extra_minute": null,
                "reason": null,
                "injuried": null,
                "result": null
            },
            {
                "id": 8733377,
                "team_id": "3452",
                "type": "goal",
                "fixture_id": 376227,
                "player_id": 30195,
                "player_name": "B. Georgiev",
                "related_player_id": null,
                "related_player_name": null,
                "minute": 73,
                "extra_minute": null,
                "reason": null,
                "injuried": null,
                "result": null
            },
            {
                "id": 8733398,
                "team_id": "7036",
                "type": "substitution",
                "fixture_id": 376227,
                "player_id": 172218,
                "player_name": "A. Bukachev",
                "related_player_id": 172202,
                "related_player_name": "A. Miterev",
                "minute": 75,
                "extra_minute": null,
                "reason": null,
                "injuried": null,
                "result": null
            },
            {
                "id": 8733424,
                "team_id": "3452",
                "type": "substitution",
                "fixture_id": 376227,
                "player_id": 106341,
                "player_name": "E. Lobjanidze",
                "related_player_id": 79684,
                "related_player_name": "M. Ďuriš",
                "minute": 75,
                "extra_minute": null,
                "reason": null,
                "injuried": null,
                "result": null
            },
            {
                "id": 8733407,
                "team_id": "7036",
                "type": "substitution",
                "fixture_id": 376227,
                "player_id": 172189,
                "player_name": "N. Gvineyskiy",
                "related_player_id": 172129,
                "related_player_name": "A. Makurin",
                "minute": 82,
                "extra_minute": null,
                "reason": null,
                "injuried": false,
                "result": null
            },
            {
                "id": 8733431,
                "team_id": "3452",
                "type": "substitution",
                "fixture_id": 376227,
                "player_id": 171468,
                "player_name": "S. Breev",
                "related_player_id": 169303,
                "related_player_name": "M. Grigorjev",
                "minute": 85,
                "extra_minute": null,
                "reason": null,
                "injuried": null,
                "result": null
            }
        ]
    },
    "odds": {
        "data": []
    }
}