{
    "id": 375804,
    "league_id": 486,
    "season_id": 828,
    "stage_id": 1560,
    "round_id": 27096,
    "group_id": null,
    "aggregate_id": null,
    "venue_id": 4583,
    "referee_id": 3399,
    "localteam_id": 7036,
    "visitorteam_id": 2661,
    "winner_team_id": 7036,
    "weather_report": null,
    "commentaries": false,
    "attendance": null,
    "pitch": null,
    "details": null,
    "neutral_venue": false,
    "winning_odds_calculated": true,
    "formations": {
        "localteam_formation": "5-3-2",
        "visitorteam_formation": "3-5-2"
    },
    "scores": {
        "localteam_score": 1,
        "visitorteam_score": 0,
        "localteam_pen_score": null,
        "visitorteam_pen_score": null,
        "ht_score": "1-0",
        "ft_score": "1-0",
        "et_score": null
    },
    "time": {
        "status": "FT",
        "starting_at": {
            "date_time": "2017-03-18 08:30:00",
            "date": "2017-03-18",
            "time": "08:30:00",
            "timestamp": 1489825800,
            "timezone": "UTC"
        },
        "minute": 90,
        "second": null,
        "added_time": null,
        "extra_minute": null,
        "injury_time": null
    },
    "coaches": {
        "localteam_coach_id": 464994,
        "visitorteam_coach_id": 458707
    },
    "standings": {
        "localteam_position": null,
        "visitorteam_position": null
    },
    "assistants": {
        "first_assistant_id": null,
        "second_assistant_id": null,
        "fourth_official_id": null
    },
    "leg": null,
    "colors": null,
    "deleted": false,
    "localTeam": {
        "data": {
            "id": 7036,
            "legacy_id": 765,
            "name": "Tom' Tomsk",
            "short_code": null,
            "twitter": null,
            "country_id": 227,
            "national_team": false,
            "founded": 1957,
            "logo_path": "https://cdn.sportmonks.com/images//soccer/teams/28/7036.png",
            "venue_id": 4583,
            "current_season_id": 12922
        }
    },
    "visitorTeam": {
        "data": {
            "id": 2661,
            "legacy_id": 510,
            "name": "Amkar Perm'",
            "short_code": "AMK",
            "twitter": null,
            "country_id": 227,
            "national_team": false,
            "founded": 1994,
            "logo_path": "https://cdn.sportmonks.com/images//soccer/teams/5/2661.png",
            "venue_id": 1584,
            "current_season_id": 6375
        }
    },
    "league": {
        "data": {
            "id": 486,
            "active": true,
            "type": "domestic",
            "legacy_id": 42,
            "country_id": 227,
            "logo_path": null,
            "name": "Premier League",
            "is_cup": false,
            "current_season_id": 16021,
            "current_round_id": 169532,
            "current_stage_id": 77443803,
            "live_standings": true,
            "coverage": {
                "predictions": 1,
                "topscorer_goals": true,
                "topscorer_assists": true,
                "topscorer_cards": true
            }
        }
    },
    "events": {
        "data": [
            {
                "id": 8730085,
                "team_id": "7036",
                "type": "goal",
                "fixture_id": 375804,
                "player_id": 169295,
                "player_name": "S. Kuznetsov",
                "related_player_id": null,
                "related_player_name": null,
                "minute": 24,
                "extra_minute": null,
                "reason": null,
                "injuried": null,
                "result": null
            },
            {
                "id": 8730097,
                "team_id": "7036",
                "type": "yellowcard",
                "fixture_id": 375804,
                "player_id": 170160,
                "player_name": "D. Osipov",
                "related_player_id": null,
                "related_player_name": null,
                "minute": 35,
                "extra_minute": null,
                "reason": "Foul",
                "injuried": null,
                "result": null
            },
            {
                "id": 8730105,
                "team_id": "7036",
                "type": "yellowcard",
                "fixture_id": 375804,
                "player_id": 169963,
                "player_name": "A. Pugin",
                "related_player_id": null,
                "related_player_name": null,
                "minute": 37,
                "extra_minute": null,
                "reason": "Foul",
                "injuried": null,
                "result": null
            },
            {
                "id": 8730136,
                "team_id": "2661",
                "type": "yellowcard",
                "fixture_id": 375804,
                "player_id": 153674,
                "player_name": "J. Gol",
                "related_player_id": null,
                "related_player_name": null,
                "minute": 46,
                "extra_minute": null,
                "reason": null,
                "injuried": null,
                "result": null
            },
            {
                "id": 8730112,
                "team_id": "7036",
                "type": "yellowcard",
                "fixture_id": 375804,
                "player_id": 170684,
                "player_name": "A. Popov",
                "related_player_id": null,
                "related_player_name": null,
                "minute": 49,
                "extra_minute": null,
                "reason": null,
                "injuried": null,
                "result": null
            },
            {
                "id": 8730179,
                "team_id": "2661",
                "type": "substitution",
                "fixture_id": 375804,
                "player_id": 169749,
                "player_name": "N. Zaytsev",
                "related_player_id": 170682,
                "related_player_name": "M. Kostyukov",
                "minute": 57,
                "extra_minute": null,
                "reason": null,
                "injuried": null,
                "result": null
            },
            {
                "id": 8730128,
                "team_id": "2661",
                "type": "yellowcard",
                "fixture_id": 375804,
                "player_id": 127240,
                "player_name": "S. Conde",
                "related_player_id": null,
                "related_player_name": null,
                "minute": 61,
                "extra_minute": null,
                "reason": null,
                "injuried": null,
                "result": null
            },
            {
                "id": 8730187,
                "team_id": "2661",
                "type": "substitution",
                "fixture_id": 375804,
                "player_id": 169965,
                "player_name": "A. Salugin",
                "related_player_id": 169975,
                "related_player_name": "A. Gasilin",
                "minute": 61,
                "extra_minute": null,
                "reason": null,
                "injuried": null,
                "result": null
            },
            {
                "id": 8730164,
                "team_id": "7036",
                "type": "substitution",
                "fixture_id": 375804,
                "player_id": 172129,
                "player_name": "A. Makurin",
                "related_player_id": 172130,
                "related_player_name": "A. Sobolev",
                "minute": 75,
                "extra_minute": null,
                "reason": null,
                "injuried": null,
                "result": null
            },
            {
                "id": 8730196,
                "team_id": "2661",
                "type": "substitution",
                "fixture_id": 375804,
                "player_id": 170182,
                "player_name": "B. Jovičić",
                "related_player_id": 155188,
                "related_player_name": "R. Gigolaev",
                "minute": 75,
                "extra_minute": null,
                "reason": null,
                "injuried": null,
                "result": null
            },
            {
                "id": 8730151,
                "team_id": "2661",
                "type": "yellowcard",
                "fixture_id": 375804,
                "player_id": 169749,
                "player_name": "N. Zaytsev",
                "related_player_id": null,
                "related_player_name": null,
                "minute": 78,
                "extra_minute": null,
                "reason": null,
                "injuried": null,
                "result": null
            },
            {
                "id": 8730120,
                "team_id": "2661",
                "type": "yellowcard",
                "fixture_id": 375804,
                "player_id": 170037,
                "player_name": "B. Idowu",
                "related_player_id": null,
                "related_player_name": null,
                "minute": 84,
                "extra_minute": null,
                "reason": null,
                "injuried": null,
                "result": null
            },
            {
                "id": 8730171,
                "team_id": "7036",
                "type": "substitution",
                "fixture_id": 375804,
                "player_id": 172217,
                "player_name": "D. Bolshunov",
                "related_player_id": 169295,
                "related_player_name": "S. Kuznetsov",
                "minute": 84,
                "extra_minute": null,
                "reason": null,
                "injuried": null,
                "result": null
            },
            {
                "id": 8730144,
                "team_id": "2661",
                "type": "yellowcard",
                "fixture_id": 375804,
                "player_id": 24054,
                "player_name": "D. Bodul",
                "related_player_id": null,
                "related_player_name": null,
                "minute": 90,
                "extra_minute": 1,
                "reason": null,
                "injuried": null,
                "result": null
            }
        ]
    },
    "odds": {
        "data": []
    }
}