{
    "id": 6662,
    "league_id": 8,
    "season_id": 13,
    "stage_id": 11,
    "round_id": 653,
    "group_id": null,
    "aggregate_id": null,
    "venue_id": 209,
    "referee_id": 46,
    "localteam_id": 6,
    "visitorteam_id": 13,
    "winner_team_id": 6,
    "weather_report": null,
    "commentaries": true,
    "attendance": null,
    "pitch": null,
    "details": null,
    "neutral_venue": false,
    "winning_odds_calculated": true,
    "formations": {
        "localteam_formation": "3-4-2-1",
        "visitorteam_formation": "4-3-2-1"
    },
    "scores": {
        "localteam_score": 3,
        "visitorteam_score": 2,
        "localteam_pen_score": null,
        "visitorteam_pen_score": null,
        "ht_score": "1-0",
        "ft_score": "3-2",
        "et_score": null
    },
    "time": {
        "status": "FT",
        "starting_at": {
            "date_time": "2017-03-05 13:30:00",
            "date": "2017-03-05",
            "time": "13:30:00",
            "timestamp": 1488720600,
            "timezone": "UTC"
        },
        "minute": 90,
        "second": null,
        "added_time": null,
        "extra_minute": null,
        "injury_time": null
    },
    "coaches": {
        "localteam_coach_id": 455358,
        "visitorteam_coach_id": 455372
    },
    "standings": {
        "localteam_position": null,
        "visitorteam_position": null
    },
    "assistants": {
        "first_assistant_id": null,
        "second_assistant_id": null,
        "fourth_official_id": null
    },
    "leg": "1/1",
    "colors": null,
    "deleted": false,
    "localTeam": {
        "data": {
            "id": 6,
            "legacy_id": 148,
            "name": "Tottenham Hotspur",
            "short_code": "TOT",
            "twitter": "@SpursOfficial",
            "country_id": 462,
            "national_team": false,
            "founded": 1882,
            "logo_path": "https://cdn.sportmonks.com/images//soccer/teams/6/6.png",
            "venue_id": 281313,
            "current_season_id": 16036
        }
    },
    "visitorTeam": {
        "data": {
            "id": 13,
            "legacy_id": 165,
            "name": "Everton",
            "short_code": "EVE",
            "twitter": "@Everton",
            "country_id": 462,
            "national_team": false,
            "founded": 1878,
            "logo_path": "https://cdn.sportmonks.com/images//soccer/teams/13/13.png",
            "venue_id": 202,
            "current_season_id": 16036
        }
    },
    "league": {
        "data": {
            "id": 8,
            "active": true,
            "type": "domestic",
            "legacy_id": 29,
            "country_id": 462,
            "logo_path": "https://cdn.sportmonks.com/images/soccer/leagues/8.png",
            "name": "Premier League",
            "is_cup": false,
            "current_season_id": 16036,
            "current_round_id": 169657,
            "current_stage_id": 77443862,
            "live_standings": true,
            "coverage": {
                "predictions": 1,
                "topscorer_goals": true,
                "topscorer_assists": true,
                "topscorer_cards": true
            }
        }
    },
    "events": {
        "data": [
            {
                "id": 6914265,
                "team_id": "6",
                "type": "goal",
                "fixture_id": 6662,
                "player_id": 997,
                "player_name": "H. Kane",
                "related_player_id": 989,
                "related_player_name": "B. Davies",
                "minute": 20,
                "extra_minute": null,
                "reason": null,
                "injuried": null,
                "result": null
            },
            {
                "id": 6914319,
                "team_id": "13",
                "type": "yellowcard",
                "fixture_id": 6662,
                "player_id": 1030,
                "player_name": "I. Gueye",
                "related_player_id": null,
                "related_player_name": null,
                "minute": 29,
                "extra_minute": null,
                "reason": null,
                "injuried": null,
                "result": null
            },
            {
                "id": 6914273,
                "team_id": "6",
                "type": "goal",
                "fixture_id": 6662,
                "player_id": 997,
                "player_name": "H. Kane",
                "related_player_id": 922,
                "related_player_name": "D. Alli",
                "minute": 56,
                "extra_minute": null,
                "reason": null,
                "injuried": null,
                "result": null
            },
            {
                "id": 6914353,
                "team_id": "13",
                "type": "substitution",
                "fixture_id": 6662,
                "player_id": 935,
                "player_name": "K. Mirallas",
                "related_player_id": 1706,
                "related_player_name": "T. Davies",
                "minute": 64,
                "extra_minute": null,
                "reason": null,
                "injuried": null,
                "result": null
            },
            {
                "id": 6914360,
                "team_id": "13",
                "type": "substitution",
                "fixture_id": 6662,
                "player_id": 526,
                "player_name": "J. McCarthy",
                "related_player_id": 291,
                "related_player_name": "G. Barry",
                "minute": 64,
                "extra_minute": null,
                "reason": null,
                "injuried": null,
                "result": null
            },
            {
                "id": 6914305,
                "team_id": "6",
                "type": "yellowcard",
                "fixture_id": 6662,
                "player_id": 852,
                "player_name": "M. Dembélé",
                "related_player_id": null,
                "related_player_name": null,
                "minute": 76,
                "extra_minute": null,
                "reason": null,
                "injuried": null,
                "result": null
            },
            {
                "id": 6914328,
                "team_id": "6",
                "type": "substitution",
                "fixture_id": 6662,
                "player_id": 1711,
                "player_name": "H. Winks",
                "related_player_id": 852,
                "related_player_name": "M. Dembélé",
                "minute": 78,
                "extra_minute": null,
                "reason": null,
                "injuried": null,
                "result": null
            },
            {
                "id": 6914367,
                "team_id": "13",
                "type": "substitution",
                "fixture_id": 6662,
                "player_id": 1244,
                "player_name": "E. Valencia",
                "related_player_id": 1030,
                "related_player_name": "I. Gueye",
                "minute": 81,
                "extra_minute": null,
                "reason": null,
                "injuried": null,
                "result": null
            },
            {
                "id": 6914281,
                "team_id": "13",
                "type": "goal",
                "fixture_id": 6662,
                "player_id": 995,
                "player_name": "R. Lukaku",
                "related_player_id": 935,
                "related_player_name": "K. Mirallas",
                "minute": 81,
                "extra_minute": null,
                "reason": null,
                "injuried": null,
                "result": null
            },
            {
                "id": 6914337,
                "team_id": "6",
                "type": "substitution",
                "fixture_id": 6662,
                "player_id": 1380,
                "player_name": "M. Sissoko",
                "related_player_id": 992,
                "related_player_name": "C. Eriksen",
                "minute": 87,
                "extra_minute": null,
                "reason": null,
                "injuried": null,
                "result": null
            },
            {
                "id": 6914313,
                "team_id": "13",
                "type": "yellowcard",
                "fixture_id": 6662,
                "player_id": 856,
                "player_name": "A. Williams",
                "related_player_id": null,
                "related_player_name": null,
                "minute": 90,
                "extra_minute": 5,
                "reason": null,
                "injuried": null,
                "result": null
            },
            {
                "id": 6914345,
                "team_id": "6",
                "type": "substitution",
                "fixture_id": 6662,
                "player_id": 1690,
                "player_name": "V. Janssen",
                "related_player_id": 997,
                "related_player_name": "H. Kane",
                "minute": 90,
                "extra_minute": null,
                "reason": null,
                "injuried": null,
                "result": null
            },
            {
                "id": 6914289,
                "team_id": "6",
                "type": "goal",
                "fixture_id": 6662,
                "player_id": 922,
                "player_name": "D. Alli",
                "related_player_id": 1711,
                "related_player_name": "H. Winks",
                "minute": 90,
                "extra_minute": 2,
                "reason": null,
                "injuried": null,
                "result": null
            },
            {
                "id": 6914297,
                "team_id": "13",
                "type": "goal",
                "fixture_id": 6662,
                "player_id": 1244,
                "player_name": "E. Valencia",
                "related_player_id": 968,
                "related_player_name": "R. Barkley",
                "minute": 90,
                "extra_minute": 3,
                "reason": null,
                "injuried": null,
                "result": null
            }
        ]
    },
    "odds": {
        "data": []
    }
}