{
    "id": 376169,
    "league_id": 486,
    "season_id": 828,
    "stage_id": 1560,
    "round_id": 27100,
    "group_id": null,
    "aggregate_id": null,
    "venue_id": 8792,
    "referee_id": 20,
    "localteam_id": 391,
    "visitorteam_id": 543,
    "winner_team_id": 543,
    "weather_report": null,
    "commentaries": false,
    "attendance": 8150,
    "pitch": null,
    "details": null,
    "neutral_venue": false,
    "winning_odds_calculated": true,
    "formations": {
        "localteam_formation": "5-3-2",
        "visitorteam_formation": "5-3-2"
    },
    "scores": {
        "localteam_score": 0,
        "visitorteam_score": 2,
        "localteam_pen_score": null,
        "visitorteam_pen_score": null,
        "ht_score": "0-0",
        "ft_score": "0-2",
        "et_score": null
    },
    "time": {
        "status": "FT",
        "starting_at": {
            "date_time": "2017-04-21 14:00:00",
            "date": "2017-04-21",
            "time": "14:00:00",
            "timestamp": 1492783200,
            "timezone": "UTC"
        },
        "minute": 90,
        "second": null,
        "added_time": null,
        "extra_minute": null,
        "injury_time": null
    },
    "coaches": {
        "localteam_coach_id": 169214,
        "visitorteam_coach_id": 455831
    },
    "standings": {
        "localteam_position": null,
        "visitorteam_position": null
    },
    "assistants": {
        "first_assistant_id": null,
        "second_assistant_id": null,
        "fourth_official_id": null
    },
    "leg": null,
    "colors": null,
    "deleted": false,
    "localTeam": {
        "data": {
            "id": 391,
            "legacy_id": 507,
            "name": "Ufa",
            "short_code": "UFA",
            "twitter": null,
            "country_id": 227,
            "national_team": false,
            "founded": 2009,
            "logo_path": "https://cdn.sportmonks.com/images//soccer/teams/7/391.png",
            "venue_id": 8792,
            "current_season_id": 12996
        }
    },
    "visitorTeam": {
        "data": {
            "id": 543,
            "legacy_id": 129,
            "name": "CSKA Moskva",
            "short_code": null,
            "twitter": null,
            "country_id": 227,
            "national_team": false,
            "founded": 1911,
            "logo_path": "https://cdn.sportmonks.com/images//soccer/teams/31/543.png",
            "venue_id": 73093,
            "current_season_id": 12996
        }
    },
    "league": {
        "data": {
            "id": 486,
            "active": true,
            "type": "domestic",
            "legacy_id": 42,
            "country_id": 227,
            "logo_path": null,
            "name": "Premier League",
            "is_cup": false,
            "current_season_id": 16021,
            "current_round_id": 169532,
            "current_stage_id": 77443803,
            "live_standings": true,
            "coverage": {
                "predictions": 1,
                "topscorer_goals": true,
                "topscorer_assists": true,
                "topscorer_cards": true
            }
        }
    },
    "events": {
        "data": [
            {
                "id": 8732879,
                "team_id": "543",
                "type": "yellowcard",
                "fixture_id": 376169,
                "player_id": 169391,
                "player_name": "I. Akinfeev",
                "related_player_id": null,
                "related_player_name": null,
                "minute": 2,
                "extra_minute": null,
                "reason": null,
                "injuried": null,
                "result": null
            },
            {
                "id": 8732894,
                "team_id": "543",
                "type": "yellowcard",
                "fixture_id": 376169,
                "player_id": 169264,
                "player_name": "G. Shchennikov",
                "related_player_id": null,
                "related_player_name": null,
                "minute": 52,
                "extra_minute": null,
                "reason": null,
                "injuried": null,
                "result": null
            },
            {
                "id": 8732918,
                "team_id": "543",
                "type": "substitution",
                "fixture_id": 376169,
                "player_id": 172234,
                "player_name": "T. Zhamaletdinov",
                "related_player_id": 169264,
                "related_player_name": "G. Shchennikov",
                "minute": 57,
                "extra_minute": null,
                "reason": null,
                "injuried": null,
                "result": null
            },
            {
                "id": 8732902,
                "team_id": "391",
                "type": "substitution",
                "fixture_id": 376169,
                "player_id": 170012,
                "player_name": "A. Sukhov",
                "related_player_id": 169896,
                "related_player_name": "D. Sysuev",
                "minute": 62,
                "extra_minute": null,
                "reason": null,
                "injuried": null,
                "result": null
            },
            {
                "id": 8732925,
                "team_id": "543",
                "type": "substitution",
                "fixture_id": 376169,
                "player_id": 170199,
                "player_name": "A. Golovin",
                "related_player_id": 169234,
                "related_player_name": "A. Dzagoev",
                "minute": 63,
                "extra_minute": null,
                "reason": null,
                "injuried": null,
                "result": null
            },
            {
                "id": 8732863,
                "team_id": "543",
                "type": "goal",
                "fixture_id": 376169,
                "player_id": 169956,
                "player_name": "Vitinho",
                "related_player_id": 169658,
                "related_player_name": "A. Ionov",
                "minute": 65,
                "extra_minute": null,
                "reason": null,
                "injuried": null,
                "result": null
            },
            {
                "id": 8732911,
                "team_id": "391",
                "type": "substitution",
                "fixture_id": 376169,
                "player_id": 169877,
                "player_name": "V. Krotov",
                "related_player_id": 170083,
                "related_player_name": "D. Zhivoglyadov",
                "minute": 80,
                "extra_minute": null,
                "reason": null,
                "injuried": null,
                "result": null
            },
            {
                "id": 8732933,
                "team_id": "543",
                "type": "substitution",
                "fixture_id": 376169,
                "player_id": 171966,
                "player_name": "F. Chalov",
                "related_player_id": 169956,
                "related_player_name": "Vitinho",
                "minute": 87,
                "extra_minute": null,
                "reason": null,
                "injuried": null,
                "result": null
            },
            {
                "id": 8732871,
                "team_id": "543",
                "type": "goal",
                "fixture_id": 376169,
                "player_id": 171966,
                "player_name": "F. Chalov",
                "related_player_id": 23529,
                "related_player_name": "P. Wernbloom",
                "minute": 90,
                "extra_minute": null,
                "reason": null,
                "injuried": null,
                "result": null
            },
            {
                "id": 8732886,
                "team_id": "543",
                "type": "yellowcard",
                "fixture_id": 376169,
                "player_id": 169242,
                "player_name": "V. Berezutski",
                "related_player_id": null,
                "related_player_name": null,
                "minute": 90,
                "extra_minute": null,
                "reason": null,
                "injuried": null,
                "result": null
            }
        ]
    },
    "odds": {
        "data": []
    }
}