{
    "id": 376134,
    "league_id": 486,
    "season_id": 828,
    "stage_id": 1560,
    "round_id": 27099,
    "group_id": null,
    "aggregate_id": null,
    "venue_id": 1598,
    "referee_id": 3396,
    "localteam_id": 2686,
    "visitorteam_id": 7036,
    "winner_team_id": 2686,
    "weather_report": null,
    "commentaries": false,
    "attendance": null,
    "pitch": null,
    "details": null,
    "neutral_venue": false,
    "winning_odds_calculated": true,
    "formations": {
        "localteam_formation": "4-2-3-1",
        "visitorteam_formation": "3-1-4-2"
    },
    "scores": {
        "localteam_score": 1,
        "visitorteam_score": 0,
        "localteam_pen_score": null,
        "visitorteam_pen_score": null,
        "ht_score": "1-0",
        "ft_score": "1-0",
        "et_score": null
    },
    "time": {
        "status": "FT",
        "starting_at": {
            "date_time": "2017-04-16 12:00:00",
            "date": "2017-04-16",
            "time": "12:00:00",
            "timestamp": 1492344000,
            "timezone": "UTC"
        },
        "minute": 90,
        "second": null,
        "added_time": null,
        "extra_minute": null,
        "injury_time": null
    },
    "coaches": {
        "localteam_coach_id": 452775,
        "visitorteam_coach_id": 464994
    },
    "standings": {
        "localteam_position": null,
        "visitorteam_position": null
    },
    "assistants": {
        "first_assistant_id": null,
        "second_assistant_id": null,
        "fourth_official_id": null
    },
    "leg": null,
    "colors": null,
    "deleted": false,
    "localTeam": {
        "data": {
            "id": 2686,
            "legacy_id": 509,
            "name": "Ural",
            "short_code": "FCU",
            "twitter": null,
            "country_id": 227,
            "national_team": false,
            "founded": 1930,
            "logo_path": "https://cdn.sportmonks.com/images//soccer/teams/30/2686.png",
            "venue_id": 275980,
            "current_season_id": 12996
        }
    },
    "visitorTeam": {
        "data": {
            "id": 7036,
            "legacy_id": 765,
            "name": "Tom' Tomsk",
            "short_code": null,
            "twitter": null,
            "country_id": 227,
            "national_team": false,
            "founded": 1957,
            "logo_path": "https://cdn.sportmonks.com/images//soccer/teams/28/7036.png",
            "venue_id": 4583,
            "current_season_id": 12922
        }
    },
    "league": {
        "data": {
            "id": 486,
            "active": true,
            "type": "domestic",
            "legacy_id": 42,
            "country_id": 227,
            "logo_path": null,
            "name": "Premier League",
            "is_cup": false,
            "current_season_id": 16021,
            "current_round_id": 169532,
            "current_stage_id": 77443803,
            "live_standings": true,
            "coverage": {
                "predictions": 1,
                "topscorer_goals": true,
                "topscorer_assists": true,
                "topscorer_cards": true
            }
        }
    },
    "events": {
        "data": [
            {
                "id": 8732632,
                "team_id": "2686",
                "type": "yellowcard",
                "fixture_id": 376134,
                "player_id": 169859,
                "player_name": "A. Dantsev",
                "related_player_id": null,
                "related_player_name": null,
                "minute": 34,
                "extra_minute": null,
                "reason": null,
                "injuried": null,
                "result": null
            },
            {
                "id": 8732624,
                "team_id": "2686",
                "type": "goal",
                "fixture_id": 376134,
                "player_id": 163273,
                "player_name": "E. Bicfalvi",
                "related_player_id": 172238,
                "related_player_name": "V. Iljin",
                "minute": 40,
                "extra_minute": null,
                "reason": null,
                "injuried": null,
                "result": null
            },
            {
                "id": 8732656,
                "team_id": "2686",
                "type": "substitution",
                "fixture_id": 376134,
                "player_id": 27209,
                "player_name": "E. Manucharyan",
                "related_player_id": 105787,
                "related_player_name": "C. Lungu",
                "minute": 63,
                "extra_minute": null,
                "reason": null,
                "injuried": null,
                "result": null
            },
            {
                "id": 8732664,
                "team_id": "2686",
                "type": "substitution",
                "fixture_id": 376134,
                "player_id": 240,
                "player_name": "R. Pavlyuchenko",
                "related_player_id": 68385,
                "related_player_name": "N. Dimitrov",
                "minute": 70,
                "extra_minute": null,
                "reason": null,
                "injuried": null,
                "result": null
            },
            {
                "id": 8732680,
                "team_id": "7036",
                "type": "substitution",
                "fixture_id": 376134,
                "player_id": 172223,
                "player_name": "A. Naumenko",
                "related_player_id": 172217,
                "related_player_name": "D. Bolshunov",
                "minute": 72,
                "extra_minute": null,
                "reason": null,
                "injuried": null,
                "result": null
            },
            {
                "id": 8732672,
                "team_id": "2686",
                "type": "substitution",
                "fixture_id": 376134,
                "player_id": 170524,
                "player_name": "D. Korobov",
                "related_player_id": 169532,
                "related_player_name": "A. Fidler",
                "minute": 82,
                "extra_minute": null,
                "reason": null,
                "injuried": null,
                "result": null
            },
            {
                "id": 8732688,
                "team_id": "7036",
                "type": "substitution",
                "fixture_id": 376134,
                "player_id": 172216,
                "player_name": "M. Karymov",
                "related_player_id": 170160,
                "related_player_name": "D. Osipov",
                "minute": 84,
                "extra_minute": null,
                "reason": null,
                "injuried": null,
                "result": null
            },
            {
                "id": 8732648,
                "team_id": "7036",
                "type": "yellowcard",
                "fixture_id": 376134,
                "player_id": 172221,
                "player_name": "D. Sasin",
                "related_player_id": null,
                "related_player_name": null,
                "minute": 87,
                "extra_minute": null,
                "reason": null,
                "injuried": null,
                "result": null
            },
            {
                "id": 8732640,
                "team_id": "7036",
                "type": "yellowcard",
                "fixture_id": 376134,
                "player_id": 172129,
                "player_name": "A. Makurin",
                "related_player_id": null,
                "related_player_name": null,
                "minute": 89,
                "extra_minute": null,
                "reason": "Argument",
                "injuried": null,
                "result": null
            }
        ]
    },
    "odds": {
        "data": []
    }
}