{
    "id": 10411818,
    "league_id": 420,
    "season_id": 13029,
    "stage_id": 7743138,
    "round_id": 153273,
    "group_id": null,
    "aggregate_id": null,
    "venue_id": 974,
    "referee_id": null,
    "localteam_id": 147,
    "visitorteam_id": 1877,
    "winner_team_id": 147,
    "weather_report": null,
    "commentaries": null,
    "attendance": null,
    "pitch": "Excellent",
    "details": null,
    "neutral_venue": false,
    "winning_odds_calculated": true,
    "formations": {
        "localteam_formation": null,
        "visitorteam_formation": null
    },
    "scores": {
        "localteam_score": 2,
        "visitorteam_score": 0,
        "localteam_pen_score": null,
        "visitorteam_pen_score": null,
        "ht_score": "0-0",
        "ft_score": "2-0",
        "et_score": null
    },
    "time": {
        "status": "FT",
        "starting_at": {
            "date_time": "2019-02-03 15:00:00",
            "date": "2019-02-03",
            "time": "15:00:00",
            "timestamp": 1549206000,
            "timezone": "UTC"
        },
        "minute": 90,
        "second": 0,
        "added_time": 0,
        "extra_minute": null,
        "injury_time": 5
    },
    "coaches": {
        "localteam_coach_id": 462460,
        "visitorteam_coach_id": 455581
    },
    "standings": {
        "localteam_position": 2,
        "visitorteam_position": 5
    },
    "assistants": {
        "first_assistant_id": null,
        "second_assistant_id": null,
        "fourth_official_id": null
    },
    "leg": "1/1",
    "colors": {
        "localteam": {
            "color": null,
            "kit_colors": null
        },
        "visitorteam": {
            "color": null,
            "kit_colors": null
        }
    },
    "deleted": false,
    "localTeam": {
        "data": {
            "id": 147,
            "legacy_id": 1716,
            "name": "Valletta",
            "short_code": null,
            "twitter": null,
            "country_id": 2756,
            "national_team": false,
            "founded": 1944,
            "logo_path": "https://cdn.sportmonks.com/images//soccer/teams/19/147.png",
            "venue_id": 4453,
            "current_season_id": 13029
        }
    },
    "visitorTeam": {
        "data": {
            "id": 1877,
            "legacy_id": 1715,
            "name": "Birkirkara",
            "short_code": null,
            "twitter": null,
            "country_id": 2756,
            "national_team": false,
            "founded": 1950,
            "logo_path": "https://cdn.sportmonks.com/images//soccer/teams/21/1877.png",
            "venue_id": 332558,
            "current_season_id": 13029
        }
    },
    "league": {
        "data": {
            "id": 420,
            "active": true,
            "type": "domestic",
            "legacy_id": 152,
            "country_id": 2756,
            "logo_path": null,
            "name": "Premier League",
            "is_cup": false,
            "current_season_id": 16283,
            "current_round_id": 181738,
            "current_stage_id": 77444896,
            "live_standings": true,
            "coverage": {
                "predictions": 1,
                "topscorer_goals": false,
                "topscorer_assists": false,
                "topscorer_cards": false
            }
        }
    },
    "events": {
        "data": [
            {
                "id": 10411818001,
                "team_id": "147",
                "type": "yellowcard",
                "fixture_id": 10411818,
                "player_id": 144441,
                "player_name": "E. Peña",
                "related_player_id": null,
                "related_player_name": null,
                "minute": 36,
                "extra_minute": null,
                "reason": null,
                "injuried": null,
                "result": null
            },
            {
                "id": 10411818002,
                "team_id": "1877",
                "type": "yellowcard",
                "fixture_id": 10411818,
                "player_id": 144612,
                "player_name": "M. Guillaumier",
                "related_player_id": null,
                "related_player_name": null,
                "minute": 43,
                "extra_minute": null,
                "reason": null,
                "injuried": null,
                "result": null
            },
            {
                "id": 10411818003,
                "team_id": "1877",
                "type": "substitution",
                "fixture_id": 10411818,
                "player_id": 218752,
                "player_name": "Marcelinho",
                "related_player_id": 144662,
                "related_player_name": "M. Vella",
                "minute": 46,
                "extra_minute": null,
                "reason": null,
                "injuried": null,
                "result": null
            },
            {
                "id": 10411818004,
                "team_id": "1877",
                "type": "yellowcard",
                "fixture_id": 10411818,
                "player_id": 144105,
                "player_name": "C. Attard",
                "related_player_id": null,
                "related_player_name": null,
                "minute": 52,
                "extra_minute": null,
                "reason": null,
                "injuried": null,
                "result": null
            },
            {
                "id": 10411818005,
                "team_id": "147",
                "type": "goal",
                "fixture_id": 10411818,
                "player_id": 144628,
                "player_name": "S. Malano",
                "related_player_id": null,
                "related_player_name": null,
                "minute": 61,
                "extra_minute": null,
                "reason": null,
                "injuried": null,
                "result": "1-0"
            },
            {
                "id": 10411818006,
                "team_id": "1877",
                "type": "substitution",
                "fixture_id": 10411818,
                "player_id": 142788,
                "player_name": "C. Failla",
                "related_player_id": 144167,
                "related_player_name": "K. Zammit",
                "minute": 64,
                "extra_minute": null,
                "reason": null,
                "injuried": null,
                "result": null
            },
            {
                "id": 10411818007,
                "team_id": "147",
                "type": "substitution",
                "fixture_id": 10411818,
                "player_id": 143234,
                "player_name": "J. Borg",
                "related_player_id": 143771,
                "related_player_name": "B. Kaljević",
                "minute": 75,
                "extra_minute": null,
                "reason": null,
                "injuried": null,
                "result": null
            },
            {
                "id": 10411818008,
                "team_id": "147",
                "type": "yellowcard",
                "fixture_id": 10411818,
                "player_id": 144436,
                "player_name": "M. Fontanella",
                "related_player_id": null,
                "related_player_name": null,
                "minute": 77,
                "extra_minute": null,
                "reason": null,
                "injuried": null,
                "result": null
            },
            {
                "id": 10411818009,
                "team_id": "147",
                "type": "substitution",
                "fixture_id": 10411818,
                "player_id": 144456,
                "player_name": "K. Nwoko",
                "related_player_id": 144436,
                "related_player_name": "M. Fontanella",
                "minute": 79,
                "extra_minute": null,
                "reason": null,
                "injuried": null,
                "result": null
            },
            {
                "id": 10411818010,
                "team_id": "147",
                "type": "substitution",
                "fixture_id": 10411818,
                "player_id": 78397,
                "player_name": "B. Gavrilă",
                "related_player_id": 77629,
                "related_player_name": "M. Alba",
                "minute": 82,
                "extra_minute": null,
                "reason": null,
                "injuried": null,
                "result": null
            },
            {
                "id": 10411818012,
                "team_id": "147",
                "type": "yellowcard",
                "fixture_id": 10411818,
                "player_id": 78397,
                "player_name": "B. Gavrilă",
                "related_player_id": null,
                "related_player_name": null,
                "minute": 90,
                "extra_minute": null,
                "reason": null,
                "injuried": null,
                "result": null
            },
            {
                "id": 10411818013,
                "team_id": "1877",
                "type": "yellowcard",
                "fixture_id": 10411818,
                "player_id": null,
                "player_name": null,
                "related_player_id": null,
                "related_player_name": null,
                "minute": 90,
                "extra_minute": 3,
                "reason": null,
                "injuried": null,
                "result": null
            },
            {
                "id": 10411818011,
                "team_id": "147",
                "type": "goal",
                "fixture_id": 10411818,
                "player_id": 78397,
                "player_name": "B. Gavrilă",
                "related_player_id": null,
                "related_player_name": null,
                "minute": 90,
                "extra_minute": null,
                "reason": null,
                "injuried": null,
                "result": "2-0"
            }
        ]
    },
    "odds": {
        "data": []
    }
}