{
    "id": 10411804,
    "league_id": 420,
    "season_id": 13029,
    "stage_id": 7743138,
    "round_id": 153271,
    "group_id": null,
    "aggregate_id": null,
    "venue_id": 974,
    "referee_id": null,
    "localteam_id": 147,
    "visitorteam_id": 1660,
    "winner_team_id": 147,
    "weather_report": null,
    "commentaries": null,
    "attendance": null,
    "pitch": "Good",
    "details": null,
    "neutral_venue": false,
    "winning_odds_calculated": true,
    "formations": {
        "localteam_formation": null,
        "visitorteam_formation": null
    },
    "scores": {
        "localteam_score": 2,
        "visitorteam_score": 0,
        "localteam_pen_score": null,
        "visitorteam_pen_score": null,
        "ht_score": "1-0",
        "ft_score": "2-0",
        "et_score": null
    },
    "time": {
        "status": "FT",
        "starting_at": {
            "date_time": "2019-01-13 15:00:00",
            "date": "2019-01-13",
            "time": "15:00:00",
            "timestamp": 1547391600,
            "timezone": "UTC"
        },
        "minute": 90,
        "second": 0,
        "added_time": 0,
        "extra_minute": null,
        "injury_time": 4
    },
    "coaches": {
        "localteam_coach_id": 462460,
        "visitorteam_coach_id": 457539
    },
    "standings": {
        "localteam_position": 3,
        "visitorteam_position": 5
    },
    "assistants": {
        "first_assistant_id": null,
        "second_assistant_id": null,
        "fourth_official_id": null
    },
    "leg": "1/1",
    "colors": {
        "localteam": {
            "color": null,
            "kit_colors": null
        },
        "visitorteam": {
            "color": null,
            "kit_colors": null
        }
    },
    "deleted": false,
    "localTeam": {
        "data": {
            "id": 147,
            "legacy_id": 1716,
            "name": "Valletta",
            "short_code": null,
            "twitter": null,
            "country_id": 2756,
            "national_team": false,
            "founded": 1944,
            "logo_path": "https://cdn.sportmonks.com/images//soccer/teams/19/147.png",
            "venue_id": 4453,
            "current_season_id": 13029
        }
    },
    "visitorTeam": {
        "data": {
            "id": 1660,
            "legacy_id": 1719,
            "name": "Sliema Wanderers",
            "short_code": null,
            "twitter": null,
            "country_id": 2756,
            "national_team": false,
            "founded": 1909,
            "logo_path": "https://cdn.sportmonks.com/images//soccer/teams/28/1660.png",
            "venue_id": 809,
            "current_season_id": 13029
        }
    },
    "league": {
        "data": {
            "id": 420,
            "active": true,
            "type": "domestic",
            "legacy_id": 152,
            "country_id": 2756,
            "logo_path": null,
            "name": "Premier League",
            "is_cup": false,
            "current_season_id": 16283,
            "current_round_id": 181738,
            "current_stage_id": 77444896,
            "live_standings": true,
            "coverage": {
                "predictions": 1,
                "topscorer_goals": false,
                "topscorer_assists": false,
                "topscorer_cards": false
            }
        }
    },
    "events": {
        "data": [
            {
                "id": 10411804001,
                "team_id": "147",
                "type": "yellowcard",
                "fixture_id": 10411804,
                "player_id": 77598,
                "player_name": "S. Borg",
                "related_player_id": null,
                "related_player_name": null,
                "minute": 30,
                "extra_minute": null,
                "reason": null,
                "injuried": null,
                "result": null
            },
            {
                "id": 10411804002,
                "team_id": "1660",
                "type": "yellowcard",
                "fixture_id": 10411804,
                "player_id": 132458,
                "player_name": "N. Ashong",
                "related_player_id": null,
                "related_player_name": null,
                "minute": 33,
                "extra_minute": null,
                "reason": null,
                "injuried": null,
                "result": null
            },
            {
                "id": 10411804003,
                "team_id": "147",
                "type": "goal",
                "fixture_id": 10411804,
                "player_id": 77598,
                "player_name": "S. Borg",
                "related_player_id": null,
                "related_player_name": null,
                "minute": 34,
                "extra_minute": null,
                "reason": null,
                "injuried": null,
                "result": "1-0"
            },
            {
                "id": 10411804004,
                "team_id": "1660",
                "type": "yellowcard",
                "fixture_id": 10411804,
                "player_id": 63706,
                "player_name": "Y. Bnou Marzouk",
                "related_player_id": null,
                "related_player_name": null,
                "minute": 36,
                "extra_minute": null,
                "reason": null,
                "injuried": null,
                "result": null
            },
            {
                "id": 10411804005,
                "team_id": "147",
                "type": "substitution",
                "fixture_id": 10411804,
                "player_id": 143234,
                "player_name": "J. Borg",
                "related_player_id": 15446,
                "related_player_name": "J. Zerafa",
                "minute": 71,
                "extra_minute": null,
                "reason": null,
                "injuried": null,
                "result": null
            },
            {
                "id": 10411804006,
                "team_id": "1660",
                "type": "substitution",
                "fixture_id": 10411804,
                "player_id": 457551,
                "player_name": "K. Shaw",
                "related_player_id": 144338,
                "related_player_name": "P. Xuereb",
                "minute": 75,
                "extra_minute": null,
                "reason": null,
                "injuried": null,
                "result": null
            },
            {
                "id": 10411804007,
                "team_id": "1660",
                "type": "substitution",
                "fixture_id": 10411804,
                "player_id": 142817,
                "player_name": "J. Mintoff",
                "related_player_id": 143360,
                "related_player_name": "M. Muchardi",
                "minute": 76,
                "extra_minute": null,
                "reason": null,
                "injuried": null,
                "result": null
            },
            {
                "id": 10411804008,
                "team_id": "1660",
                "type": "yellowcard",
                "fixture_id": 10411804,
                "player_id": 143310,
                "player_name": "M. Scerri",
                "related_player_id": 143360,
                "related_player_name": null,
                "minute": 77,
                "extra_minute": null,
                "reason": null,
                "injuried": null,
                "result": null
            },
            {
                "id": 10411804009,
                "team_id": "147",
                "type": "substitution",
                "fixture_id": 10411804,
                "player_id": 144071,
                "player_name": "M. Piciollo",
                "related_player_id": 77629,
                "related_player_name": "M. Alba",
                "minute": 77,
                "extra_minute": null,
                "reason": null,
                "injuried": null,
                "result": null
            },
            {
                "id": 10411804010,
                "team_id": "147",
                "type": "substitution",
                "fixture_id": 10411804,
                "player_id": 144456,
                "player_name": "K. Nwoko",
                "related_player_id": 144436,
                "related_player_name": "M. Fontanella",
                "minute": 88,
                "extra_minute": null,
                "reason": null,
                "injuried": null,
                "result": null
            },
            {
                "id": 10411804011,
                "team_id": "147",
                "type": "goal",
                "fixture_id": 10411804,
                "player_id": 144071,
                "player_name": "M. Piciollo",
                "related_player_id": null,
                "related_player_name": null,
                "minute": 90,
                "extra_minute": 4,
                "reason": null,
                "injuried": null,
                "result": "2-0"
            }
        ]
    },
    "odds": {
        "data": [
            {
                "id": 1,
                "name": "3Way Result",
                "suspended": false,
                "bookmaker": {
                    "data": [
                        {
                            "id": 13,
                            "name": "BetCRIS",
                            "odds": {
                                "data": [
                                    {
                                        "label": "1",
                                        "value": "1.56",
                                        "dp3": "1.562",
                                        "american": null,
                                        "winning": true,
                                        "handicap": null,
                                        "total": null,
                                        "bookmaker_event_id": null,
                                        "last_update": {
                                            "date": "2019-01-09 12:12:10.000000",
                                            "timezone_type": 3,
                                            "timezone": "UTC"
                                        }
                                    },
                                    {
                                        "label": "2",
                                        "value": "4.99",
                                        "dp3": "4.990",
                                        "american": null,
                                        "winning": false,
                                        "handicap": null,
                                        "total": null,
                                        "bookmaker_event_id": null,
                                        "last_update": {
                                            "date": "2019-01-09 12:12:10.000000",
                                            "timezone_type": 3,
                                            "timezone": "UTC"
                                        }
                                    },
                                    {
                                        "label": "X",
                                        "value": "3.57",
                                        "dp3": "3.570",
                                        "american": null,
                                        "winning": false,
                                        "handicap": null,
                                        "total": null,
                                        "bookmaker_event_id": null,
                                        "last_update": {
                                            "date": "2019-01-09 12:12:10.000000",
                                            "timezone_type": 3,
                                            "timezone": "UTC"
                                        }
                                    }
                                ]
                            }
                        }
                    ]
                }
            },
            {
                "id": 28,
                "name": "Asian Handicap",
                "suspended": false,
                "bookmaker": {
                    "data": [
                        {
                            "id": 13,
                            "name": "BetCRIS",
                            "odds": {
                                "data": [
                                    {
                                        "label": "1",
                                        "value": "1.74",
                                        "dp3": "1.740",
                                        "american": null,
                                        "winning": true,
                                        "handicap": "-0.75",
                                        "total": null,
                                        "bookmaker_event_id": null,
                                        "last_update": {
                                            "date": "2019-01-09 12:12:10.000000",
                                            "timezone_type": 3,
                                            "timezone": "UTC"
                                        }
                                    },
                                    {
                                        "label": "2",
                                        "value": "1.98",
                                        "dp3": "1.980",
                                        "american": null,
                                        "winning": false,
                                        "handicap": "+0.75",
                                        "total": null,
                                        "bookmaker_event_id": null,
                                        "last_update": {
                                            "date": "2019-01-09 12:12:10.000000",
                                            "timezone_type": 3,
                                            "timezone": "UTC"
                                        }
                                    }
                                ]
                            }
                        },
                        {
                            "id": 36,
                            "name": "Marathonbet",
                            "odds": {
                                "data": [
                                    {
                                        "label": "1",
                                        "value": "2.06",
                                        "dp3": "2.060",
                                        "american": null,
                                        "winning": true,
                                        "handicap": "-1.0",
                                        "total": null,
                                        "bookmaker_event_id": null,
                                        "last_update": {
                                            "date": "2019-01-09 12:12:10.000000",
                                            "timezone_type": 3,
                                            "timezone": "UTC"
                                        }
                                    },
                                    {
                                        "label": "2",
                                        "value": "1.71",
                                        "dp3": "1.710",
                                        "american": null,
                                        "winning": false,
                                        "handicap": "+1.0",
                                        "total": null,
                                        "bookmaker_event_id": null,
                                        "last_update": {
                                            "date": "2019-01-09 12:12:10.000000",
                                            "timezone_type": 3,
                                            "timezone": "UTC"
                                        }
                                    }
                                ]
                            }
                        }
                    ]
                }
            }
        ]
    }
}