{
    "id": 10411828,
    "league_id": 420,
    "season_id": 13029,
    "stage_id": 7743138,
    "round_id": 153275,
    "group_id": null,
    "aggregate_id": null,
    "venue_id": 7824,
    "referee_id": null,
    "localteam_id": 147,
    "visitorteam_id": 10462,
    "winner_team_id": null,
    "weather_report": {
        "code": "clouds",
        "type": "broken clouds",
        "icon": "https://cdn.sportmonks.com/images/weather/04d.png",
        "temperature": {
            "temp": 51.97,
            "unit": "fahrenheit"
        },
        "clouds": "76%",
        "humidity": "100%",
        "pressure": 986.1,
        "wind": {
            "speed": "3.65 m/s",
            "degree": 122
        }
    },
    "commentaries": null,
    "attendance": null,
    "pitch": "Good",
    "details": null,
    "neutral_venue": false,
    "winning_odds_calculated": true,
    "formations": {
        "localteam_formation": null,
        "visitorteam_formation": null
    },
    "scores": {
        "localteam_score": 3,
        "visitorteam_score": 3,
        "localteam_pen_score": null,
        "visitorteam_pen_score": null,
        "ht_score": "2-1",
        "ft_score": "3-3",
        "et_score": null
    },
    "time": {
        "status": "FT",
        "starting_at": {
            "date_time": "2019-02-16 13:00:00",
            "date": "2019-02-16",
            "time": "13:00:00",
            "timestamp": 1550322000,
            "timezone": "UTC"
        },
        "minute": 90,
        "second": 0,
        "added_time": 4,
        "extra_minute": null,
        "injury_time": 4
    },
    "coaches": {
        "localteam_coach_id": 462460,
        "visitorteam_coach_id": 43981
    },
    "standings": {
        "localteam_position": 1,
        "visitorteam_position": 11
    },
    "assistants": {
        "first_assistant_id": null,
        "second_assistant_id": null,
        "fourth_official_id": null
    },
    "leg": "1/1",
    "colors": {
        "localteam": {
            "color": null,
            "kit_colors": null
        },
        "visitorteam": {
            "color": null,
            "kit_colors": null
        }
    },
    "deleted": false,
    "localTeam": {
        "data": {
            "id": 147,
            "legacy_id": 1716,
            "name": "Valletta",
            "short_code": null,
            "twitter": null,
            "country_id": 2756,
            "national_team": false,
            "founded": 1944,
            "logo_path": "https://cdn.sportmonks.com/images//soccer/teams/19/147.png",
            "venue_id": 4453,
            "current_season_id": 13029
        }
    },
    "visitorTeam": {
        "data": {
            "id": 10462,
            "legacy_id": null,
            "name": "Senglea Athletic",
            "short_code": null,
            "twitter": null,
            "country_id": 2756,
            "national_team": false,
            "founded": 0,
            "logo_path": "https://cdn.sportmonks.com/images//soccer/teams/30/10462.png",
            "venue_id": 4453,
            "current_season_id": 13029
        }
    },
    "league": {
        "data": {
            "id": 420,
            "active": true,
            "type": "domestic",
            "legacy_id": 152,
            "country_id": 2756,
            "logo_path": null,
            "name": "Premier League",
            "is_cup": false,
            "current_season_id": 16283,
            "current_round_id": 181738,
            "current_stage_id": 77444896,
            "live_standings": true,
            "coverage": {
                "predictions": 1,
                "topscorer_goals": false,
                "topscorer_assists": false,
                "topscorer_cards": false
            }
        }
    },
    "events": {
        "data": [
            {
                "id": 10411828001,
                "team_id": "147",
                "type": "goal",
                "fixture_id": 10411828,
                "player_id": 144071,
                "player_name": "M. Piciollo",
                "related_player_id": null,
                "related_player_name": null,
                "minute": 4,
                "extra_minute": null,
                "reason": null,
                "injuried": null,
                "result": "1-0"
            },
            {
                "id": 10411828002,
                "team_id": "147",
                "type": "yellowcard",
                "fixture_id": 10411828,
                "player_id": null,
                "player_name": null,
                "related_player_id": null,
                "related_player_name": null,
                "minute": 7,
                "extra_minute": null,
                "reason": null,
                "injuried": null,
                "result": null
            },
            {
                "id": 10411828003,
                "team_id": "10462",
                "type": "yellowcard",
                "fixture_id": 10411828,
                "player_id": null,
                "player_name": null,
                "related_player_id": null,
                "related_player_name": null,
                "minute": 13,
                "extra_minute": null,
                "reason": null,
                "injuried": null,
                "result": null
            },
            {
                "id": 10411828004,
                "team_id": "10462",
                "type": "goal",
                "fixture_id": 10411828,
                "player_id": 401002,
                "player_name": "Diego Venancio",
                "related_player_id": null,
                "related_player_name": null,
                "minute": 23,
                "extra_minute": null,
                "reason": null,
                "injuried": null,
                "result": "1-1"
            },
            {
                "id": 10411828005,
                "team_id": "147",
                "type": "yellowcard",
                "fixture_id": 10411828,
                "player_id": null,
                "player_name": null,
                "related_player_id": null,
                "related_player_name": null,
                "minute": 26,
                "extra_minute": null,
                "reason": null,
                "injuried": null,
                "result": null
            },
            {
                "id": 10411828006,
                "team_id": "147",
                "type": "yellowcard",
                "fixture_id": 10411828,
                "player_id": null,
                "player_name": null,
                "related_player_id": null,
                "related_player_name": null,
                "minute": 36,
                "extra_minute": null,
                "reason": null,
                "injuried": null,
                "result": null
            },
            {
                "id": 10411828007,
                "team_id": "147",
                "type": "own-goal",
                "fixture_id": 10411828,
                "player_id": null,
                "player_name": "Mido",
                "related_player_id": null,
                "related_player_name": null,
                "minute": 37,
                "extra_minute": null,
                "reason": null,
                "injuried": null,
                "result": "2-1"
            },
            {
                "id": 10411828008,
                "team_id": "10462",
                "type": "goal",
                "fixture_id": 10411828,
                "player_id": 3187826,
                "player_name": "A. Cáseres",
                "related_player_id": null,
                "related_player_name": null,
                "minute": 48,
                "extra_minute": null,
                "reason": null,
                "injuried": null,
                "result": "2-2"
            },
            {
                "id": 10411828009,
                "team_id": "10462",
                "type": "yellowcard",
                "fixture_id": 10411828,
                "player_id": null,
                "player_name": null,
                "related_player_id": null,
                "related_player_name": null,
                "minute": 62,
                "extra_minute": null,
                "reason": null,
                "injuried": null,
                "result": null
            },
            {
                "id": 10411828010,
                "team_id": "10462",
                "type": "goal",
                "fixture_id": 10411828,
                "player_id": null,
                "player_name": null,
                "related_player_id": null,
                "related_player_name": null,
                "minute": 83,
                "extra_minute": null,
                "reason": null,
                "injuried": null,
                "result": "2-3"
            },
            {
                "id": 10411828011,
                "team_id": "147",
                "type": "yellowcard",
                "fixture_id": 10411828,
                "player_id": null,
                "player_name": null,
                "related_player_id": null,
                "related_player_name": null,
                "minute": 88,
                "extra_minute": null,
                "reason": null,
                "injuried": null,
                "result": null
            },
            {
                "id": 10411828012,
                "team_id": "10462",
                "type": "yellowcard",
                "fixture_id": 10411828,
                "player_id": null,
                "player_name": null,
                "related_player_id": null,
                "related_player_name": null,
                "minute": 88,
                "extra_minute": null,
                "reason": null,
                "injuried": null,
                "result": null
            },
            {
                "id": 10411828013,
                "team_id": "147",
                "type": "goal",
                "fixture_id": 10411828,
                "player_id": null,
                "player_name": null,
                "related_player_id": null,
                "related_player_name": null,
                "minute": 89,
                "extra_minute": null,
                "reason": null,
                "injuried": null,
                "result": "3-3"
            },
            {
                "id": 10411828014,
                "team_id": "10462",
                "type": "yellowcard",
                "fixture_id": 10411828,
                "player_id": null,
                "player_name": null,
                "related_player_id": null,
                "related_player_name": null,
                "minute": 90,
                "extra_minute": null,
                "reason": null,
                "injuried": null,
                "result": null
            }
        ]
    },
    "odds": {
        "data": []
    }
}