{
    "id": 5375132,
    "league_id": 420,
    "season_id": 8110,
    "stage_id": 56620,
    "round_id": null,
    "group_id": null,
    "aggregate_id": null,
    "venue_id": 4453,
    "referee_id": null,
    "localteam_id": 147,
    "visitorteam_id": 9969,
    "winner_team_id": 147,
    "weather_report": {
        "code": "clouds",
        "type": "few clouds",
        "icon": "https://cdn.sportmonks.com/images/weather/02d.png",
        "temperature": {
            "temp": 35.6,
            "unit": "fahrenheit"
        },
        "clouds": "20%",
        "humidity": "93%",
        "wind": {
            "speed": "5.82 m/s",
            "degree": 340
        }
    },
    "commentaries": null,
    "attendance": null,
    "pitch": null,
    "details": null,
    "neutral_venue": false,
    "winning_odds_calculated": true,
    "formations": {
        "localteam_formation": null,
        "visitorteam_formation": null
    },
    "scores": {
        "localteam_score": 6,
        "visitorteam_score": 0,
        "localteam_pen_score": null,
        "visitorteam_pen_score": null,
        "ht_score": "3-0",
        "ft_score": "6-0",
        "et_score": null
    },
    "time": {
        "status": "FT",
        "starting_at": {
            "date_time": "2017-10-21 15:15:00",
            "date": "2017-10-21",
            "time": "15:15:00",
            "timestamp": 1508598900,
            "timezone": "UTC"
        },
        "minute": 90,
        "second": null,
        "added_time": null,
        "extra_minute": null,
        "injury_time": 2
    },
    "coaches": {
        "localteam_coach_id": 1030176,
        "visitorteam_coach_id": 3187823
    },
    "standings": {
        "localteam_position": 2,
        "visitorteam_position": 11
    },
    "assistants": {
        "first_assistant_id": null,
        "second_assistant_id": null,
        "fourth_official_id": null
    },
    "leg": "1/1",
    "colors": null,
    "deleted": false,
    "localTeam": {
        "data": {
            "id": 147,
            "legacy_id": 1716,
            "name": "Valletta",
            "short_code": null,
            "twitter": null,
            "country_id": 2756,
            "national_team": false,
            "founded": 1944,
            "logo_path": "https://cdn.sportmonks.com/images//soccer/teams/19/147.png",
            "venue_id": 4453,
            "current_season_id": 13029
        }
    },
    "visitorTeam": {
        "data": {
            "id": 9969,
            "legacy_id": 1725,
            "name": "Tarxien Rainbows",
            "short_code": null,
            "twitter": null,
            "country_id": 2756,
            "national_team": false,
            "founded": 1944,
            "logo_path": "https://cdn.sportmonks.com/images//soccer/teams/17/9969.png",
            "venue_id": 6550,
            "current_season_id": 13029
        }
    },
    "league": {
        "data": {
            "id": 420,
            "active": true,
            "type": "domestic",
            "legacy_id": 152,
            "country_id": 2756,
            "logo_path": null,
            "name": "Premier League",
            "is_cup": false,
            "current_season_id": 16283,
            "current_round_id": 181738,
            "current_stage_id": 77444896,
            "live_standings": true,
            "coverage": {
                "predictions": 1,
                "topscorer_goals": false,
                "topscorer_assists": false,
                "topscorer_cards": false
            }
        }
    },
    "events": {
        "data": [
            {
                "id": 5375132001,
                "team_id": "147",
                "type": "goal",
                "fixture_id": 5375132,
                "player_id": 75829,
                "player_name": "J. Gill",
                "related_player_id": null,
                "related_player_name": null,
                "minute": 10,
                "extra_minute": null,
                "reason": null,
                "injuried": null,
                "result": "1-0"
            },
            {
                "id": 5375132002,
                "team_id": "9969",
                "type": "yellowcard",
                "fixture_id": 5375132,
                "player_id": 144040,
                "player_name": "L. Grech",
                "related_player_id": null,
                "related_player_name": null,
                "minute": 25,
                "extra_minute": null,
                "reason": null,
                "injuried": null,
                "result": null
            },
            {
                "id": 5375132003,
                "team_id": "147",
                "type": "goal",
                "fixture_id": 5375132,
                "player_id": 144456,
                "player_name": "K. Nwoko",
                "related_player_id": null,
                "related_player_name": null,
                "minute": 34,
                "extra_minute": null,
                "reason": null,
                "injuried": null,
                "result": "2-0"
            },
            {
                "id": 5375132004,
                "team_id": "147",
                "type": "goal",
                "fixture_id": 5375132,
                "player_id": 144628,
                "player_name": "S. Malano",
                "related_player_id": null,
                "related_player_name": null,
                "minute": 45,
                "extra_minute": null,
                "reason": null,
                "injuried": null,
                "result": "3-0"
            },
            {
                "id": 5375132005,
                "team_id": "9969",
                "type": "substitution",
                "fixture_id": 5375132,
                "player_id": 455592,
                "player_name": "M. Spiteri",
                "related_player_id": 3181448,
                "related_player_name": "E. Calin",
                "minute": 46,
                "extra_minute": null,
                "reason": null,
                "injuried": null,
                "result": null
            },
            {
                "id": 5375132006,
                "team_id": "147",
                "type": "goal",
                "fixture_id": 5375132,
                "player_id": 144071,
                "player_name": "M. Piciollo",
                "related_player_id": null,
                "related_player_name": null,
                "minute": 51,
                "extra_minute": null,
                "reason": null,
                "injuried": null,
                "result": "4-0"
            },
            {
                "id": 5375132007,
                "team_id": "9969",
                "type": "substitution",
                "fixture_id": 5375132,
                "player_id": 7034556,
                "player_name": "M. Traore",
                "related_player_id": 142922,
                "related_player_name": "R. Darmanin",
                "minute": 62,
                "extra_minute": null,
                "reason": null,
                "injuried": null,
                "result": null
            },
            {
                "id": 5375132008,
                "team_id": "147",
                "type": "substitution",
                "fixture_id": 5375132,
                "player_id": 128388,
                "player_name": "C. Pani",
                "related_player_id": 144628,
                "related_player_name": "S. Malano",
                "minute": 65,
                "extra_minute": null,
                "reason": null,
                "injuried": null,
                "result": null
            },
            {
                "id": 5375132009,
                "team_id": "9969",
                "type": "yellowcard",
                "fixture_id": 5375132,
                "player_id": 7034556,
                "player_name": "M. Traore",
                "related_player_id": null,
                "related_player_name": null,
                "minute": 66,
                "extra_minute": null,
                "reason": null,
                "injuried": null,
                "result": null
            },
            {
                "id": 5375132010,
                "team_id": "147",
                "type": "substitution",
                "fixture_id": 5375132,
                "player_id": 114076,
                "player_name": "R. Muscat",
                "related_player_id": 15446,
                "related_player_name": "J. Zerafa",
                "minute": 68,
                "extra_minute": null,
                "reason": null,
                "injuried": null,
                "result": null
            },
            {
                "id": 5375132011,
                "team_id": "9969",
                "type": "substitution",
                "fixture_id": 5375132,
                "player_id": 143333,
                "player_name": "A. Azzopardi",
                "related_player_id": 143744,
                "related_player_name": "G. Mckay",
                "minute": 77,
                "extra_minute": null,
                "reason": null,
                "injuried": null,
                "result": null
            },
            {
                "id": 5375132012,
                "team_id": "147",
                "type": "substitution",
                "fixture_id": 5375132,
                "player_id": 336219,
                "player_name": "R. Fenech",
                "related_player_id": 142973,
                "related_player_name": "Denni",
                "minute": 79,
                "extra_minute": null,
                "reason": null,
                "injuried": null,
                "result": null
            },
            {
                "id": 5375132013,
                "team_id": "147",
                "type": "goal",
                "fixture_id": 5375132,
                "player_id": 336219,
                "player_name": "R. Fenech",
                "related_player_id": null,
                "related_player_name": null,
                "minute": 80,
                "extra_minute": null,
                "reason": null,
                "injuried": null,
                "result": "5-0"
            },
            {
                "id": 5375132014,
                "team_id": "147",
                "type": "goal",
                "fixture_id": 5375132,
                "player_id": 144456,
                "player_name": "K. Nwoko",
                "related_player_id": null,
                "related_player_name": null,
                "minute": 83,
                "extra_minute": null,
                "reason": null,
                "injuried": null,
                "result": "6-0"
            }
        ]
    },
    "odds": {
        "data": []
    }
}