{
    "id": 10403664,
    "league_id": 1001,
    "season_id": 13176,
    "stage_id": 7743326,
    "round_id": 152363,
    "group_id": null,
    "aggregate_id": null,
    "venue_id": 4817,
    "referee_id": 21073,
    "localteam_id": 134030,
    "visitorteam_id": 5971,
    "winner_team_id": 5971,
    "weather_report": null,
    "commentaries": null,
    "attendance": null,
    "pitch": "Good",
    "details": null,
    "neutral_venue": false,
    "winning_odds_calculated": true,
    "formations": {
        "localteam_formation": null,
        "visitorteam_formation": null
    },
    "scores": {
        "localteam_score": 0,
        "visitorteam_score": 2,
        "localteam_pen_score": null,
        "visitorteam_pen_score": null,
        "ht_score": "0-1",
        "ft_score": "0-2",
        "et_score": null
    },
    "time": {
        "status": "FT",
        "starting_at": {
            "date_time": "2019-03-09 12:00:00",
            "date": "2019-03-09",
            "time": "12:00:00",
            "timestamp": 1552132800,
            "timezone": "UTC"
        },
        "minute": 90,
        "second": 0,
        "added_time": 0,
        "extra_minute": null,
        "injury_time": 4
    },
    "coaches": {
        "localteam_coach_id": 4192212,
        "visitorteam_coach_id": 1552691
    },
    "standings": {
        "localteam_position": 9,
        "visitorteam_position": 3
    },
    "assistants": {
        "first_assistant_id": null,
        "second_assistant_id": null,
        "fourth_official_id": null
    },
    "leg": "1/1",
    "colors": {
        "localteam": {
            "color": null,
            "kit_colors": null
        },
        "visitorteam": {
            "color": null,
            "kit_colors": null
        }
    },
    "deleted": false,
    "localTeam": {
        "data": {
            "id": 134030,
            "legacy_id": null,
            "name": "Warriors",
            "short_code": null,
            "twitter": null,
            "country_id": 64306,
            "national_team": false,
            "founded": 0,
            "logo_path": null,
            "venue_id": 4817,
            "current_season_id": 13176
        }
    },
    "visitorTeam": {
        "data": {
            "id": 5971,
            "legacy_id": null,
            "name": "Wofoo Tai Po",
            "short_code": null,
            "twitter": null,
            "country_id": 64306,
            "national_team": false,
            "founded": 2002,
            "logo_path": "https://cdn.sportmonks.com/images//soccer/teams/19/5971.png",
            "venue_id": 3894,
            "current_season_id": 13176
        }
    },
    "league": {
        "data": {
            "id": 1001,
            "active": true,
            "type": "domestic",
            "legacy_id": 350,
            "country_id": 64306,
            "logo_path": null,
            "name": "Premier League",
            "is_cup": false,
            "current_season_id": 16570,
            "current_round_id": 182670,
            "current_stage_id": 77445709,
            "live_standings": false,
            "coverage": {
                "predictions": 1,
                "topscorer_goals": false,
                "topscorer_assists": false,
                "topscorer_cards": false
            }
        }
    },
    "events": {
        "data": [
            {
                "id": 10403664001,
                "team_id": "134030",
                "type": "yellowcard",
                "fixture_id": 10403664,
                "player_id": 314055,
                "player_name": "Fong Pak Lun",
                "related_player_id": null,
                "related_player_name": null,
                "minute": 32,
                "extra_minute": null,
                "reason": null,
                "injuried": null,
                "result": null
            },
            {
                "id": 10403664002,
                "team_id": "5971",
                "type": "goal",
                "fixture_id": 10403664,
                "player_id": 314042,
                "player_name": "Chan Siu Kwan",
                "related_player_id": null,
                "related_player_name": null,
                "minute": 33,
                "extra_minute": null,
                "reason": null,
                "injuried": null,
                "result": "0-1"
            },
            {
                "id": 10403664003,
                "team_id": "134030",
                "type": "yellowcard",
                "fixture_id": 10403664,
                "player_id": 319664,
                "player_name": "Baek Ji-Hoon",
                "related_player_id": null,
                "related_player_name": null,
                "minute": 40,
                "extra_minute": null,
                "reason": null,
                "injuried": null,
                "result": null
            },
            {
                "id": 10403664004,
                "team_id": "5971",
                "type": "yellowcard",
                "fixture_id": 10403664,
                "player_id": 314042,
                "player_name": "Chan Siu Kwan",
                "related_player_id": null,
                "related_player_name": null,
                "minute": 40,
                "extra_minute": null,
                "reason": null,
                "injuried": null,
                "result": null
            },
            {
                "id": 10403664005,
                "team_id": "134030",
                "type": "yellowred",
                "fixture_id": 10403664,
                "player_id": 319664,
                "player_name": "Baek Ji-Hoon",
                "related_player_id": null,
                "related_player_name": null,
                "minute": 45,
                "extra_minute": 1,
                "reason": null,
                "injuried": null,
                "result": null
            },
            {
                "id": 10403664006,
                "team_id": "134030",
                "type": "substitution",
                "fixture_id": 10403664,
                "player_id": 58418,
                "player_name": "S. Shapoval",
                "related_player_id": 314269,
                "related_player_name": "Wong Chun Hin",
                "minute": 46,
                "extra_minute": null,
                "reason": null,
                "injuried": null,
                "result": null
            },
            {
                "id": 10403664007,
                "team_id": "5971",
                "type": "yellowcard",
                "fixture_id": 10403664,
                "player_id": 314040,
                "player_name": "Wong Wai",
                "related_player_id": null,
                "related_player_name": null,
                "minute": 53,
                "extra_minute": null,
                "reason": null,
                "injuried": null,
                "result": null
            },
            {
                "id": 10403664008,
                "team_id": "5971",
                "type": "goal",
                "fixture_id": 10403664,
                "player_id": 219177,
                "player_name": "Igor Sartori",
                "related_player_id": null,
                "related_player_name": null,
                "minute": 66,
                "extra_minute": null,
                "reason": null,
                "injuried": null,
                "result": "0-2"
            },
            {
                "id": 10403664009,
                "team_id": "5971",
                "type": "substitution",
                "fixture_id": 10403664,
                "player_id": 225391,
                "player_name": "João Emir",
                "related_player_id": 219177,
                "related_player_name": "Igor Sartori",
                "minute": 68,
                "extra_minute": null,
                "reason": null,
                "injuried": null,
                "result": null
            },
            {
                "id": 10403664010,
                "team_id": "5971",
                "type": "substitution",
                "fixture_id": 10403664,
                "player_id": 314156,
                "player_name": "Lee Ka Ho",
                "related_player_id": 314040,
                "related_player_name": "Wong Wai",
                "minute": 75,
                "extra_minute": null,
                "reason": null,
                "injuried": null,
                "result": null
            },
            {
                "id": 10403664011,
                "team_id": "134030",
                "type": "substitution",
                "fixture_id": 10403664,
                "player_id": 314291,
                "player_name": "Cheng Siu Kwang",
                "related_player_id": 314320,
                "related_player_name": "Leong Ka Hang",
                "minute": 75,
                "extra_minute": null,
                "reason": null,
                "injuried": null,
                "result": null
            },
            {
                "id": 10403664012,
                "team_id": "134030",
                "type": "substitution",
                "fixture_id": 10403664,
                "player_id": 313337,
                "player_name": "Tam Lok Hin",
                "related_player_id": 313675,
                "related_player_name": "Chan Ming Kong",
                "minute": 80,
                "extra_minute": null,
                "reason": null,
                "injuried": null,
                "result": null
            },
            {
                "id": 10403664013,
                "team_id": "5971",
                "type": "substitution",
                "fixture_id": 10403664,
                "player_id": 313412,
                "player_name": "Yeung Chi Lun",
                "related_player_id": 314058,
                "related_player_name": "Lee Ka Yiu",
                "minute": 84,
                "extra_minute": null,
                "reason": null,
                "injuried": null,
                "result": null
            },
            {
                "id": 10403664014,
                "team_id": "134030",
                "type": "yellowcard",
                "fixture_id": 10403664,
                "player_id": 314515,
                "player_name": "Yu Wai Lim",
                "related_player_id": null,
                "related_player_name": null,
                "minute": 90,
                "extra_minute": 3,
                "reason": null,
                "injuried": null,
                "result": null
            }
        ]
    },
    "odds": {
        "data": []
    }
}