{
    "id": 10403642,
    "league_id": 1001,
    "season_id": 13176,
    "stage_id": 7743326,
    "round_id": 152361,
    "group_id": null,
    "aggregate_id": null,
    "venue_id": 4817,
    "referee_id": 21073,
    "localteam_id": 134030,
    "visitorteam_id": 18065,
    "winner_team_id": 18065,
    "weather_report": null,
    "commentaries": null,
    "attendance": null,
    "pitch": "Good",
    "details": null,
    "neutral_venue": false,
    "winning_odds_calculated": true,
    "formations": {
        "localteam_formation": null,
        "visitorteam_formation": null
    },
    "scores": {
        "localteam_score": 1,
        "visitorteam_score": 3,
        "localteam_pen_score": null,
        "visitorteam_pen_score": null,
        "ht_score": "0-2",
        "ft_score": "1-3",
        "et_score": null
    },
    "time": {
        "status": "FT",
        "starting_at": {
            "date_time": "2019-02-16 09:30:00",
            "date": "2019-02-16",
            "time": "09:30:00",
            "timestamp": 1550309400,
            "timezone": "UTC"
        },
        "minute": 90,
        "second": 0,
        "added_time": 5,
        "extra_minute": null,
        "injury_time": 5
    },
    "coaches": {
        "localteam_coach_id": 4192212,
        "visitorteam_coach_id": 313756
    },
    "standings": {
        "localteam_position": 8,
        "visitorteam_position": 1
    },
    "assistants": {
        "first_assistant_id": null,
        "second_assistant_id": null,
        "fourth_official_id": null
    },
    "leg": "1/1",
    "colors": {
        "localteam": {
            "color": null,
            "kit_colors": null
        },
        "visitorteam": {
            "color": null,
            "kit_colors": null
        }
    },
    "deleted": false,
    "localTeam": {
        "data": {
            "id": 134030,
            "legacy_id": null,
            "name": "Warriors",
            "short_code": null,
            "twitter": null,
            "country_id": 64306,
            "national_team": false,
            "founded": 0,
            "logo_path": null,
            "venue_id": 4817,
            "current_season_id": 13176
        }
    },
    "visitorTeam": {
        "data": {
            "id": 18065,
            "legacy_id": null,
            "name": "Guangzhou R&F U19",
            "short_code": null,
            "twitter": null,
            "country_id": 64306,
            "national_team": false,
            "founded": 0,
            "logo_path": null,
            "venue_id": null,
            "current_season_id": 13176
        }
    },
    "league": {
        "data": {
            "id": 1001,
            "active": true,
            "type": "domestic",
            "legacy_id": 350,
            "country_id": 64306,
            "logo_path": null,
            "name": "Premier League",
            "is_cup": false,
            "current_season_id": 16570,
            "current_round_id": 182670,
            "current_stage_id": 77445709,
            "live_standings": false,
            "coverage": {
                "predictions": 1,
                "topscorer_goals": false,
                "topscorer_assists": false,
                "topscorer_cards": false
            }
        }
    },
    "events": {
        "data": [
            {
                "id": 10403642001,
                "team_id": "18065",
                "type": "goal",
                "fixture_id": 10403642,
                "player_id": 73505,
                "player_name": "S. Novaković",
                "related_player_id": null,
                "related_player_name": null,
                "minute": 6,
                "extra_minute": null,
                "reason": null,
                "injuried": null,
                "result": "0-1"
            },
            {
                "id": 10403642002,
                "team_id": "134030",
                "type": "substitution",
                "fixture_id": 10403642,
                "player_id": 314028,
                "player_name": "Ngan Lok Fung",
                "related_player_id": 314269,
                "related_player_name": "Wong Chun Hin",
                "minute": 26,
                "extra_minute": null,
                "reason": null,
                "injuried": null,
                "result": null
            },
            {
                "id": 10403642004,
                "team_id": "18065",
                "type": "goal",
                "fixture_id": 10403642,
                "player_id": 85936,
                "player_name": "Tiago",
                "related_player_id": null,
                "related_player_name": null,
                "minute": 45,
                "extra_minute": 2,
                "reason": null,
                "injuried": null,
                "result": "0-2"
            },
            {
                "id": 10403642003,
                "team_id": "134030",
                "type": "substitution",
                "fixture_id": 10403642,
                "player_id": 314291,
                "player_name": "Cheng Siu Kwang",
                "related_player_id": 313570,
                "related_player_name": "Chan Hin Kwong",
                "minute": 46,
                "extra_minute": null,
                "reason": null,
                "injuried": null,
                "result": null
            },
            {
                "id": 10403642005,
                "team_id": "134030",
                "type": "substitution",
                "fixture_id": 10403642,
                "player_id": 313778,
                "player_name": "Pang Tsz Kin",
                "related_player_id": 314332,
                "related_player_name": "Chun Yuen Ho",
                "minute": 63,
                "extra_minute": null,
                "reason": null,
                "injuried": null,
                "result": null
            },
            {
                "id": 10403642006,
                "team_id": "18065",
                "type": "substitution",
                "fixture_id": 10403642,
                "player_id": 50358,
                "player_name": "S. Deblé",
                "related_player_id": 313305,
                "related_player_name": "Itaparica",
                "minute": 70,
                "extra_minute": null,
                "reason": null,
                "injuried": null,
                "result": null
            },
            {
                "id": 10403642007,
                "team_id": "18065",
                "type": "substitution",
                "fixture_id": 10403642,
                "player_id": 314544,
                "player_name": "Lilley Nunez Vasudeva Das",
                "related_player_id": 73505,
                "related_player_name": "S. Novaković",
                "minute": 70,
                "extra_minute": null,
                "reason": null,
                "injuried": null,
                "result": null
            },
            {
                "id": 10403642008,
                "team_id": "18065",
                "type": "goal",
                "fixture_id": 10403642,
                "player_id": 50358,
                "player_name": "S. Deblé",
                "related_player_id": null,
                "related_player_name": null,
                "minute": 81,
                "extra_minute": null,
                "reason": null,
                "injuried": null,
                "result": "0-3"
            },
            {
                "id": 10403642009,
                "team_id": "18065",
                "type": "substitution",
                "fixture_id": 10403642,
                "player_id": 313245,
                "player_name": "Paulinho",
                "related_player_id": 31459,
                "related_player_name": "Z. Lam",
                "minute": 84,
                "extra_minute": null,
                "reason": null,
                "injuried": null,
                "result": null
            },
            {
                "id": 10403642011,
                "team_id": "18065",
                "type": "yellowcard",
                "fixture_id": 10403642,
                "player_id": 85936,
                "player_name": "Tiago",
                "related_player_id": null,
                "related_player_name": null,
                "minute": 88,
                "extra_minute": null,
                "reason": null,
                "injuried": null,
                "result": null
            },
            {
                "id": 10403642010,
                "team_id": "134030",
                "type": "goal",
                "fixture_id": 10403642,
                "player_id": 314291,
                "player_name": "Cheng Siu Kwang",
                "related_player_id": null,
                "related_player_name": null,
                "minute": 88,
                "extra_minute": null,
                "reason": null,
                "injuried": null,
                "result": "1-3"
            }
        ]
    },
    "odds": {
        "data": []
    }
}