{
    "id": 10403678,
    "league_id": 1001,
    "season_id": 13176,
    "stage_id": 7743326,
    "round_id": 152367,
    "group_id": null,
    "aggregate_id": null,
    "venue_id": 4817,
    "referee_id": null,
    "localteam_id": 134030,
    "visitorteam_id": 1411,
    "winner_team_id": null,
    "weather_report": {
        "code": "clouds",
        "type": "few clouds",
        "icon": "https://cdn.sportmonks.com/images/weather/02n.png",
        "temperature": {
            "temp": 77.25,
            "unit": "fahrenheit"
        },
        "temperature_celcius": {
            "temp": 25.1,
            "unit": "celcius"
        },
        "clouds": "20%",
        "humidity": "69%",
        "pressure": 1012,
        "wind": {
            "speed": "9.17 m/s",
            "degree": 230
        },
        "coordinates": {
            "lat": 22.28,
            "lon": 114.16
        },
        "updated_at": "2019-04-05T11:15:10.080475Z"
    },
    "commentaries": null,
    "attendance": 630,
    "pitch": "Good",
    "details": null,
    "neutral_venue": false,
    "winning_odds_calculated": true,
    "formations": {
        "localteam_formation": null,
        "visitorteam_formation": null
    },
    "scores": {
        "localteam_score": 0,
        "visitorteam_score": 0,
        "localteam_pen_score": null,
        "visitorteam_pen_score": null,
        "ht_score": "0-0",
        "ft_score": "0-0",
        "et_score": null
    },
    "time": {
        "status": "FT",
        "starting_at": {
            "date_time": "2019-04-05 09:30:00",
            "date": "2019-04-05",
            "time": "09:30:00",
            "timestamp": 1554456600,
            "timezone": "UTC"
        },
        "minute": 90,
        "second": 0,
        "added_time": 0,
        "extra_minute": null,
        "injury_time": 5
    },
    "coaches": {
        "localteam_coach_id": 4192212,
        "visitorteam_coach_id": 14107
    },
    "standings": {
        "localteam_position": 9,
        "visitorteam_position": 5
    },
    "assistants": {
        "first_assistant_id": null,
        "second_assistant_id": null,
        "fourth_official_id": null
    },
    "leg": "1/1",
    "colors": {
        "localteam": {
            "color": null,
            "kit_colors": null
        },
        "visitorteam": {
            "color": null,
            "kit_colors": null
        }
    },
    "deleted": false,
    "localTeam": {
        "data": {
            "id": 134030,
            "legacy_id": null,
            "name": "Warriors",
            "short_code": null,
            "twitter": null,
            "country_id": 64306,
            "national_team": false,
            "founded": 0,
            "logo_path": null,
            "venue_id": 4817,
            "current_season_id": 13176
        }
    },
    "visitorTeam": {
        "data": {
            "id": 1411,
            "legacy_id": null,
            "name": "Eastern",
            "short_code": null,
            "twitter": null,
            "country_id": 64306,
            "national_team": false,
            "founded": 1932,
            "logo_path": "https://cdn.sportmonks.com/images//soccer/teams/3/1411.png",
            "venue_id": 13871,
            "current_season_id": 13176
        }
    },
    "league": {
        "data": {
            "id": 1001,
            "active": true,
            "type": "domestic",
            "legacy_id": 350,
            "country_id": 64306,
            "logo_path": null,
            "name": "Premier League",
            "is_cup": false,
            "current_season_id": 16570,
            "current_round_id": 182670,
            "current_stage_id": 77445709,
            "live_standings": false,
            "coverage": {
                "predictions": 1,
                "topscorer_goals": false,
                "topscorer_assists": false,
                "topscorer_cards": false
            }
        }
    },
    "events": {
        "data": [
            {
                "id": 10403678001,
                "team_id": "1411",
                "type": "yellowcard",
                "fixture_id": 10403678,
                "player_id": 314205,
                "player_name": "Diego Eli",
                "related_player_id": null,
                "related_player_name": null,
                "minute": 43,
                "extra_minute": null,
                "reason": null,
                "injuried": null,
                "result": null
            },
            {
                "id": 10403678002,
                "team_id": "134030",
                "type": "yellowcard",
                "fixture_id": 10403678,
                "player_id": 314291,
                "player_name": "Cheng Siu Kwang",
                "related_player_id": null,
                "related_player_name": null,
                "minute": 56,
                "extra_minute": null,
                "reason": null,
                "injuried": null,
                "result": null
            },
            {
                "id": 10403678003,
                "team_id": "1411",
                "type": "substitution",
                "fixture_id": 10403678,
                "player_id": 313250,
                "player_name": "Xu Deshuai",
                "related_player_id": 313283,
                "related_player_name": "Lee Hong Lim",
                "minute": 58,
                "extra_minute": null,
                "reason": null,
                "injuried": null,
                "result": null
            },
            {
                "id": 10403678004,
                "team_id": "1411",
                "type": "yellowcard",
                "fixture_id": 10403678,
                "player_id": 58200,
                "player_name": "Manuel Bleda",
                "related_player_id": null,
                "related_player_name": null,
                "minute": 64,
                "extra_minute": null,
                "reason": null,
                "injuried": null,
                "result": null
            },
            {
                "id": 10403678005,
                "team_id": "134030",
                "type": "yellowcard",
                "fixture_id": 10403678,
                "player_id": 306751,
                "player_name": "M. N'dri",
                "related_player_id": null,
                "related_player_name": null,
                "minute": 65,
                "extra_minute": null,
                "reason": null,
                "injuried": null,
                "result": null
            },
            {
                "id": 10403678006,
                "team_id": "1411",
                "type": "yellowcard",
                "fixture_id": 10403678,
                "player_id": 313442,
                "player_name": "Tsang Kam To",
                "related_player_id": null,
                "related_player_name": null,
                "minute": 65,
                "extra_minute": null,
                "reason": null,
                "injuried": null,
                "result": null
            },
            {
                "id": 10403678007,
                "team_id": "1411",
                "type": "substitution",
                "fixture_id": 10403678,
                "player_id": 314333,
                "player_name": "Yiu Ho Ming",
                "related_player_id": 313356,
                "related_player_name": "Lam Ka Wai",
                "minute": 75,
                "extra_minute": null,
                "reason": null,
                "injuried": null,
                "result": null
            },
            {
                "id": 10403678008,
                "team_id": "134030",
                "type": "substitution",
                "fixture_id": 10403678,
                "player_id": 313675,
                "player_name": "Chan Ming Kong",
                "related_player_id": 314028,
                "related_player_name": "Ngan Lok Fung",
                "minute": 76,
                "extra_minute": null,
                "reason": null,
                "injuried": null,
                "result": null
            },
            {
                "id": 10403678009,
                "team_id": "134030",
                "type": "substitution",
                "fixture_id": 10403678,
                "player_id": 314055,
                "player_name": "Fong Pak Lun",
                "related_player_id": 314291,
                "related_player_name": "Cheng Siu Kwang",
                "minute": 80,
                "extra_minute": null,
                "reason": null,
                "injuried": null,
                "result": null
            },
            {
                "id": 10403678010,
                "team_id": "134030",
                "type": "substitution",
                "fixture_id": 10403678,
                "player_id": 314269,
                "player_name": "Wong Chun Hin",
                "related_player_id": 313570,
                "related_player_name": "Chan Hin Kwong",
                "minute": 88,
                "extra_minute": null,
                "reason": null,
                "injuried": null,
                "result": null
            }
        ]
    },
    "odds": {
        "data": [
            {
                "id": 12,
                "name": "Over/Under",
                "suspended": false,
                "bookmaker": {
                    "data": [
                        {
                            "id": 2,
                            "name": "bet365",
                            "odds": {
                                "data": [
                                    {
                                        "label": "Over",
                                        "value": "1.44",
                                        "probability": "69.44%",
                                        "dp3": "1.440",
                                        "american": -228,
                                        "factional": null,
                                        "handicap": null,
                                        "total": "2.5",
                                        "winning": false,
                                        "last_update": {
                                            "date": "2019-04-05 09:25:54.357275",
                                            "timezone_type": 3,
                                            "timezone": "UTC"
                                        }
                                    },
                                    {
                                        "label": "Under",
                                        "value": "2.70",
                                        "probability": "37.04%",
                                        "dp3": "2.700",
                                        "american": 170,
                                        "factional": null,
                                        "handicap": null,
                                        "total": "2.5",
                                        "winning": true,
                                        "last_update": {
                                            "date": "2019-04-05 09:25:54.357283",
                                            "timezone_type": 3,
                                            "timezone": "UTC"
                                        }
                                    }
                                ]
                            }
                        }
                    ]
                }
            },
            {
                "id": 69,
                "name": "Team To Score First",
                "suspended": false,
                "bookmaker": {
                    "data": [
                        {
                            "id": 2,
                            "name": "bet365",
                            "odds": {
                                "data": [
                                    {
                                        "label": "Lee Man FC",
                                        "value": "2.88",
                                        "probability": "34.72%",
                                        "dp3": "2.880",
                                        "american": 188,
                                        "factional": null,
                                        "handicap": null,
                                        "total": null,
                                        "winning": false,
                                        "last_update": {
                                            "date": "2019-04-05 09:25:54.356052",
                                            "timezone_type": 3,
                                            "timezone": "UTC"
                                        }
                                    },
                                    {
                                        "label": "No Goals",
                                        "value": "19.00",
                                        "probability": "5.26%",
                                        "dp3": "19.000",
                                        "american": 1800,
                                        "factional": null,
                                        "handicap": null,
                                        "total": null,
                                        "winning": false,
                                        "last_update": {
                                            "date": "2019-04-05 09:25:54.356069",
                                            "timezone_type": 3,
                                            "timezone": "UTC"
                                        }
                                    },
                                    {
                                        "label": "Eastern Long Lions",
                                        "value": "1.40",
                                        "probability": "71.43%",
                                        "dp3": "1.400",
                                        "american": -251,
                                        "factional": null,
                                        "handicap": null,
                                        "total": null,
                                        "winning": false,
                                        "last_update": {
                                            "date": "2019-04-05 09:25:54.356077",
                                            "timezone_type": 3,
                                            "timezone": "UTC"
                                        }
                                    }
                                ]
                            }
                        }
                    ]
                }
            },
            {
                "id": 137918017,
                "name": "Home Team Highest Scoring Half",
                "suspended": false,
                "bookmaker": {
                    "data": [
                        {
                            "id": 2,
                            "name": "bet365",
                            "odds": {
                                "data": [
                                    {
                                        "label": "Lee Man FC - 1st Half",
                                        "value": "3.60",
                                        "probability": "27.78%",
                                        "dp3": "3.600",
                                        "american": 260,
                                        "factional": null,
                                        "handicap": null,
                                        "total": null,
                                        "winning": null,
                                        "last_update": {
                                            "date": "2019-04-05 09:25:54.356760",
                                            "timezone_type": 3,
                                            "timezone": "UTC"
                                        }
                                    },
                                    {
                                        "label": "Lee Man FC - 2nd Half",
                                        "value": "2.75",
                                        "probability": "36.36%",
                                        "dp3": "2.750",
                                        "american": 175,
                                        "factional": null,
                                        "handicap": null,
                                        "total": null,
                                        "winning": null,
                                        "last_update": {
                                            "date": "2019-04-05 09:25:54.356768",
                                            "timezone_type": 3,
                                            "timezone": "UTC"
                                        }
                                    },
                                    {
                                        "label": "Lee Man FC - Tie",
                                        "value": "2.10",
                                        "probability": "47.62%",
                                        "dp3": "2.100",
                                        "american": 110,
                                        "factional": null,
                                        "handicap": null,
                                        "total": null,
                                        "winning": null,
                                        "last_update": {
                                            "date": "2019-04-05 09:25:54.356796",
                                            "timezone_type": 3,
                                            "timezone": "UTC"
                                        }
                                    }
                                ]
                            }
                        }
                    ]
                }
            },
            {
                "id": 137918019,
                "name": "Away Team Highest Scoring Half",
                "suspended": false,
                "bookmaker": {
                    "data": [
                        {
                            "id": 2,
                            "name": "bet365",
                            "odds": {
                                "data": [
                                    {
                                        "label": "Eastern Long Lions - 1st Half",
                                        "value": "3.00",
                                        "probability": "33.33%",
                                        "dp3": "3.000",
                                        "american": 200,
                                        "factional": null,
                                        "handicap": null,
                                        "total": null,
                                        "winning": null,
                                        "last_update": {
                                            "date": "2019-04-05 09:25:54.356818",
                                            "timezone_type": 3,
                                            "timezone": "UTC"
                                        }
                                    },
                                    {
                                        "label": "Eastern Long Lions - 2nd Half",
                                        "value": "2.10",
                                        "probability": "47.62%",
                                        "dp3": "2.100",
                                        "american": 110,
                                        "factional": null,
                                        "handicap": null,
                                        "total": null,
                                        "winning": null,
                                        "last_update": {
                                            "date": "2019-04-05 09:25:54.356826",
                                            "timezone_type": 3,
                                            "timezone": "UTC"
                                        }
                                    },
                                    {
                                        "label": "Eastern Long Lions - Tie",
                                        "value": "3.20",
                                        "probability": "31.25%",
                                        "dp3": "3.200",
                                        "american": 220,
                                        "factional": null,
                                        "handicap": null,
                                        "total": null,
                                        "winning": null,
                                        "last_update": {
                                            "date": "2019-04-05 09:25:54.356833",
                                            "timezone_type": 3,
                                            "timezone": "UTC"
                                        }
                                    }
                                ]
                            }
                        }
                    ]
                }
            },
            {
                "id": 975930,
                "name": "Odd/Even",
                "suspended": false,
                "bookmaker": {
                    "data": [
                        {
                            "id": 2,
                            "name": "bet365",
                            "odds": {
                                "data": [
                                    {
                                        "label": "Even",
                                        "value": "1.90",
                                        "probability": "52.63%",
                                        "dp3": "1.900",
                                        "american": -112,
                                        "factional": null,
                                        "handicap": null,
                                        "total": null,
                                        "winning": true,
                                        "last_update": {
                                            "date": "2019-04-05 09:25:54.356174",
                                            "timezone_type": 3,
                                            "timezone": "UTC"
                                        }
                                    },
                                    {
                                        "label": "Odd",
                                        "value": "1.95",
                                        "probability": "51.28%",
                                        "dp3": "1.950",
                                        "american": -106,
                                        "factional": null,
                                        "handicap": null,
                                        "total": null,
                                        "winning": false,
                                        "last_update": {
                                            "date": "2019-04-05 09:25:54.356183",
                                            "timezone_type": 3,
                                            "timezone": "UTC"
                                        }
                                    }
                                ]
                            }
                        }
                    ]
                }
            },
            {
                "id": 136706055,
                "name": "Home Odd/Even",
                "suspended": false,
                "bookmaker": {
                    "data": [
                        {
                            "id": 2,
                            "name": "bet365",
                            "odds": {
                                "data": [
                                    {
                                        "label": "Lee Man FC - Even",
                                        "value": "1.67",
                                        "probability": "59.88%",
                                        "dp3": "1.670",
                                        "american": -150,
                                        "factional": null,
                                        "handicap": null,
                                        "total": null,
                                        "winning": false,
                                        "last_update": {
                                            "date": "2019-04-05 09:25:54.356215",
                                            "timezone_type": 3,
                                            "timezone": "UTC"
                                        }
                                    },
                                    {
                                        "label": "Lee Man FC - Odd",
                                        "value": "2.10",
                                        "probability": "47.62%",
                                        "dp3": "2.100",
                                        "american": 110,
                                        "factional": null,
                                        "handicap": null,
                                        "total": null,
                                        "winning": false,
                                        "last_update": {
                                            "date": "2019-04-05 09:25:54.356224",
                                            "timezone_type": 3,
                                            "timezone": "UTC"
                                        }
                                    }
                                ]
                            }
                        }
                    ]
                }
            },
            {
                "id": 136706056,
                "name": "Away Odd/Even",
                "suspended": false,
                "bookmaker": {
                    "data": [
                        {
                            "id": 2,
                            "name": "bet365",
                            "odds": {
                                "data": [
                                    {
                                        "label": "Eastern Long Lions - Even",
                                        "value": "1.83",
                                        "probability": "54.64%",
                                        "dp3": "1.830",
                                        "american": -121,
                                        "factional": null,
                                        "handicap": null,
                                        "total": null,
                                        "winning": false,
                                        "last_update": {
                                            "date": "2019-04-05 09:25:54.356245",
                                            "timezone_type": 3,
                                            "timezone": "UTC"
                                        }
                                    },
                                    {
                                        "label": "Eastern Long Lions - Odd",
                                        "value": "1.83",
                                        "probability": "54.64%",
                                        "dp3": "1.830",
                                        "american": -121,
                                        "factional": null,
                                        "handicap": null,
                                        "total": null,
                                        "winning": false,
                                        "last_update": {
                                            "date": "2019-04-05 09:25:54.356253",
                                            "timezone_type": 3,
                                            "timezone": "UTC"
                                        }
                                    }
                                ]
                            }
                        }
                    ]
                }
            },
            {
                "id": 975932,
                "name": "Odd/Even 1st Half",
                "suspended": false,
                "bookmaker": {
                    "data": [
                        {
                            "id": 2,
                            "name": "bet365",
                            "odds": {
                                "data": [
                                    {
                                        "label": "Odd",
                                        "value": "2.00",
                                        "probability": "50%",
                                        "dp3": "2.000",
                                        "american": 100,
                                        "factional": null,
                                        "handicap": null,
                                        "total": null,
                                        "winning": false,
                                        "last_update": {
                                            "date": "2019-04-05 09:25:54.356722",
                                            "timezone_type": 3,
                                            "timezone": "UTC"
                                        }
                                    },
                                    {
                                        "label": "Even",
                                        "value": "1.80",
                                        "probability": "55.56%",
                                        "dp3": "1.800",
                                        "american": -125,
                                        "factional": null,
                                        "handicap": null,
                                        "total": null,
                                        "winning": true,
                                        "last_update": {
                                            "date": "2019-04-05 09:25:54.356739",
                                            "timezone_type": 3,
                                            "timezone": "UTC"
                                        }
                                    }
                                ]
                            }
                        }
                    ]
                }
            },
            {
                "id": 975926,
                "name": "Double Chance - 1st Half",
                "suspended": false,
                "bookmaker": {
                    "data": [
                        {
                            "id": 2,
                            "name": "bet365",
                            "odds": {
                                "data": [
                                    {
                                        "label": "1X",
                                        "value": "1.73",
                                        "probability": "57.8%",
                                        "dp3": "1.730",
                                        "american": -137,
                                        "factional": null,
                                        "handicap": null,
                                        "total": null,
                                        "winning": null,
                                        "last_update": {
                                            "date": "2019-04-05 09:25:54.356416",
                                            "timezone_type": 3,
                                            "timezone": "UTC"
                                        }
                                    },
                                    {
                                        "label": "X2",
                                        "value": "1.20",
                                        "probability": "83.33%",
                                        "dp3": "1.200",
                                        "american": -501,
                                        "factional": null,
                                        "handicap": null,
                                        "total": null,
                                        "winning": null,
                                        "last_update": {
                                            "date": "2019-04-05 09:25:54.356426",
                                            "timezone_type": 3,
                                            "timezone": "UTC"
                                        }
                                    },
                                    {
                                        "label": "12",
                                        "value": "1.44",
                                        "probability": "69.44%",
                                        "dp3": "1.440",
                                        "american": -228,
                                        "factional": null,
                                        "handicap": null,
                                        "total": null,
                                        "winning": null,
                                        "last_update": {
                                            "date": "2019-04-05 09:25:54.356437",
                                            "timezone_type": 3,
                                            "timezone": "UTC"
                                        }
                                    }
                                ]
                            }
                        }
                    ]
                }
            },
            {
                "id": 975916,
                "name": "Correct Score 1st Half",
                "suspended": false,
                "bookmaker": {
                    "data": [
                        {
                            "id": 2,
                            "name": "bet365",
                            "odds": {
                                "data": [
                                    {
                                        "label": "1-0",
                                        "value": "7.00",
                                        "probability": "14.29%",
                                        "dp3": "7.000",
                                        "american": 600,
                                        "factional": null,
                                        "handicap": null,
                                        "total": null,
                                        "winning": false,
                                        "last_update": {
                                            "date": "2019-04-05 09:25:54.356471",
                                            "timezone_type": 3,
                                            "timezone": "UTC"
                                        }
                                    },
                                    {
                                        "label": "0-0",
                                        "value": "3.75",
                                        "probability": "26.67%",
                                        "dp3": "3.750",
                                        "american": 275,
                                        "factional": null,
                                        "handicap": null,
                                        "total": null,
                                        "winning": false,
                                        "last_update": {
                                            "date": "2019-04-05 09:25:54.356487",
                                            "timezone_type": 3,
                                            "timezone": "UTC"
                                        }
                                    },
                                    {
                                        "label": "4-0",
                                        "value": "41.00",
                                        "probability": "2.44%",
                                        "dp3": "41.000",
                                        "american": 4000,
                                        "factional": null,
                                        "handicap": null,
                                        "total": null,
                                        "winning": false,
                                        "last_update": {
                                            "date": "2019-04-05 09:25:54.356503",
                                            "timezone_type": 3,
                                            "timezone": "UTC"
                                        }
                                    },
                                    {
                                        "label": "2-0",
                                        "value": "21.00",
                                        "probability": "4.76%",
                                        "dp3": "21.000",
                                        "american": 2000,
                                        "factional": null,
                                        "handicap": null,
                                        "total": null,
                                        "winning": false,
                                        "last_update": {
                                            "date": "2019-04-05 09:25:54.356518",
                                            "timezone_type": 3,
                                            "timezone": "UTC"
                                        }
                                    },
                                    {
                                        "label": "1-1",
                                        "value": "8.50",
                                        "probability": "11.76%",
                                        "dp3": "8.500",
                                        "american": 750,
                                        "factional": null,
                                        "handicap": null,
                                        "total": null,
                                        "winning": false,
                                        "last_update": {
                                            "date": "2019-04-05 09:25:54.356555",
                                            "timezone_type": 3,
                                            "timezone": "UTC"
                                        }
                                    },
                                    {
                                        "label": "4-1",
                                        "value": "81.00",
                                        "probability": "1.23%",
                                        "dp3": "81.000",
                                        "american": 8000,
                                        "factional": null,
                                        "handicap": null,
                                        "total": null,
                                        "winning": false,
                                        "last_update": {
                                            "date": "2019-04-05 09:25:54.356570",
                                            "timezone_type": 3,
                                            "timezone": "UTC"
                                        }
                                    },
                                    {
                                        "label": "2-1",
                                        "value": "26.00",
                                        "probability": "3.85%",
                                        "dp3": "26.000",
                                        "american": 2500,
                                        "factional": null,
                                        "handicap": null,
                                        "total": null,
                                        "winning": false,
                                        "last_update": {
                                            "date": "2019-04-05 09:25:54.356578",
                                            "timezone_type": 3,
                                            "timezone": "UTC"
                                        }
                                    },
                                    {
                                        "label": "2-2",
                                        "value": "41.00",
                                        "probability": "2.44%",
                                        "dp3": "41.000",
                                        "american": 4000,
                                        "factional": null,
                                        "handicap": null,
                                        "total": null,
                                        "winning": false,
                                        "last_update": {
                                            "date": "2019-04-05 09:25:54.356585",
                                            "timezone_type": 3,
                                            "timezone": "UTC"
                                        }
                                    },
                                    {
                                        "label": "1-0",
                                        "value": "4.00",
                                        "probability": "25%",
                                        "dp3": "4.000",
                                        "american": 300,
                                        "factional": null,
                                        "handicap": null,
                                        "total": null,
                                        "winning": false,
                                        "last_update": {
                                            "date": "2019-04-05 09:25:54.356592",
                                            "timezone_type": 3,
                                            "timezone": "UTC"
                                        }
                                    },
                                    {
                                        "label": "3-0",
                                        "value": "51.00",
                                        "probability": "1.96%",
                                        "dp3": "51.000",
                                        "american": 5000,
                                        "factional": null,
                                        "handicap": null,
                                        "total": null,
                                        "winning": false,
                                        "last_update": {
                                            "date": "2019-04-05 09:25:54.356619",
                                            "timezone_type": 3,
                                            "timezone": "UTC"
                                        }
                                    },
                                    {
                                        "label": "2-0",
                                        "value": "7.50",
                                        "probability": "13.33%",
                                        "dp3": "7.500",
                                        "american": 650,
                                        "factional": null,
                                        "handicap": null,
                                        "total": null,
                                        "winning": false,
                                        "last_update": {
                                            "date": "2019-04-05 09:25:54.356635",
                                            "timezone_type": 3,
                                            "timezone": "UTC"
                                        }
                                    },
                                    {
                                        "label": "3-1",
                                        "value": "67.00",
                                        "probability": "1.49%",
                                        "dp3": "67.000",
                                        "american": 6600,
                                        "factional": null,
                                        "handicap": null,
                                        "total": null,
                                        "winning": false,
                                        "last_update": {
                                            "date": "2019-04-05 09:25:54.356643",
                                            "timezone_type": 3,
                                            "timezone": "UTC"
                                        }
                                    },
                                    {
                                        "label": "2-1",
                                        "value": "17.00",
                                        "probability": "5.88%",
                                        "dp3": "17.000",
                                        "american": 1600,
                                        "factional": null,
                                        "handicap": null,
                                        "total": null,
                                        "winning": false,
                                        "last_update": {
                                            "date": "2019-04-05 09:25:54.356649",
                                            "timezone_type": 3,
                                            "timezone": "UTC"
                                        }
                                    },
                                    {
                                        "label": "3-0",
                                        "value": "17.00",
                                        "probability": "5.88%",
                                        "dp3": "17.000",
                                        "american": 1600,
                                        "factional": null,
                                        "handicap": null,
                                        "total": null,
                                        "winning": false,
                                        "last_update": {
                                            "date": "2019-04-05 09:25:54.356656",
                                            "timezone_type": 3,
                                            "timezone": "UTC"
                                        }
                                    },
                                    {
                                        "label": "3-1",
                                        "value": "41.00",
                                        "probability": "2.44%",
                                        "dp3": "41.000",
                                        "american": 4000,
                                        "factional": null,
                                        "handicap": null,
                                        "total": null,
                                        "winning": false,
                                        "last_update": {
                                            "date": "2019-04-05 09:25:54.356684",
                                            "timezone_type": 3,
                                            "timezone": "UTC"
                                        }
                                    }
                                ]
                            }
                        }
                    ]
                }
            },
            {
                "id": 137918020,
                "name": "Odd/Event 2nd Half",
                "suspended": false,
                "bookmaker": {
                    "data": [
                        {
                            "id": 2,
                            "name": "bet365",
                            "odds": {
                                "data": [
                                    {
                                        "label": "Odd",
                                        "value": "1.91",
                                        "probability": "52.36%",
                                        "dp3": "1.910",
                                        "american": -110,
                                        "factional": null,
                                        "handicap": null,
                                        "total": null,
                                        "winning": null,
                                        "last_update": {
                                            "date": "2019-04-05 09:25:54.356854",
                                            "timezone_type": 3,
                                            "timezone": "UTC"
                                        }
                                    },
                                    {
                                        "label": "Even",
                                        "value": "1.80",
                                        "probability": "55.56%",
                                        "dp3": "1.800",
                                        "american": -125,
                                        "factional": null,
                                        "handicap": null,
                                        "total": null,
                                        "winning": null,
                                        "last_update": {
                                            "date": "2019-04-05 09:25:54.356862",
                                            "timezone_type": 3,
                                            "timezone": "UTC"
                                        }
                                    }
                                ]
                            }
                        }
                    ]
                }
            },
            {
                "id": 1,
                "name": "3Way Result",
                "suspended": false,
                "bookmaker": {
                    "data": [
                        {
                            "id": 2,
                            "name": "bet365",
                            "odds": {
                                "data": [
                                    {
                                        "label": "1",
                                        "value": "4.50",
                                        "probability": "22.22%",
                                        "dp3": "4.500",
                                        "american": 350,
                                        "factional": null,
                                        "handicap": null,
                                        "total": null,
                                        "winning": false,
                                        "last_update": {
                                            "date": "2019-04-05 09:25:54.356883",
                                            "timezone_type": 3,
                                            "timezone": "UTC"
                                        }
                                    },
                                    {
                                        "label": "X",
                                        "value": "4.33",
                                        "probability": "23.09%",
                                        "dp3": "4.330",
                                        "american": 333,
                                        "factional": null,
                                        "handicap": null,
                                        "total": null,
                                        "winning": true,
                                        "last_update": {
                                            "date": "2019-04-05 09:25:54.356891",
                                            "timezone_type": 3,
                                            "timezone": "UTC"
                                        }
                                    },
                                    {
                                        "label": "2",
                                        "value": "1.55",
                                        "probability": "64.52%",
                                        "dp3": "1.550",
                                        "american": -182,
                                        "factional": null,
                                        "handicap": null,
                                        "total": null,
                                        "winning": false,
                                        "last_update": {
                                            "date": "2019-04-05 09:25:54.356899",
                                            "timezone_type": 3,
                                            "timezone": "UTC"
                                        }
                                    }
                                ]
                            }
                        }
                    ]
                }
            },
            {
                "id": 63,
                "name": "Double Chance",
                "suspended": false,
                "bookmaker": {
                    "data": [
                        {
                            "id": 2,
                            "name": "bet365",
                            "odds": {
                                "data": [
                                    {
                                        "label": "1X",
                                        "value": "2.38",
                                        "probability": "42.02%",
                                        "dp3": "2.380",
                                        "american": 138,
                                        "factional": null,
                                        "handicap": null,
                                        "total": null,
                                        "winning": true,
                                        "last_update": {
                                            "date": "2019-04-05 09:25:54.356916",
                                            "timezone_type": 3,
                                            "timezone": "UTC"
                                        }
                                    },
                                    {
                                        "label": "X2",
                                        "value": "1.17",
                                        "probability": "85.47%",
                                        "dp3": "1.170",
                                        "american": -589,
                                        "factional": null,
                                        "handicap": null,
                                        "total": null,
                                        "winning": true,
                                        "last_update": {
                                            "date": "2019-04-05 09:25:54.356924",
                                            "timezone_type": 3,
                                            "timezone": "UTC"
                                        }
                                    },
                                    {
                                        "label": "12",
                                        "value": "1.20",
                                        "probability": "83.33%",
                                        "dp3": "1.200",
                                        "american": -501,
                                        "factional": null,
                                        "handicap": null,
                                        "total": null,
                                        "winning": false,
                                        "last_update": {
                                            "date": "2019-04-05 09:25:54.356953",
                                            "timezone_type": 3,
                                            "timezone": "UTC"
                                        }
                                    }
                                ]
                            }
                        }
                    ]
                }
            },
            {
                "id": 975909,
                "name": "Correct Score",
                "suspended": false,
                "bookmaker": {
                    "data": [
                        {
                            "id": 2,
                            "name": "bet365",
                            "odds": {
                                "data": [
                                    {
                                        "label": "1-0",
                                        "value": "21.00",
                                        "probability": "4.76%",
                                        "dp3": "21.000",
                                        "american": 2000,
                                        "factional": null,
                                        "handicap": null,
                                        "total": null,
                                        "winning": false,
                                        "last_update": {
                                            "date": "2019-04-05 09:25:54.356975",
                                            "timezone_type": 3,
                                            "timezone": "UTC"
                                        }
                                    },
                                    {
                                        "label": "0-0",
                                        "value": "19.00",
                                        "probability": "5.26%",
                                        "dp3": "19.000",
                                        "american": 1800,
                                        "factional": null,
                                        "handicap": null,
                                        "total": null,
                                        "winning": false,
                                        "last_update": {
                                            "date": "2019-04-05 09:25:54.356983",
                                            "timezone_type": 3,
                                            "timezone": "UTC"
                                        }
                                    },
                                    {
                                        "label": "6-0",
                                        "value": "51.00",
                                        "probability": "1.96%",
                                        "dp3": "51.000",
                                        "american": 5000,
                                        "factional": null,
                                        "handicap": null,
                                        "total": null,
                                        "winning": false,
                                        "last_update": {
                                            "date": "2019-04-05 09:25:54.356989",
                                            "timezone_type": 3,
                                            "timezone": "UTC"
                                        }
                                    },
                                    {
                                        "label": "2-0",
                                        "value": "29.00",
                                        "probability": "3.45%",
                                        "dp3": "29.000",
                                        "american": 2800,
                                        "factional": null,
                                        "handicap": null,
                                        "total": null,
                                        "winning": false,
                                        "last_update": {
                                            "date": "2019-04-05 09:25:54.356996",
                                            "timezone_type": 3,
                                            "timezone": "UTC"
                                        }
                                    },
                                    {
                                        "label": "1-1",
                                        "value": "9.00",
                                        "probability": "11.11%",
                                        "dp3": "9.000",
                                        "american": 800,
                                        "factional": null,
                                        "handicap": null,
                                        "total": null,
                                        "winning": false,
                                        "last_update": {
                                            "date": "2019-04-05 09:25:54.357003",
                                            "timezone_type": 3,
                                            "timezone": "UTC"
                                        }
                                    },
                                    {
                                        "label": "6-1",
                                        "value": "51.00",
                                        "probability": "1.96%",
                                        "dp3": "51.000",
                                        "american": 5000,
                                        "factional": null,
                                        "handicap": null,
                                        "total": null,
                                        "winning": false,
                                        "last_update": {
                                            "date": "2019-04-05 09:25:54.357010",
                                            "timezone_type": 3,
                                            "timezone": "UTC"
                                        }
                                    },
                                    {
                                        "label": "2-1",
                                        "value": "17.00",
                                        "probability": "5.88%",
                                        "dp3": "17.000",
                                        "american": 1600,
                                        "factional": null,
                                        "handicap": null,
                                        "total": null,
                                        "winning": false,
                                        "last_update": {
                                            "date": "2019-04-05 09:25:54.357016",
                                            "timezone_type": 3,
                                            "timezone": "UTC"
                                        }
                                    },
                                    {
                                        "label": "2-2",
                                        "value": "15.00",
                                        "probability": "6.67%",
                                        "dp3": "15.000",
                                        "american": 1400,
                                        "factional": null,
                                        "handicap": null,
                                        "total": null,
                                        "winning": false,
                                        "last_update": {
                                            "date": "2019-04-05 09:25:54.357023",
                                            "timezone_type": 3,
                                            "timezone": "UTC"
                                        }
                                    },
                                    {
                                        "label": "6-2",
                                        "value": "81.00",
                                        "probability": "1.23%",
                                        "dp3": "81.000",
                                        "american": 8000,
                                        "factional": null,
                                        "handicap": null,
                                        "total": null,
                                        "winning": false,
                                        "last_update": {
                                            "date": "2019-04-05 09:25:54.357029",
                                            "timezone_type": 3,
                                            "timezone": "UTC"
                                        }
                                    },
                                    {
                                        "label": "3-0",
                                        "value": "41.00",
                                        "probability": "2.44%",
                                        "dp3": "41.000",
                                        "american": 4000,
                                        "factional": null,
                                        "handicap": null,
                                        "total": null,
                                        "winning": false,
                                        "last_update": {
                                            "date": "2019-04-05 09:25:54.357036",
                                            "timezone_type": 3,
                                            "timezone": "UTC"
                                        }
                                    },
                                    {
                                        "label": "3-3",
                                        "value": "41.00",
                                        "probability": "2.44%",
                                        "dp3": "41.000",
                                        "american": 4000,
                                        "factional": null,
                                        "handicap": null,
                                        "total": null,
                                        "winning": false,
                                        "last_update": {
                                            "date": "2019-04-05 09:25:54.357042",
                                            "timezone_type": 3,
                                            "timezone": "UTC"
                                        }
                                    },
                                    {
                                        "label": "1-0",
                                        "value": "11.00",
                                        "probability": "9.09%",
                                        "dp3": "11.000",
                                        "american": 1000,
                                        "factional": null,
                                        "handicap": null,
                                        "total": null,
                                        "winning": false,
                                        "last_update": {
                                            "date": "2019-04-05 09:25:54.357049",
                                            "timezone_type": 3,
                                            "timezone": "UTC"
                                        }
                                    },
                                    {
                                        "label": "3-1",
                                        "value": "34.00",
                                        "probability": "2.94%",
                                        "dp3": "34.000",
                                        "american": 3300,
                                        "factional": null,
                                        "handicap": null,
                                        "total": null,
                                        "winning": false,
                                        "last_update": {
                                            "date": "2019-04-05 09:25:54.357056",
                                            "timezone_type": 3,
                                            "timezone": "UTC"
                                        }
                                    },
                                    {
                                        "label": "2-0",
                                        "value": "10.00",
                                        "probability": "10%",
                                        "dp3": "10.000",
                                        "american": 900,
                                        "factional": null,
                                        "handicap": null,
                                        "total": null,
                                        "winning": false,
                                        "last_update": {
                                            "date": "2019-04-05 09:25:54.357063",
                                            "timezone_type": 3,
                                            "timezone": "UTC"
                                        }
                                    },
                                    {
                                        "label": "3-2",
                                        "value": "34.00",
                                        "probability": "2.94%",
                                        "dp3": "34.000",
                                        "american": 3300,
                                        "factional": null,
                                        "handicap": null,
                                        "total": null,
                                        "winning": false,
                                        "last_update": {
                                            "date": "2019-04-05 09:25:54.357069",
                                            "timezone_type": 3,
                                            "timezone": "UTC"
                                        }
                                    },
                                    {
                                        "label": "2-1",
                                        "value": "9.50",
                                        "probability": "10.53%",
                                        "dp3": "9.500",
                                        "american": 850,
                                        "factional": null,
                                        "handicap": null,
                                        "total": null,
                                        "winning": false,
                                        "last_update": {
                                            "date": "2019-04-05 09:25:54.357076",
                                            "timezone_type": 3,
                                            "timezone": "UTC"
                                        }
                                    },
                                    {
                                        "label": "4-0",
                                        "value": "81.00",
                                        "probability": "1.23%",
                                        "dp3": "81.000",
                                        "american": 8000,
                                        "factional": null,
                                        "handicap": null,
                                        "total": null,
                                        "winning": false,
                                        "last_update": {
                                            "date": "2019-04-05 09:25:54.357082",
                                            "timezone_type": 3,
                                            "timezone": "UTC"
                                        }
                                    },
                                    {
                                        "label": "3-0",
                                        "value": "13.00",
                                        "probability": "7.69%",
                                        "dp3": "13.000",
                                        "american": 1200,
                                        "factional": null,
                                        "handicap": null,
                                        "total": null,
                                        "winning": false,
                                        "last_update": {
                                            "date": "2019-04-05 09:25:54.357090",
                                            "timezone_type": 3,
                                            "timezone": "UTC"
                                        }
                                    },
                                    {
                                        "label": "4-1",
                                        "value": "51.00",
                                        "probability": "1.96%",
                                        "dp3": "51.000",
                                        "american": 5000,
                                        "factional": null,
                                        "handicap": null,
                                        "total": null,
                                        "winning": false,
                                        "last_update": {
                                            "date": "2019-04-05 09:25:54.357096",
                                            "timezone_type": 3,
                                            "timezone": "UTC"
                                        }
                                    },
                                    {
                                        "label": "3-1",
                                        "value": "12.00",
                                        "probability": "8.33%",
                                        "dp3": "12.000",
                                        "american": 1100,
                                        "factional": null,
                                        "handicap": null,
                                        "total": null,
                                        "winning": false,
                                        "last_update": {
                                            "date": "2019-04-05 09:25:54.357103",
                                            "timezone_type": 3,
                                            "timezone": "UTC"
                                        }
                                    },
                                    {
                                        "label": "4-2",
                                        "value": "51.00",
                                        "probability": "1.96%",
                                        "dp3": "51.000",
                                        "american": 5000,
                                        "factional": null,
                                        "handicap": null,
                                        "total": null,
                                        "winning": false,
                                        "last_update": {
                                            "date": "2019-04-05 09:25:54.357109",
                                            "timezone_type": 3,
                                            "timezone": "UTC"
                                        }
                                    },
                                    {
                                        "label": "3-2",
                                        "value": "21.00",
                                        "probability": "4.76%",
                                        "dp3": "21.000",
                                        "american": 2000,
                                        "factional": null,
                                        "handicap": null,
                                        "total": null,
                                        "winning": false,
                                        "last_update": {
                                            "date": "2019-04-05 09:25:54.357116",
                                            "timezone_type": 3,
                                            "timezone": "UTC"
                                        }
                                    },
                                    {
                                        "label": "4-3",
                                        "value": "81.00",
                                        "probability": "1.23%",
                                        "dp3": "81.000",
                                        "american": 8000,
                                        "factional": null,
                                        "handicap": null,
                                        "total": null,
                                        "winning": false,
                                        "last_update": {
                                            "date": "2019-04-05 09:25:54.357122",
                                            "timezone_type": 3,
                                            "timezone": "UTC"
                                        }
                                    },
                                    {
                                        "label": "4-0",
                                        "value": "21.00",
                                        "probability": "4.76%",
                                        "dp3": "21.000",
                                        "american": 2000,
                                        "factional": null,
                                        "handicap": null,
                                        "total": null,
                                        "winning": false,
                                        "last_update": {
                                            "date": "2019-04-05 09:25:54.357129",
                                            "timezone_type": 3,
                                            "timezone": "UTC"
                                        }
                                    },
                                    {
                                        "label": "4-1",
                                        "value": "21.00",
                                        "probability": "4.76%",
                                        "dp3": "21.000",
                                        "american": 2000,
                                        "factional": null,
                                        "handicap": null,
                                        "total": null,
                                        "winning": false,
                                        "last_update": {
                                            "date": "2019-04-05 09:25:54.357135",
                                            "timezone_type": 3,
                                            "timezone": "UTC"
                                        }
                                    },
                                    {
                                        "label": "4-2",
                                        "value": "34.00",
                                        "probability": "2.94%",
                                        "dp3": "34.000",
                                        "american": 3300,
                                        "factional": null,
                                        "handicap": null,
                                        "total": null,
                                        "winning": false,
                                        "last_update": {
                                            "date": "2019-04-05 09:25:54.357142",
                                            "timezone_type": 3,
                                            "timezone": "UTC"
                                        }
                                    },
                                    {
                                        "label": "5-0",
                                        "value": "34.00",
                                        "probability": "2.94%",
                                        "dp3": "34.000",
                                        "american": 3300,
                                        "factional": null,
                                        "handicap": null,
                                        "total": null,
                                        "winning": false,
                                        "last_update": {
                                            "date": "2019-04-05 09:25:54.357148",
                                            "timezone_type": 3,
                                            "timezone": "UTC"
                                        }
                                    },
                                    {
                                        "label": "5-1",
                                        "value": "34.00",
                                        "probability": "2.94%",
                                        "dp3": "34.000",
                                        "american": 3300,
                                        "factional": null,
                                        "handicap": null,
                                        "total": null,
                                        "winning": false,
                                        "last_update": {
                                            "date": "2019-04-05 09:25:54.357155",
                                            "timezone_type": 3,
                                            "timezone": "UTC"
                                        }
                                    },
                                    {
                                        "label": "5-2",
                                        "value": "51.00",
                                        "probability": "1.96%",
                                        "dp3": "51.000",
                                        "american": 5000,
                                        "factional": null,
                                        "handicap": null,
                                        "total": null,
                                        "winning": false,
                                        "last_update": {
                                            "date": "2019-04-05 09:25:54.357161",
                                            "timezone_type": 3,
                                            "timezone": "UTC"
                                        }
                                    },
                                    {
                                        "label": "4-3",
                                        "value": "51.00",
                                        "probability": "1.96%",
                                        "dp3": "51.000",
                                        "american": 5000,
                                        "factional": null,
                                        "handicap": null,
                                        "total": null,
                                        "winning": false,
                                        "last_update": {
                                            "date": "2019-04-05 09:25:54.357168",
                                            "timezone_type": 3,
                                            "timezone": "UTC"
                                        }
                                    }
                                ]
                            }
                        }
                    ]
                }
            },
            {
                "id": 137918016,
                "name": "HT/FT",
                "suspended": false,
                "bookmaker": {
                    "data": [
                        {
                            "id": 2,
                            "name": "bet365",
                            "odds": {
                                "data": [
                                    {
                                        "label": "Lee Man FC - Lee Man FC",
                                        "value": "7.00",
                                        "probability": "14.29%",
                                        "dp3": "7.000",
                                        "american": 600,
                                        "factional": null,
                                        "handicap": null,
                                        "total": null,
                                        "winning": null,
                                        "last_update": {
                                            "date": "2019-04-05 09:25:54.357188",
                                            "timezone_type": 3,
                                            "timezone": "UTC"
                                        }
                                    },
                                    {
                                        "label": "Lee Man FC - X",
                                        "value": "17.00",
                                        "probability": "5.88%",
                                        "dp3": "17.000",
                                        "american": 1600,
                                        "factional": null,
                                        "handicap": null,
                                        "total": null,
                                        "winning": null,
                                        "last_update": {
                                            "date": "2019-04-05 09:25:54.357195",
                                            "timezone_type": 3,
                                            "timezone": "UTC"
                                        }
                                    },
                                    {
                                        "label": "Lee Man FC - Eastern Long Lions",
                                        "value": "17.00",
                                        "probability": "5.88%",
                                        "dp3": "17.000",
                                        "american": 1600,
                                        "factional": null,
                                        "handicap": null,
                                        "total": null,
                                        "winning": null,
                                        "last_update": {
                                            "date": "2019-04-05 09:25:54.357209",
                                            "timezone_type": 3,
                                            "timezone": "UTC"
                                        }
                                    },
                                    {
                                        "label": "X - Lee Man FC",
                                        "value": "11.00",
                                        "probability": "9.09%",
                                        "dp3": "11.000",
                                        "american": 1000,
                                        "factional": null,
                                        "handicap": null,
                                        "total": null,
                                        "winning": null,
                                        "last_update": {
                                            "date": "2019-04-05 09:25:54.357222",
                                            "timezone_type": 3,
                                            "timezone": "UTC"
                                        }
                                    },
                                    {
                                        "label": "X - X",
                                        "value": "8.00",
                                        "probability": "12.5%",
                                        "dp3": "8.000",
                                        "american": 700,
                                        "factional": null,
                                        "handicap": null,
                                        "total": null,
                                        "winning": null,
                                        "last_update": {
                                            "date": "2019-04-05 09:25:54.357230",
                                            "timezone_type": 3,
                                            "timezone": "UTC"
                                        }
                                    },
                                    {
                                        "label": "X - Eastern Long Lions",
                                        "value": "5.00",
                                        "probability": "20%",
                                        "dp3": "5.000",
                                        "american": 400,
                                        "factional": null,
                                        "handicap": null,
                                        "total": null,
                                        "winning": null,
                                        "last_update": {
                                            "date": "2019-04-05 09:25:54.357236",
                                            "timezone_type": 3,
                                            "timezone": "UTC"
                                        }
                                    },
                                    {
                                        "label": "Eastern Long Lions - Lee Man FC",
                                        "value": "26.00",
                                        "probability": "3.85%",
                                        "dp3": "26.000",
                                        "american": 2500,
                                        "factional": null,
                                        "handicap": null,
                                        "total": null,
                                        "winning": null,
                                        "last_update": {
                                            "date": "2019-04-05 09:25:54.357243",
                                            "timezone_type": 3,
                                            "timezone": "UTC"
                                        }
                                    },
                                    {
                                        "label": "Eastern Long Lions - X",
                                        "value": "15.00",
                                        "probability": "6.67%",
                                        "dp3": "15.000",
                                        "american": 1400,
                                        "factional": null,
                                        "handicap": null,
                                        "total": null,
                                        "winning": null,
                                        "last_update": {
                                            "date": "2019-04-05 09:25:54.357249",
                                            "timezone_type": 3,
                                            "timezone": "UTC"
                                        }
                                    },
                                    {
                                        "label": "Eastern Long Lions - Eastern Long Lions",
                                        "value": "2.40",
                                        "probability": "41.67%",
                                        "dp3": "2.400",
                                        "american": 140,
                                        "factional": null,
                                        "handicap": null,
                                        "total": null,
                                        "winning": null,
                                        "last_update": {
                                            "date": "2019-04-05 09:25:54.357256",
                                            "timezone_type": 3,
                                            "timezone": "UTC"
                                        }
                                    }
                                ]
                            }
                        }
                    ]
                }
            },
            {
                "id": 137918013,
                "name": "Draw No Bet",
                "suspended": false,
                "bookmaker": {
                    "data": [
                        {
                            "id": 2,
                            "name": "bet365",
                            "odds": {
                                "data": [
                                    {
                                        "label": "Lee Man FC",
                                        "value": "3.50",
                                        "probability": "28.57%",
                                        "dp3": "3.500",
                                        "american": 250,
                                        "factional": null,
                                        "handicap": null,
                                        "total": null,
                                        "winning": null,
                                        "last_update": {
                                            "date": "2019-04-05 09:25:54.357312",
                                            "timezone_type": 3,
                                            "timezone": "UTC"
                                        }
                                    },
                                    {
                                        "label": "Eastern Long Lions",
                                        "value": "1.29",
                                        "probability": "77.52%",
                                        "dp3": "1.290",
                                        "american": -345,
                                        "factional": null,
                                        "handicap": null,
                                        "total": null,
                                        "winning": null,
                                        "last_update": {
                                            "date": "2019-04-05 09:25:54.357320",
                                            "timezone_type": 3,
                                            "timezone": "UTC"
                                        }
                                    }
                                ]
                            }
                        }
                    ]
                }
            }
        ]
    }
}