{
    "id": 7275,
    "league_id": 8,
    "season_id": 13,
    "stage_id": 11,
    "round_id": 710,
    "group_id": null,
    "aggregate_id": null,
    "venue_id": 149,
    "referee_id": 121,
    "localteam_id": 25,
    "visitorteam_id": 30,
    "winner_team_id": 25,
    "weather_report": null,
    "commentaries": true,
    "attendance": null,
    "pitch": null,
    "details": null,
    "neutral_venue": false,
    "winning_odds_calculated": true,
    "formations": {
        "localteam_formation": "4-3-3",
        "visitorteam_formation": "4-3-3"
    },
    "scores": {
        "localteam_score": 1,
        "visitorteam_score": 0,
        "localteam_pen_score": null,
        "visitorteam_pen_score": null,
        "ht_score": "1-0",
        "ft_score": "1-0",
        "et_score": null
    },
    "time": {
        "status": "FT",
        "starting_at": {
            "date_time": "2017-04-15 14:00:00",
            "date": "2017-04-15",
            "time": "14:00:00",
            "timestamp": 1492264800,
            "timezone": "UTC"
        },
        "minute": 90,
        "second": null,
        "added_time": null,
        "extra_minute": null,
        "injury_time": null
    },
    "coaches": {
        "localteam_coach_id": 518647,
        "visitorteam_coach_id": 455468
    },
    "standings": {
        "localteam_position": null,
        "visitorteam_position": null
    },
    "assistants": {
        "first_assistant_id": null,
        "second_assistant_id": null,
        "fourth_official_id": null
    },
    "leg": "1/1",
    "colors": null,
    "deleted": false,
    "localTeam": {
        "data": {
            "id": 25,
            "legacy_id": 393,
            "name": "Watford",
            "short_code": "WAT",
            "twitter": "@WatfordFC",
            "country_id": 462,
            "national_team": false,
            "founded": 1881,
            "logo_path": "https://cdn.sportmonks.com/images//soccer/teams/25/25.png",
            "venue_id": 149,
            "current_season_id": 16036
        }
    },
    "visitorTeam": {
        "data": {
            "id": 30,
            "legacy_id": 378,
            "name": "Swansea City",
            "short_code": "SWA",
            "twitter": "@SwansOfficial",
            "country_id": 515,
            "national_team": false,
            "founded": 1912,
            "logo_path": "https://cdn.sportmonks.com/images//soccer/teams/30/30.png",
            "venue_id": 208,
            "current_season_id": 16211
        }
    },
    "league": {
        "data": {
            "id": 8,
            "active": true,
            "type": "domestic",
            "legacy_id": 29,
            "country_id": 462,
            "logo_path": "https://cdn.sportmonks.com/images/soccer/leagues/8.png",
            "name": "Premier League",
            "is_cup": false,
            "current_season_id": 16036,
            "current_round_id": 169657,
            "current_stage_id": 77443862,
            "live_standings": true,
            "coverage": {
                "predictions": 1,
                "topscorer_goals": true,
                "topscorer_assists": true,
                "topscorer_cards": true
            }
        }
    },
    "events": {
        "data": [
            {
                "id": 6919732,
                "team_id": "25",
                "type": "goal",
                "fixture_id": 7275,
                "player_id": 1276,
                "player_name": "E. Capoue",
                "related_player_id": null,
                "related_player_name": null,
                "minute": 42,
                "extra_minute": null,
                "reason": null,
                "injuried": null,
                "result": null
            },
            {
                "id": 6919764,
                "team_id": "30",
                "type": "substitution",
                "fixture_id": 7275,
                "player_id": 4881,
                "player_name": "Borja Bastón",
                "related_player_id": 5346,
                "related_player_name": "L. Narsingh",
                "minute": 58,
                "extra_minute": null,
                "reason": null,
                "injuried": null,
                "result": null
            },
            {
                "id": 6919740,
                "team_id": "25",
                "type": "substitution",
                "fixture_id": 7275,
                "player_id": 4765,
                "player_name": "C. Kabasele",
                "related_player_id": 1761,
                "related_player_name": "N. Amrabat",
                "minute": 64,
                "extra_minute": null,
                "reason": null,
                "injuried": null,
                "result": null
            },
            {
                "id": 6919771,
                "team_id": "30",
                "type": "substitution",
                "fixture_id": 7275,
                "player_id": 1021,
                "player_name": "T. Carroll",
                "related_player_id": 1649,
                "related_player_name": "J. Fulton",
                "minute": 67,
                "extra_minute": null,
                "reason": null,
                "injuried": null,
                "result": null
            },
            {
                "id": 6919747,
                "team_id": "25",
                "type": "substitution",
                "fixture_id": 7275,
                "player_id": 740,
                "player_name": "S. Okaka",
                "related_player_id": 5341,
                "related_player_name": "M. Niang",
                "minute": 78,
                "extra_minute": null,
                "reason": null,
                "injuried": null,
                "result": null
            },
            {
                "id": 6919781,
                "team_id": "30",
                "type": "substitution",
                "fixture_id": 7275,
                "player_id": 1038,
                "player_name": "J. Ayew",
                "related_player_id": 1632,
                "related_player_name": "Llorente",
                "minute": 81,
                "extra_minute": null,
                "reason": null,
                "injuried": null,
                "result": null
            },
            {
                "id": 6919755,
                "team_id": "25",
                "type": "substitution",
                "fixture_id": 7275,
                "player_id": 187,
                "player_name": "V. Behrami",
                "related_player_id": 1272,
                "related_player_name": "T. Cleverley",
                "minute": 89,
                "extra_minute": null,
                "reason": null,
                "injuried": null,
                "result": null
            }
        ]
    },
    "odds": {
        "data": []
    }
}