{
    "id": 6629,
    "league_id": 8,
    "season_id": 13,
    "stage_id": 11,
    "round_id": 653,
    "group_id": null,
    "aggregate_id": null,
    "venue_id": 149,
    "referee_id": 4,
    "localteam_id": 25,
    "visitorteam_id": 65,
    "winner_team_id": 65,
    "weather_report": null,
    "commentaries": true,
    "attendance": null,
    "pitch": null,
    "details": null,
    "neutral_venue": false,
    "winning_odds_calculated": true,
    "formations": {
        "localteam_formation": "4-3-3",
        "visitorteam_formation": "4-2-3-1"
    },
    "scores": {
        "localteam_score": 3,
        "visitorteam_score": 4,
        "localteam_pen_score": null,
        "visitorteam_pen_score": null,
        "ht_score": "1-2",
        "ft_score": "3-4",
        "et_score": null
    },
    "time": {
        "status": "FT",
        "starting_at": {
            "date_time": "2017-03-04 15:00:00",
            "date": "2017-03-04",
            "time": "15:00:00",
            "timestamp": 1488639600,
            "timezone": "UTC"
        },
        "minute": 90,
        "second": null,
        "added_time": null,
        "extra_minute": null,
        "injury_time": null
    },
    "coaches": {
        "localteam_coach_id": 518647,
        "visitorteam_coach_id": 455474
    },
    "standings": {
        "localteam_position": null,
        "visitorteam_position": null
    },
    "assistants": {
        "first_assistant_id": null,
        "second_assistant_id": null,
        "fourth_official_id": null
    },
    "leg": "1/1",
    "colors": null,
    "deleted": false,
    "localTeam": {
        "data": {
            "id": 25,
            "legacy_id": 393,
            "name": "Watford",
            "short_code": "WAT",
            "twitter": "@WatfordFC",
            "country_id": 462,
            "national_team": false,
            "founded": 1881,
            "logo_path": "https://cdn.sportmonks.com/images//soccer/teams/25/25.png",
            "venue_id": 149,
            "current_season_id": 16036
        }
    },
    "visitorTeam": {
        "data": {
            "id": 65,
            "legacy_id": 376,
            "name": "Southampton",
            "short_code": "SOU",
            "twitter": "@SouthamptonFC",
            "country_id": 462,
            "national_team": false,
            "founded": 1885,
            "logo_path": "https://cdn.sportmonks.com/images//soccer/teams/1/65.png",
            "venue_id": 167,
            "current_season_id": 16036
        }
    },
    "league": {
        "data": {
            "id": 8,
            "active": true,
            "type": "domestic",
            "legacy_id": 29,
            "country_id": 462,
            "logo_path": "https://cdn.sportmonks.com/images/soccer/leagues/8.png",
            "name": "Premier League",
            "is_cup": false,
            "current_season_id": 16036,
            "current_round_id": 169657,
            "current_stage_id": 77443862,
            "live_standings": true,
            "coverage": {
                "predictions": 1,
                "topscorer_goals": true,
                "topscorer_assists": true,
                "topscorer_cards": true
            }
        }
    },
    "events": {
        "data": [
            {
                "id": 6913953,
                "team_id": "25",
                "type": "goal",
                "fixture_id": 6629,
                "player_id": 1250,
                "player_name": "T. Deeney",
                "related_player_id": null,
                "related_player_name": null,
                "minute": 4,
                "extra_minute": null,
                "reason": null,
                "injuried": null,
                "result": null
            },
            {
                "id": 6914033,
                "team_id": "65",
                "type": "yellowcard",
                "fixture_id": 6629,
                "player_id": 1362,
                "player_name": "Cédric Soares",
                "related_player_id": null,
                "related_player_name": null,
                "minute": 14,
                "extra_minute": null,
                "reason": null,
                "injuried": null,
                "result": null
            },
            {
                "id": 6913961,
                "team_id": "65",
                "type": "goal",
                "fixture_id": 6629,
                "player_id": 1351,
                "player_name": "D. Tadić",
                "related_player_id": null,
                "related_player_name": null,
                "minute": 28,
                "extra_minute": null,
                "reason": null,
                "injuried": null,
                "result": null
            },
            {
                "id": 6914041,
                "team_id": "65",
                "type": "yellowcard",
                "fixture_id": 6629,
                "player_id": 5361,
                "player_name": "M. Gabbiadini",
                "related_player_id": null,
                "related_player_name": null,
                "minute": 33,
                "extra_minute": null,
                "reason": "Foul",
                "injuried": null,
                "result": null
            },
            {
                "id": 6914015,
                "team_id": "25",
                "type": "yellowcard",
                "fixture_id": 6629,
                "player_id": 740,
                "player_name": "S. Okaka",
                "related_player_id": null,
                "related_player_name": null,
                "minute": 44,
                "extra_minute": null,
                "reason": null,
                "injuried": null,
                "result": null
            },
            {
                "id": 6913968,
                "team_id": "65",
                "type": "goal",
                "fixture_id": 6629,
                "player_id": 979,
                "player_name": "N. Redmond",
                "related_player_id": 1351,
                "related_player_name": "D. Tadić",
                "minute": 45,
                "extra_minute": 2,
                "reason": null,
                "injuried": null,
                "result": null
            },
            {
                "id": 6914049,
                "team_id": "25",
                "type": "substitution",
                "fixture_id": 6629,
                "player_id": 4766,
                "player_name": "I. Success",
                "related_player_id": 1276,
                "related_player_name": "E. Capoue",
                "minute": 70,
                "extra_minute": null,
                "reason": null,
                "injuried": null,
                "result": null
            },
            {
                "id": 6914007,
                "team_id": "25",
                "type": "yellowcard",
                "fixture_id": 6629,
                "player_id": 1279,
                "player_name": "S. Prödl",
                "related_player_id": null,
                "related_player_name": null,
                "minute": 73,
                "extra_minute": null,
                "reason": null,
                "injuried": null,
                "result": null
            },
            {
                "id": 6914063,
                "team_id": "65",
                "type": "substitution",
                "fixture_id": 6629,
                "player_id": 5071,
                "player_name": "S. Boufal",
                "related_player_id": 1155,
                "related_player_name": "J. Ward-Prowse",
                "minute": 78,
                "extra_minute": null,
                "reason": null,
                "injuried": null,
                "result": null
            },
            {
                "id": 6913974,
                "team_id": "25",
                "type": "goal",
                "fixture_id": 6629,
                "player_id": 740,
                "player_name": "S. Okaka",
                "related_player_id": 4766,
                "related_player_name": "I. Success",
                "minute": 79,
                "extra_minute": null,
                "reason": null,
                "injuried": null,
                "result": null
            },
            {
                "id": 6914023,
                "team_id": "25",
                "type": "yellowcard",
                "fixture_id": 6629,
                "player_id": 1250,
                "player_name": "T. Deeney",
                "related_player_id": null,
                "related_player_name": null,
                "minute": 82,
                "extra_minute": null,
                "reason": null,
                "injuried": null,
                "result": null
            },
            {
                "id": 6913982,
                "team_id": "65",
                "type": "goal",
                "fixture_id": 6629,
                "player_id": 5361,
                "player_name": "M. Gabbiadini",
                "related_player_id": null,
                "related_player_name": null,
                "minute": 83,
                "extra_minute": null,
                "reason": null,
                "injuried": null,
                "result": null
            },
            {
                "id": 6914071,
                "team_id": "65",
                "type": "substitution",
                "fixture_id": 6629,
                "player_id": 722,
                "player_name": "S. Long",
                "related_player_id": 5361,
                "related_player_name": "M. Gabbiadini",
                "minute": 85,
                "extra_minute": null,
                "reason": null,
                "injuried": null,
                "result": null
            },
            {
                "id": 6913990,
                "team_id": "65",
                "type": "goal",
                "fixture_id": 6629,
                "player_id": 979,
                "player_name": "N. Redmond",
                "related_player_id": 1351,
                "related_player_name": "D. Tadić",
                "minute": 86,
                "extra_minute": null,
                "reason": null,
                "injuried": null,
                "result": null
            },
            {
                "id": 6914079,
                "team_id": "65",
                "type": "substitution",
                "fixture_id": 6629,
                "player_id": 1764,
                "player_name": "J. Clasie",
                "related_player_id": 1351,
                "related_player_name": "D. Tadić",
                "minute": 87,
                "extra_minute": null,
                "reason": null,
                "injuried": null,
                "result": null
            },
            {
                "id": 6914056,
                "team_id": "25",
                "type": "substitution",
                "fixture_id": 6629,
                "player_id": 2144,
                "player_name": "A. Doucouré",
                "related_player_id": 740,
                "related_player_name": "S. Okaka",
                "minute": 89,
                "extra_minute": null,
                "reason": null,
                "injuried": null,
                "result": null
            },
            {
                "id": 6914000,
                "team_id": "25",
                "type": "goal",
                "fixture_id": 6629,
                "player_id": 2144,
                "player_name": "A. Doucouré",
                "related_player_id": 1758,
                "related_player_name": "M. Britos",
                "minute": 90,
                "extra_minute": 4,
                "reason": null,
                "injuried": null,
                "result": null
            }
        ]
    },
    "odds": {
        "data": []
    }
}