{
    "id": 7019,
    "league_id": 8,
    "season_id": 13,
    "stage_id": 11,
    "round_id": 692,
    "group_id": null,
    "aggregate_id": null,
    "venue_id": 149,
    "referee_id": 122,
    "localteam_id": 25,
    "visitorteam_id": 10,
    "winner_team_id": 25,
    "weather_report": null,
    "commentaries": true,
    "attendance": null,
    "pitch": null,
    "details": null,
    "neutral_venue": false,
    "winning_odds_calculated": true,
    "formations": {
        "localteam_formation": "4-5-1",
        "visitorteam_formation": "4-3-3"
    },
    "scores": {
        "localteam_score": 2,
        "visitorteam_score": 0,
        "localteam_pen_score": null,
        "visitorteam_pen_score": null,
        "ht_score": "1-0",
        "ft_score": "2-0",
        "et_score": null
    },
    "time": {
        "status": "FT",
        "starting_at": {
            "date_time": "2017-04-04 18:45:00",
            "date": "2017-04-04",
            "time": "18:45:00",
            "timestamp": 1491331500,
            "timezone": "UTC"
        },
        "minute": 90,
        "second": null,
        "added_time": null,
        "extra_minute": null,
        "injury_time": null
    },
    "coaches": {
        "localteam_coach_id": 518647,
        "visitorteam_coach_id": 455360
    },
    "standings": {
        "localteam_position": null,
        "visitorteam_position": null
    },
    "assistants": {
        "first_assistant_id": null,
        "second_assistant_id": null,
        "fourth_official_id": null
    },
    "leg": "1/1",
    "colors": null,
    "deleted": false,
    "localTeam": {
        "data": {
            "id": 25,
            "legacy_id": 393,
            "name": "Watford",
            "short_code": "WAT",
            "twitter": "@WatfordFC",
            "country_id": 462,
            "national_team": false,
            "founded": 1881,
            "logo_path": "https://cdn.sportmonks.com/images//soccer/teams/25/25.png",
            "venue_id": 149,
            "current_season_id": 16036
        }
    },
    "visitorTeam": {
        "data": {
            "id": 10,
            "legacy_id": 382,
            "name": "West Bromwich Albion",
            "short_code": "WBA",
            "twitter": "@WBA",
            "country_id": 462,
            "national_team": false,
            "founded": 1878,
            "logo_path": "https://cdn.sportmonks.com/images//soccer/teams/10/10.png",
            "venue_id": 119,
            "current_season_id": 16211
        }
    },
    "league": {
        "data": {
            "id": 8,
            "active": true,
            "type": "domestic",
            "legacy_id": 29,
            "country_id": 462,
            "logo_path": "https://cdn.sportmonks.com/images/soccer/leagues/8.png",
            "name": "Premier League",
            "is_cup": false,
            "current_season_id": 16036,
            "current_round_id": 169657,
            "current_stage_id": 77443862,
            "live_standings": true,
            "coverage": {
                "predictions": 1,
                "topscorer_goals": true,
                "topscorer_assists": true,
                "topscorer_cards": true
            }
        }
    },
    "events": {
        "data": [
            {
                "id": 6917530,
                "team_id": "25",
                "type": "goal",
                "fixture_id": 7019,
                "player_id": 5341,
                "player_name": "M. Niang",
                "related_player_id": 1250,
                "related_player_name": "T. Deeney",
                "minute": 13,
                "extra_minute": null,
                "reason": null,
                "injuried": null,
                "result": null
            },
            {
                "id": 6917542,
                "team_id": "25",
                "type": "yellowcard",
                "fixture_id": 7019,
                "player_id": 1758,
                "player_name": "M. Britos",
                "related_player_id": null,
                "related_player_name": null,
                "minute": 40,
                "extra_minute": null,
                "reason": null,
                "injuried": null,
                "result": null
            },
            {
                "id": 6917572,
                "team_id": "10",
                "type": "yellowcard",
                "fixture_id": 7019,
                "player_id": 1076,
                "player_name": "H. Robson-Kanu",
                "related_player_id": null,
                "related_player_name": null,
                "minute": 43,
                "extra_minute": null,
                "reason": null,
                "injuried": null,
                "result": null
            },
            {
                "id": 6917586,
                "team_id": "10",
                "type": "yellowcard",
                "fixture_id": 7019,
                "player_id": 822,
                "player_name": "J. McClean",
                "related_player_id": null,
                "related_player_name": null,
                "minute": 45,
                "extra_minute": 6,
                "reason": null,
                "injuried": null,
                "result": null
            },
            {
                "id": 6917593,
                "team_id": "25",
                "type": "substitution",
                "fixture_id": 7019,
                "player_id": 1374,
                "player_name": "D. Janmaat",
                "related_player_id": 1279,
                "related_player_name": "S. Prödl",
                "minute": 45,
                "extra_minute": 3,
                "reason": null,
                "injuried": null,
                "result": null
            },
            {
                "id": 6917618,
                "team_id": "10",
                "type": "substitution",
                "fixture_id": 7019,
                "player_id": 795,
                "player_name": "M. Phillips",
                "related_player_id": 822,
                "related_player_name": "J. McClean",
                "minute": 46,
                "extra_minute": null,
                "reason": null,
                "injuried": false,
                "result": null
            },
            {
                "id": 6917537,
                "team_id": "25",
                "type": "goal",
                "fixture_id": 7019,
                "player_id": 1250,
                "player_name": "T. Deeney",
                "related_player_id": 5341,
                "related_player_name": "M. Niang",
                "minute": 49,
                "extra_minute": null,
                "reason": null,
                "injuried": null,
                "result": null
            },
            {
                "id": 6917626,
                "team_id": "10",
                "type": "substitution",
                "fixture_id": 7019,
                "player_id": 129,
                "player_name": "J. Morrison",
                "related_player_id": 1144,
                "related_player_name": "G. McAuley",
                "minute": 56,
                "extra_minute": null,
                "reason": null,
                "injuried": null,
                "result": null
            },
            {
                "id": 6917579,
                "team_id": "10",
                "type": "yellowcard",
                "fixture_id": 7019,
                "player_id": 1083,
                "player_name": "J. Livermore",
                "related_player_id": null,
                "related_player_name": null,
                "minute": 58,
                "extra_minute": null,
                "reason": null,
                "injuried": null,
                "result": null
            },
            {
                "id": 6917634,
                "team_id": "10",
                "type": "substitution",
                "fixture_id": 7019,
                "player_id": 1651,
                "player_name": "S. Rondón",
                "related_player_id": 1083,
                "related_player_name": "J. Livermore",
                "minute": 61,
                "extra_minute": null,
                "reason": null,
                "injuried": false,
                "result": null
            },
            {
                "id": 6917549,
                "team_id": "25",
                "type": "yellowred",
                "fixture_id": 7019,
                "player_id": 1758,
                "player_name": "M. Britos",
                "related_player_id": null,
                "related_player_name": null,
                "minute": 65,
                "extra_minute": null,
                "reason": null,
                "injuried": null,
                "result": null
            },
            {
                "id": 6917557,
                "team_id": "25",
                "type": "yellowcard",
                "fixture_id": 7019,
                "player_id": 5341,
                "player_name": "M. Niang",
                "related_player_id": null,
                "related_player_name": null,
                "minute": 69,
                "extra_minute": null,
                "reason": null,
                "injuried": null,
                "result": null
            },
            {
                "id": 6917601,
                "team_id": "25",
                "type": "substitution",
                "fixture_id": 7019,
                "player_id": 422,
                "player_name": "A. Mariappa",
                "related_player_id": 1761,
                "related_player_name": "N. Amrabat",
                "minute": 69,
                "extra_minute": null,
                "reason": null,
                "injuried": null,
                "result": null
            },
            {
                "id": 6917609,
                "team_id": "25",
                "type": "substitution",
                "fixture_id": 7019,
                "player_id": 4766,
                "player_name": "I. Success",
                "related_player_id": 5341,
                "related_player_name": "M. Niang",
                "minute": 79,
                "extra_minute": null,
                "reason": null,
                "injuried": null,
                "result": null
            },
            {
                "id": 6917564,
                "team_id": "10",
                "type": "yellowcard",
                "fixture_id": 7019,
                "player_id": 1281,
                "player_name": "A. Nyom",
                "related_player_id": null,
                "related_player_name": null,
                "minute": 83,
                "extra_minute": null,
                "reason": null,
                "injuried": null,
                "result": null
            }
        ]
    },
    "odds": {
        "data": []
    }
}