{
    "id": 6956,
    "league_id": 8,
    "season_id": 13,
    "stage_id": 11,
    "round_id": 681,
    "group_id": null,
    "aggregate_id": null,
    "venue_id": 149,
    "referee_id": 137,
    "localteam_id": 25,
    "visitorteam_id": 3,
    "winner_team_id": 25,
    "weather_report": null,
    "commentaries": true,
    "attendance": null,
    "pitch": null,
    "details": null,
    "neutral_venue": false,
    "winning_odds_calculated": true,
    "formations": {
        "localteam_formation": "4-5-1",
        "visitorteam_formation": "4-2-3-1"
    },
    "scores": {
        "localteam_score": 1,
        "visitorteam_score": 0,
        "localteam_pen_score": null,
        "visitorteam_pen_score": null,
        "ht_score": "0-0",
        "ft_score": "1-0",
        "et_score": null
    },
    "time": {
        "status": "FT",
        "starting_at": {
            "date_time": "2017-04-01 14:00:00",
            "date": "2017-04-01",
            "time": "14:00:00",
            "timestamp": 1491055200,
            "timezone": "UTC"
        },
        "minute": 90,
        "second": null,
        "added_time": null,
        "extra_minute": null,
        "injury_time": null
    },
    "coaches": {
        "localteam_coach_id": 518647,
        "visitorteam_coach_id": 455355
    },
    "standings": {
        "localteam_position": null,
        "visitorteam_position": null
    },
    "assistants": {
        "first_assistant_id": null,
        "second_assistant_id": null,
        "fourth_official_id": null
    },
    "leg": "1/1",
    "colors": null,
    "deleted": false,
    "localTeam": {
        "data": {
            "id": 25,
            "legacy_id": 393,
            "name": "Watford",
            "short_code": "WAT",
            "twitter": "@WatfordFC",
            "country_id": 462,
            "national_team": false,
            "founded": 1881,
            "logo_path": "https://cdn.sportmonks.com/images//soccer/teams/25/25.png",
            "venue_id": 149,
            "current_season_id": 16036
        }
    },
    "visitorTeam": {
        "data": {
            "id": 3,
            "legacy_id": 383,
            "name": "Sunderland",
            "short_code": "SUN",
            "twitter": null,
            "country_id": 462,
            "national_team": false,
            "founded": 1879,
            "logo_path": "https://cdn.sportmonks.com/images//soccer/teams/3/3.png",
            "venue_id": 212,
            "current_season_id": 16210
        }
    },
    "league": {
        "data": {
            "id": 8,
            "active": true,
            "type": "domestic",
            "legacy_id": 29,
            "country_id": 462,
            "logo_path": "https://cdn.sportmonks.com/images/soccer/leagues/8.png",
            "name": "Premier League",
            "is_cup": false,
            "current_season_id": 16036,
            "current_round_id": 169657,
            "current_stage_id": 77443862,
            "live_standings": true,
            "coverage": {
                "predictions": 1,
                "topscorer_goals": true,
                "topscorer_assists": true,
                "topscorer_cards": true
            }
        }
    },
    "events": {
        "data": [
            {
                "id": 6917109,
                "team_id": "25",
                "type": "substitution",
                "fixture_id": 6956,
                "player_id": 1374,
                "player_name": "D. Janmaat",
                "related_player_id": 73,
                "related_player_name": "Y. Kaboul",
                "minute": 42,
                "extra_minute": null,
                "reason": null,
                "injuried": null,
                "result": null
            },
            {
                "id": 6917117,
                "team_id": "25",
                "type": "substitution",
                "fixture_id": 6956,
                "player_id": 4766,
                "player_name": "I. Success",
                "related_player_id": 1761,
                "related_player_name": "N. Amrabat",
                "minute": 53,
                "extra_minute": null,
                "reason": null,
                "injuried": null,
                "result": null
            },
            {
                "id": 6917069,
                "team_id": "25",
                "type": "goal",
                "fixture_id": 6956,
                "player_id": 1758,
                "player_name": "M. Britos",
                "related_player_id": 537,
                "related_player_name": "C. Cathcart",
                "minute": 59,
                "extra_minute": null,
                "reason": null,
                "injuried": null,
                "result": null
            },
            {
                "id": 6917136,
                "team_id": "3",
                "type": "substitution",
                "fixture_id": 6956,
                "player_id": 4821,
                "player_name": "D. Ndong",
                "related_player_id": 1431,
                "related_player_name": "D. Gibson",
                "minute": 61,
                "extra_minute": null,
                "reason": null,
                "injuried": null,
                "result": null
            },
            {
                "id": 6917144,
                "team_id": "3",
                "type": "substitution",
                "fixture_id": 6956,
                "player_id": 1806,
                "player_name": "W. Khazri",
                "related_player_id": 821,
                "related_player_name": "A. Januzaj",
                "minute": 70,
                "extra_minute": null,
                "reason": null,
                "injuried": null,
                "result": null
            },
            {
                "id": 6917085,
                "team_id": "3",
                "type": "yellowcard",
                "fixture_id": 6956,
                "player_id": 1143,
                "player_name": "B. Jones",
                "related_player_id": null,
                "related_player_name": null,
                "minute": 72,
                "extra_minute": null,
                "reason": null,
                "injuried": null,
                "result": null
            },
            {
                "id": 6917101,
                "team_id": "3",
                "type": "yellowcard",
                "fixture_id": 6956,
                "player_id": 1806,
                "player_name": "W. Khazri",
                "related_player_id": null,
                "related_player_name": null,
                "minute": 77,
                "extra_minute": null,
                "reason": null,
                "injuried": null,
                "result": null
            },
            {
                "id": 6917093,
                "team_id": "3",
                "type": "yellowcard",
                "fixture_id": 6956,
                "player_id": 1818,
                "player_name": "L. Koné",
                "related_player_id": null,
                "related_player_name": null,
                "minute": 78,
                "extra_minute": null,
                "reason": null,
                "injuried": null,
                "result": null
            },
            {
                "id": 6917128,
                "team_id": "25",
                "type": "substitution",
                "fixture_id": 6956,
                "player_id": 1748,
                "player_name": "C. Zúñiga",
                "related_player_id": 5341,
                "related_player_name": "M. Niang",
                "minute": 87,
                "extra_minute": null,
                "reason": null,
                "injuried": null,
                "result": null
            },
            {
                "id": 6917077,
                "team_id": "25",
                "type": "yellowcard",
                "fixture_id": 6956,
                "player_id": 1276,
                "player_name": "E. Capoue",
                "related_player_id": null,
                "related_player_name": null,
                "minute": 90,
                "extra_minute": 3,
                "reason": null,
                "injuried": null,
                "result": null
            }
        ]
    },
    "odds": {
        "data": []
    }
}