{
    "id": 5809,
    "league_id": 8,
    "season_id": 13,
    "stage_id": 11,
    "round_id": 573,
    "group_id": null,
    "aggregate_id": null,
    "venue_id": 149,
    "referee_id": 46,
    "localteam_id": 25,
    "visitorteam_id": 6,
    "winner_team_id": 6,
    "weather_report": null,
    "commentaries": true,
    "attendance": null,
    "pitch": null,
    "details": null,
    "neutral_venue": false,
    "winning_odds_calculated": true,
    "formations": {
        "localteam_formation": "3-4-2-1",
        "visitorteam_formation": "3-1-4-2"
    },
    "scores": {
        "localteam_score": 1,
        "visitorteam_score": 4,
        "localteam_pen_score": null,
        "visitorteam_pen_score": null,
        "ht_score": "0-3",
        "ft_score": "1-4",
        "et_score": null
    },
    "time": {
        "status": "FT",
        "starting_at": {
            "date_time": "2017-01-01 13:30:00",
            "date": "2017-01-01",
            "time": "13:30:00",
            "timestamp": 1483277400,
            "timezone": "UTC"
        },
        "minute": 90,
        "second": null,
        "added_time": null,
        "extra_minute": null,
        "injury_time": null
    },
    "coaches": {
        "localteam_coach_id": 518647,
        "visitorteam_coach_id": 455358
    },
    "standings": {
        "localteam_position": null,
        "visitorteam_position": null
    },
    "assistants": {
        "first_assistant_id": null,
        "second_assistant_id": null,
        "fourth_official_id": null
    },
    "leg": "1/1",
    "colors": null,
    "deleted": false,
    "localTeam": {
        "data": {
            "id": 25,
            "legacy_id": 393,
            "name": "Watford",
            "short_code": "WAT",
            "twitter": "@WatfordFC",
            "country_id": 462,
            "national_team": false,
            "founded": 1881,
            "logo_path": "https://cdn.sportmonks.com/images//soccer/teams/25/25.png",
            "venue_id": 149,
            "current_season_id": 16036
        }
    },
    "visitorTeam": {
        "data": {
            "id": 6,
            "legacy_id": 148,
            "name": "Tottenham Hotspur",
            "short_code": "TOT",
            "twitter": "@SpursOfficial",
            "country_id": 462,
            "national_team": false,
            "founded": 1882,
            "logo_path": "https://cdn.sportmonks.com/images//soccer/teams/6/6.png",
            "venue_id": 281313,
            "current_season_id": 16036
        }
    },
    "league": {
        "data": {
            "id": 8,
            "active": true,
            "type": "domestic",
            "legacy_id": 29,
            "country_id": 462,
            "logo_path": "https://cdn.sportmonks.com/images/soccer/leagues/8.png",
            "name": "Premier League",
            "is_cup": false,
            "current_season_id": 16036,
            "current_round_id": 169657,
            "current_stage_id": 77443862,
            "live_standings": true,
            "coverage": {
                "predictions": 1,
                "topscorer_goals": true,
                "topscorer_assists": true,
                "topscorer_cards": true
            }
        }
    },
    "events": {
        "data": [
            {
                "id": 6906764,
                "team_id": "6",
                "type": "goal",
                "fixture_id": 5809,
                "player_id": 997,
                "player_name": "H. Kane",
                "related_player_id": 1016,
                "related_player_name": "K. Trippier",
                "minute": 27,
                "extra_minute": null,
                "reason": null,
                "injuried": null,
                "result": null
            },
            {
                "id": 6906772,
                "team_id": "6",
                "type": "goal",
                "fixture_id": 5809,
                "player_id": 997,
                "player_name": "H. Kane",
                "related_player_id": 1016,
                "related_player_name": "K. Trippier",
                "minute": 33,
                "extra_minute": null,
                "reason": null,
                "injuried": null,
                "result": null
            },
            {
                "id": 6906780,
                "team_id": "6",
                "type": "goal",
                "fixture_id": 5809,
                "player_id": 922,
                "player_name": "D. Alli",
                "related_player_id": null,
                "related_player_name": null,
                "minute": 41,
                "extra_minute": null,
                "reason": null,
                "injuried": null,
                "result": null
            },
            {
                "id": 6906809,
                "team_id": "25",
                "type": "yellowcard",
                "fixture_id": 5809,
                "player_id": 1253,
                "player_name": "J. Holebas",
                "related_player_id": null,
                "related_player_name": null,
                "minute": 44,
                "extra_minute": null,
                "reason": null,
                "injuried": null,
                "result": null
            },
            {
                "id": 6906788,
                "team_id": "6",
                "type": "goal",
                "fixture_id": 5809,
                "player_id": 922,
                "player_name": "D. Alli",
                "related_player_id": 997,
                "related_player_name": "H. Kane",
                "minute": 46,
                "extra_minute": null,
                "reason": null,
                "injuried": null,
                "result": null
            },
            {
                "id": 6906849,
                "team_id": "6",
                "type": "substitution",
                "fixture_id": 5809,
                "player_id": 1711,
                "player_name": "H. Winks",
                "related_player_id": 922,
                "related_player_name": "D. Alli",
                "minute": 61,
                "extra_minute": null,
                "reason": null,
                "injuried": null,
                "result": null
            },
            {
                "id": 6906801,
                "team_id": "25",
                "type": "yellowcard",
                "fixture_id": 5809,
                "player_id": 1279,
                "player_name": "S. Prödl",
                "related_player_id": null,
                "related_player_name": null,
                "minute": 63,
                "extra_minute": null,
                "reason": null,
                "injuried": null,
                "result": null
            },
            {
                "id": 6906825,
                "team_id": "25",
                "type": "substitution",
                "fixture_id": 5809,
                "player_id": 5285,
                "player_name": "B. Mason",
                "related_player_id": 1253,
                "related_player_name": "J. Holebas",
                "minute": 68,
                "extra_minute": null,
                "reason": null,
                "injuried": null,
                "result": null
            },
            {
                "id": 6906857,
                "team_id": "6",
                "type": "substitution",
                "fixture_id": 5809,
                "player_id": 989,
                "player_name": "B. Davies",
                "related_player_id": 1271,
                "related_player_name": "D. Rose",
                "minute": 68,
                "extra_minute": null,
                "reason": null,
                "injuried": null,
                "result": null
            },
            {
                "id": 6906833,
                "team_id": "25",
                "type": "substitution",
                "fixture_id": 5809,
                "player_id": 1770,
                "player_name": "J. Sinclair",
                "related_player_id": 1761,
                "related_player_name": "N. Amrabat",
                "minute": 75,
                "extra_minute": null,
                "reason": null,
                "injuried": null,
                "result": null
            },
            {
                "id": 6906864,
                "team_id": "6",
                "type": "substitution",
                "fixture_id": 5809,
                "player_id": 1690,
                "player_name": "V. Janssen",
                "related_player_id": 997,
                "related_player_name": "H. Kane",
                "minute": 77,
                "extra_minute": null,
                "reason": null,
                "injuried": null,
                "result": null
            },
            {
                "id": 6906841,
                "team_id": "25",
                "type": "substitution",
                "fixture_id": 5809,
                "player_id": 4765,
                "player_name": "C. Kabasele",
                "related_player_id": 1276,
                "related_player_name": "E. Capoue",
                "minute": 79,
                "extra_minute": null,
                "reason": null,
                "injuried": null,
                "result": null
            },
            {
                "id": 6906817,
                "team_id": "25",
                "type": "yellowcard",
                "fixture_id": 5809,
                "player_id": 537,
                "player_name": "C. Cathcart",
                "related_player_id": null,
                "related_player_name": null,
                "minute": 83,
                "extra_minute": null,
                "reason": null,
                "injuried": null,
                "result": null
            },
            {
                "id": 6906793,
                "team_id": "25",
                "type": "goal",
                "fixture_id": 5809,
                "player_id": 73,
                "player_name": "Y. Kaboul",
                "related_player_id": null,
                "related_player_name": null,
                "minute": 90,
                "extra_minute": 1,
                "reason": null,
                "injuried": null,
                "result": null
            }
        ]
    },
    "odds": {
        "data": []
    }
}