{
    "id": 6783,
    "league_id": 8,
    "season_id": 13,
    "stage_id": 11,
    "round_id": 672,
    "group_id": null,
    "aggregate_id": null,
    "venue_id": 119,
    "referee_id": 120,
    "localteam_id": 10,
    "visitorteam_id": 19,
    "winner_team_id": 10,
    "weather_report": null,
    "commentaries": true,
    "attendance": 24065,
    "pitch": null,
    "details": null,
    "neutral_venue": false,
    "winning_odds_calculated": true,
    "formations": {
        "localteam_formation": "4-5-1",
        "visitorteam_formation": "4-3-3"
    },
    "scores": {
        "localteam_score": 3,
        "visitorteam_score": 1,
        "localteam_pen_score": null,
        "visitorteam_pen_score": null,
        "ht_score": "1-1",
        "ft_score": "3-1",
        "et_score": null
    },
    "time": {
        "status": "FT",
        "starting_at": {
            "date_time": "2017-03-18 12:30:00",
            "date": "2017-03-18",
            "time": "12:30:00",
            "timestamp": 1489840200,
            "timezone": "UTC"
        },
        "minute": 90,
        "second": null,
        "added_time": null,
        "extra_minute": null,
        "injury_time": null
    },
    "coaches": {
        "localteam_coach_id": 455360,
        "visitorteam_coach_id": 455383
    },
    "standings": {
        "localteam_position": null,
        "visitorteam_position": null
    },
    "assistants": {
        "first_assistant_id": null,
        "second_assistant_id": null,
        "fourth_official_id": null
    },
    "leg": "1/1",
    "colors": null,
    "deleted": false,
    "localTeam": {
        "data": {
            "id": 10,
            "legacy_id": 382,
            "name": "West Bromwich Albion",
            "short_code": "WBA",
            "twitter": "@WBA",
            "country_id": 462,
            "national_team": false,
            "founded": 1878,
            "logo_path": "https://cdn.sportmonks.com/images//soccer/teams/10/10.png",
            "venue_id": 119,
            "current_season_id": 16211
        }
    },
    "visitorTeam": {
        "data": {
            "id": 19,
            "legacy_id": 124,
            "name": "Arsenal",
            "short_code": "ARS",
            "twitter": "@Arsenal",
            "country_id": 462,
            "national_team": false,
            "founded": 1886,
            "logo_path": "https://cdn.sportmonks.com/images//soccer/teams/19/19.png",
            "venue_id": 204,
            "current_season_id": 16036
        }
    },
    "league": {
        "data": {
            "id": 8,
            "active": true,
            "type": "domestic",
            "legacy_id": 29,
            "country_id": 462,
            "logo_path": "https://cdn.sportmonks.com/images/soccer/leagues/8.png",
            "name": "Premier League",
            "is_cup": false,
            "current_season_id": 16036,
            "current_round_id": 169657,
            "current_stage_id": 77443862,
            "live_standings": true,
            "coverage": {
                "predictions": 1,
                "topscorer_goals": true,
                "topscorer_assists": true,
                "topscorer_cards": true
            }
        }
    },
    "events": {
        "data": [
            {
                "id": 6915545,
                "team_id": "10",
                "type": "goal",
                "fixture_id": 6783,
                "player_id": 1183,
                "player_name": "C. Dawson",
                "related_player_id": 991,
                "related_player_name": "N. Chadli",
                "minute": 12,
                "extra_minute": null,
                "reason": null,
                "injuried": null,
                "result": null
            },
            {
                "id": 6915554,
                "team_id": "19",
                "type": "goal",
                "fixture_id": 6783,
                "player_id": 1300,
                "player_name": "A. Sánchez",
                "related_player_id": 1887,
                "related_player_name": "G. Xhaka",
                "minute": 15,
                "extra_minute": null,
                "reason": null,
                "injuried": null,
                "result": null
            },
            {
                "id": 6915614,
                "team_id": "19",
                "type": "substitution",
                "fixture_id": 6783,
                "player_id": 1443,
                "player_name": "D. Ospina",
                "related_player_id": 84,
                "related_player_name": "P. Čech",
                "minute": 38,
                "extra_minute": null,
                "reason": null,
                "injuried": true,
                "result": null
            },
            {
                "id": 6915580,
                "team_id": "10",
                "type": "yellowcard",
                "fixture_id": 6783,
                "player_id": 822,
                "player_name": "J. McClean",
                "related_player_id": null,
                "related_player_name": null,
                "minute": 42,
                "extra_minute": null,
                "reason": null,
                "injuried": null,
                "result": null
            },
            {
                "id": 6915590,
                "team_id": "10",
                "type": "substitution",
                "fixture_id": 6783,
                "player_id": 1076,
                "player_name": "H. Robson-Kanu",
                "related_player_id": 1651,
                "related_player_name": "S. Rondón",
                "minute": 54,
                "extra_minute": null,
                "reason": null,
                "injuried": null,
                "result": null
            },
            {
                "id": 6915563,
                "team_id": "10",
                "type": "goal",
                "fixture_id": 6783,
                "player_id": 1076,
                "player_name": "H. Robson-Kanu",
                "related_player_id": null,
                "related_player_name": null,
                "minute": 55,
                "extra_minute": null,
                "reason": null,
                "injuried": null,
                "result": null
            },
            {
                "id": 6915622,
                "team_id": "19",
                "type": "substitution",
                "fixture_id": 6783,
                "player_id": 798,
                "player_name": "O. Giroud",
                "related_player_id": 53,
                "related_player_name": "T. Walcott",
                "minute": 65,
                "extra_minute": null,
                "reason": null,
                "injuried": null,
                "result": null
            },
            {
                "id": 6915598,
                "team_id": "10",
                "type": "substitution",
                "fixture_id": 6783,
                "player_id": 1162,
                "player_name": "C. Yacob",
                "related_player_id": 69,
                "related_player_name": "C. Brunt",
                "minute": 72,
                "extra_minute": null,
                "reason": null,
                "injuried": null,
                "result": null
            },
            {
                "id": 6915572,
                "team_id": "10",
                "type": "goal",
                "fixture_id": 6783,
                "player_id": 1183,
                "player_name": "C. Dawson",
                "related_player_id": 822,
                "related_player_name": "J. McClean",
                "minute": 75,
                "extra_minute": null,
                "reason": null,
                "injuried": null,
                "result": null
            },
            {
                "id": 6915630,
                "team_id": "19",
                "type": "substitution",
                "fixture_id": 6783,
                "player_id": 1881,
                "player_name": "A. Iwobi",
                "related_player_id": 1300,
                "related_player_name": "A. Sánchez",
                "minute": 78,
                "extra_minute": null,
                "reason": null,
                "injuried": null,
                "result": null
            },
            {
                "id": 6915606,
                "team_id": "10",
                "type": "substitution",
                "fixture_id": 6783,
                "player_id": 1685,
                "player_name": "S. Field",
                "related_player_id": 991,
                "related_player_name": "N. Chadli",
                "minute": 90,
                "extra_minute": null,
                "reason": null,
                "injuried": null,
                "result": null
            }
        ]
    },
    "odds": {
        "data": []
    }
}