{
    "id": 6431,
    "league_id": 8,
    "season_id": 13,
    "stage_id": 11,
    "round_id": 634,
    "group_id": null,
    "aggregate_id": null,
    "venue_id": 214,
    "referee_id": 46,
    "localteam_id": 1,
    "visitorteam_id": 10,
    "winner_team_id": null,
    "weather_report": null,
    "commentaries": true,
    "attendance": 56983,
    "pitch": null,
    "details": null,
    "neutral_venue": false,
    "winning_odds_calculated": true,
    "formations": {
        "localteam_formation": "4-2-3-1",
        "visitorteam_formation": "4-2-3-1"
    },
    "scores": {
        "localteam_score": 2,
        "visitorteam_score": 2,
        "localteam_pen_score": null,
        "visitorteam_pen_score": null,
        "ht_score": "0-1",
        "ft_score": "2-2",
        "et_score": null
    },
    "time": {
        "status": "FT",
        "starting_at": {
            "date_time": "2017-02-11 15:00:00",
            "date": "2017-02-11",
            "time": "15:00:00",
            "timestamp": 1486825200,
            "timezone": "UTC"
        },
        "minute": 90,
        "second": null,
        "added_time": null,
        "extra_minute": null,
        "injury_time": null
    },
    "coaches": {
        "localteam_coach_id": 455343,
        "visitorteam_coach_id": 455360
    },
    "standings": {
        "localteam_position": null,
        "visitorteam_position": null
    },
    "assistants": {
        "first_assistant_id": null,
        "second_assistant_id": null,
        "fourth_official_id": null
    },
    "leg": "1/1",
    "colors": null,
    "deleted": false,
    "localTeam": {
        "data": {
            "id": 1,
            "legacy_id": 377,
            "name": "West Ham United",
            "short_code": "WHU",
            "twitter": "@WestHamUtd",
            "country_id": 462,
            "national_team": false,
            "founded": 1895,
            "logo_path": "https://cdn.sportmonks.com/images//soccer/teams/1/1.png",
            "venue_id": 214,
            "current_season_id": 16036
        }
    },
    "visitorTeam": {
        "data": {
            "id": 10,
            "legacy_id": 382,
            "name": "West Bromwich Albion",
            "short_code": "WBA",
            "twitter": "@WBA",
            "country_id": 462,
            "national_team": false,
            "founded": 1878,
            "logo_path": "https://cdn.sportmonks.com/images//soccer/teams/10/10.png",
            "venue_id": 119,
            "current_season_id": 16211
        }
    },
    "league": {
        "data": {
            "id": 8,
            "active": true,
            "type": "domestic",
            "legacy_id": 29,
            "country_id": 462,
            "logo_path": "https://cdn.sportmonks.com/images/soccer/leagues/8.png",
            "name": "Premier League",
            "is_cup": false,
            "current_season_id": 16036,
            "current_round_id": 169657,
            "current_stage_id": 77443862,
            "live_standings": true,
            "coverage": {
                "predictions": 1,
                "topscorer_goals": true,
                "topscorer_assists": true,
                "topscorer_cards": true
            }
        }
    },
    "events": {
        "data": [
            {
                "id": 6912101,
                "team_id": "10",
                "type": "goal",
                "fixture_id": 6431,
                "player_id": 991,
                "player_name": "N. Chadli",
                "related_player_id": 129,
                "related_player_name": "J. Morrison",
                "minute": 6,
                "extra_minute": null,
                "reason": null,
                "injuried": null,
                "result": null
            },
            {
                "id": 6912172,
                "team_id": "1",
                "type": "substitution",
                "fixture_id": 6431,
                "player_id": 4700,
                "player_name": "J. Calleri",
                "related_player_id": 1261,
                "related_player_name": "A. Cresswell",
                "minute": 46,
                "extra_minute": null,
                "reason": null,
                "injuried": null,
                "result": null
            },
            {
                "id": 6912195,
                "team_id": "10",
                "type": "substitution",
                "fixture_id": 6431,
                "player_id": 612,
                "player_name": "J. Evans",
                "related_player_id": 991,
                "related_player_name": "N. Chadli",
                "minute": 53,
                "extra_minute": null,
                "reason": null,
                "injuried": true,
                "result": null
            },
            {
                "id": 6912148,
                "team_id": "1",
                "type": "yellowcard",
                "fixture_id": 6431,
                "player_id": 1517,
                "player_name": "Pedro Obiang",
                "related_player_id": null,
                "related_player_name": null,
                "minute": 60,
                "extra_minute": null,
                "reason": null,
                "injuried": null,
                "result": null
            },
            {
                "id": 6912108,
                "team_id": "1",
                "type": "goal",
                "fixture_id": 6431,
                "player_id": 4852,
                "player_name": "S. Feghouli",
                "related_player_id": null,
                "related_player_name": null,
                "minute": 63,
                "extra_minute": null,
                "reason": null,
                "injuried": null,
                "result": null
            },
            {
                "id": 6912201,
                "team_id": "10",
                "type": "substitution",
                "fixture_id": 6431,
                "player_id": 1076,
                "player_name": "H. Robson-Kanu",
                "related_player_id": 795,
                "related_player_name": "M. Phillips",
                "minute": 67,
                "extra_minute": null,
                "reason": null,
                "injuried": null,
                "result": null
            },
            {
                "id": 6912164,
                "team_id": "10",
                "type": "yellowcard",
                "fixture_id": 6431,
                "player_id": 1651,
                "player_name": "S. Rondón",
                "related_player_id": null,
                "related_player_name": null,
                "minute": 73,
                "extra_minute": null,
                "reason": null,
                "injuried": null,
                "result": null
            },
            {
                "id": 6912209,
                "team_id": "10",
                "type": "substitution",
                "fixture_id": 6431,
                "player_id": 1162,
                "player_name": "C. Yacob",
                "related_player_id": 129,
                "related_player_name": "J. Morrison",
                "minute": 79,
                "extra_minute": null,
                "reason": null,
                "injuried": null,
                "result": null
            },
            {
                "id": 6912132,
                "team_id": "1",
                "type": "yellowcard",
                "fixture_id": 6431,
                "player_id": 383,
                "player_name": "W. Reid",
                "related_player_id": null,
                "related_player_name": null,
                "minute": 85,
                "extra_minute": null,
                "reason": null,
                "injuried": null,
                "result": null
            },
            {
                "id": 6912116,
                "team_id": "1",
                "type": "goal",
                "fixture_id": 6431,
                "player_id": 1452,
                "player_name": "M. Lanzini",
                "related_player_id": 4852,
                "related_player_name": "S. Feghouli",
                "minute": 86,
                "extra_minute": null,
                "reason": null,
                "injuried": null,
                "result": null
            },
            {
                "id": 6912180,
                "team_id": "1",
                "type": "substitution",
                "fixture_id": 6431,
                "player_id": 4947,
                "player_name": "E. Fernandes",
                "related_player_id": 870,
                "related_player_name": "R. Snodgrass",
                "minute": 87,
                "extra_minute": null,
                "reason": null,
                "injuried": null,
                "result": null
            },
            {
                "id": 6912156,
                "team_id": "10",
                "type": "yellowcard",
                "fixture_id": 6431,
                "player_id": 69,
                "player_name": "C. Brunt",
                "related_player_id": null,
                "related_player_name": null,
                "minute": 88,
                "extra_minute": null,
                "reason": null,
                "injuried": null,
                "result": null
            },
            {
                "id": 6912124,
                "team_id": "10",
                "type": "goal",
                "fixture_id": 6431,
                "player_id": 1144,
                "player_name": "G. McAuley",
                "related_player_id": 612,
                "related_player_name": "J. Evans",
                "minute": 90,
                "extra_minute": 4,
                "reason": null,
                "injuried": null,
                "result": null
            },
            {
                "id": 6912140,
                "team_id": "1",
                "type": "yellowcard",
                "fixture_id": 6431,
                "player_id": 156,
                "player_name": "M. Noble",
                "related_player_id": null,
                "related_player_name": null,
                "minute": 90,
                "extra_minute": 4,
                "reason": null,
                "injuried": null,
                "result": null
            },
            {
                "id": 6912187,
                "team_id": "1",
                "type": "substitution",
                "fixture_id": 6431,
                "player_id": 538,
                "player_name": "J. Collins",
                "related_player_id": 4852,
                "related_player_name": "S. Feghouli",
                "minute": 90,
                "extra_minute": 2,
                "reason": null,
                "injuried": null,
                "result": null
            }
        ]
    },
    "odds": {
        "data": []
    }
}