{
    "id": 5887,
    "league_id": 8,
    "season_id": 13,
    "stage_id": 11,
    "round_id": 582,
    "group_id": null,
    "aggregate_id": null,
    "venue_id": 214,
    "referee_id": 118,
    "localteam_id": 1,
    "visitorteam_id": 14,
    "winner_team_id": 14,
    "weather_report": null,
    "commentaries": true,
    "attendance": 56996,
    "pitch": null,
    "details": null,
    "neutral_venue": false,
    "winning_odds_calculated": true,
    "formations": {
        "localteam_formation": "4-3-3",
        "visitorteam_formation": "4-3-3"
    },
    "scores": {
        "localteam_score": 0,
        "visitorteam_score": 2,
        "localteam_pen_score": null,
        "visitorteam_pen_score": null,
        "ht_score": "0-0",
        "ft_score": "0-2",
        "et_score": null
    },
    "time": {
        "status": "FT",
        "starting_at": {
            "date_time": "2017-01-02 17:15:00",
            "date": "2017-01-02",
            "time": "17:15:00",
            "timestamp": 1483377300,
            "timezone": "UTC"
        },
        "minute": 90,
        "second": null,
        "added_time": null,
        "extra_minute": null,
        "injury_time": null
    },
    "coaches": {
        "localteam_coach_id": 455343,
        "visitorteam_coach_id": 455375
    },
    "standings": {
        "localteam_position": null,
        "visitorteam_position": null
    },
    "assistants": {
        "first_assistant_id": null,
        "second_assistant_id": null,
        "fourth_official_id": null
    },
    "leg": "1/1",
    "colors": null,
    "deleted": false,
    "localTeam": {
        "data": {
            "id": 1,
            "legacy_id": 377,
            "name": "West Ham United",
            "short_code": "WHU",
            "twitter": "@WestHamUtd",
            "country_id": 462,
            "national_team": false,
            "founded": 1895,
            "logo_path": "https://cdn.sportmonks.com/images//soccer/teams/1/1.png",
            "venue_id": 214,
            "current_season_id": 16036
        }
    },
    "visitorTeam": {
        "data": {
            "id": 14,
            "legacy_id": 375,
            "name": "Manchester United",
            "short_code": "MUN",
            "twitter": "@ManUtd",
            "country_id": 462,
            "national_team": false,
            "founded": 1878,
            "logo_path": "https://cdn.sportmonks.com/images//soccer/teams/14/14.png",
            "venue_id": 206,
            "current_season_id": 16036
        }
    },
    "league": {
        "data": {
            "id": 8,
            "active": true,
            "type": "domestic",
            "legacy_id": 29,
            "country_id": 462,
            "logo_path": "https://cdn.sportmonks.com/images/soccer/leagues/8.png",
            "name": "Premier League",
            "is_cup": false,
            "current_season_id": 16036,
            "current_round_id": 169657,
            "current_stage_id": 77443862,
            "live_standings": true,
            "coverage": {
                "predictions": 1,
                "topscorer_goals": true,
                "topscorer_assists": true,
                "topscorer_cards": true
            }
        }
    },
    "events": {
        "data": [
            {
                "id": 6907457,
                "team_id": "1",
                "type": "redcard",
                "fixture_id": 5887,
                "player_id": 4852,
                "player_name": "S. Feghouli",
                "related_player_id": null,
                "related_player_name": null,
                "minute": 15,
                "extra_minute": null,
                "reason": "Foul",
                "injuried": null,
                "result": null
            },
            {
                "id": 6907438,
                "team_id": "1",
                "type": "yellowcard",
                "fixture_id": 5887,
                "player_id": 1413,
                "player_name": "D. Payet",
                "related_player_id": null,
                "related_player_name": null,
                "minute": 29,
                "extra_minute": null,
                "reason": null,
                "injuried": null,
                "result": null
            },
            {
                "id": 6907464,
                "team_id": "14",
                "type": "yellowcard",
                "fixture_id": 5887,
                "player_id": 933,
                "player_name": "M. Darmian",
                "related_player_id": null,
                "related_player_name": null,
                "minute": 42,
                "extra_minute": null,
                "reason": null,
                "injuried": null,
                "result": null
            },
            {
                "id": 6907503,
                "team_id": "14",
                "type": "substitution",
                "fixture_id": 5887,
                "player_id": 846,
                "player_name": "Mata",
                "related_player_id": 933,
                "related_player_name": "M. Darmian",
                "minute": 46,
                "extra_minute": null,
                "reason": null,
                "injuried": null,
                "result": null
            },
            {
                "id": 6907509,
                "team_id": "14",
                "type": "substitution",
                "fixture_id": 5887,
                "player_id": 1878,
                "player_name": "M. Rashford",
                "related_player_id": 820,
                "related_player_name": "J. Lingard",
                "minute": 58,
                "extra_minute": null,
                "reason": null,
                "injuried": null,
                "result": null
            },
            {
                "id": 6907421,
                "team_id": "14",
                "type": "goal",
                "fixture_id": 5887,
                "player_id": 846,
                "player_name": "Mata",
                "related_player_id": 1878,
                "related_player_name": "M. Rashford",
                "minute": 63,
                "extra_minute": null,
                "reason": null,
                "injuried": null,
                "result": null
            },
            {
                "id": 6907518,
                "team_id": "14",
                "type": "substitution",
                "fixture_id": 5887,
                "player_id": 747,
                "player_name": "C. Smalling",
                "related_player_id": 1835,
                "related_player_name": "H. Mkhitaryan",
                "minute": 65,
                "extra_minute": null,
                "reason": null,
                "injuried": null,
                "result": null
            },
            {
                "id": 6907481,
                "team_id": "1",
                "type": "substitution",
                "fixture_id": 5887,
                "player_id": 746,
                "player_name": "A. Carroll",
                "related_player_id": 1413,
                "related_player_name": "D. Payet",
                "minute": 69,
                "extra_minute": null,
                "reason": null,
                "injuried": null,
                "result": null
            },
            {
                "id": 6907472,
                "team_id": "14",
                "type": "yellowcard",
                "fixture_id": 5887,
                "player_id": 208,
                "player_name": "A. Valencia",
                "related_player_id": null,
                "related_player_name": null,
                "minute": 75,
                "extra_minute": null,
                "reason": null,
                "injuried": null,
                "result": null
            },
            {
                "id": 6907429,
                "team_id": "14",
                "type": "goal",
                "fixture_id": 5887,
                "player_id": 1830,
                "player_name": "Z. Ibrahimović",
                "related_player_id": 824,
                "related_player_name": "Ander Herrera",
                "minute": 78,
                "extra_minute": null,
                "reason": null,
                "injuried": null,
                "result": null
            },
            {
                "id": 6907489,
                "team_id": "1",
                "type": "substitution",
                "fixture_id": 5887,
                "player_id": 4947,
                "player_name": "E. Fernandes",
                "related_player_id": 1243,
                "related_player_name": "C. Kouyaté",
                "minute": 82,
                "extra_minute": null,
                "reason": null,
                "injuried": null,
                "result": null
            },
            {
                "id": 6907497,
                "team_id": "1",
                "type": "substitution",
                "fixture_id": 5887,
                "player_id": 1309,
                "player_name": "A. Ayew",
                "related_player_id": 1452,
                "related_player_name": "M. Lanzini",
                "minute": 89,
                "extra_minute": null,
                "reason": null,
                "injuried": null,
                "result": null
            },
            {
                "id": 6907449,
                "team_id": "1",
                "type": "yellowcard",
                "fixture_id": 5887,
                "player_id": 1931,
                "player_name": "H. Nordtveit",
                "related_player_id": null,
                "related_player_name": null,
                "minute": 90,
                "extra_minute": 1,
                "reason": null,
                "injuried": null,
                "result": null
            }
        ]
    },
    "odds": {
        "data": []
    }
}