{
    "id": 6685,
    "league_id": 8,
    "season_id": 13,
    "stage_id": 11,
    "round_id": 653,
    "group_id": null,
    "aggregate_id": null,
    "venue_id": 214,
    "referee_id": 36,
    "localteam_id": 1,
    "visitorteam_id": 18,
    "winner_team_id": 18,
    "weather_report": null,
    "commentaries": true,
    "attendance": null,
    "pitch": null,
    "details": null,
    "neutral_venue": false,
    "winning_odds_calculated": true,
    "formations": {
        "localteam_formation": "4-3-3",
        "visitorteam_formation": "3-4-3"
    },
    "scores": {
        "localteam_score": 1,
        "visitorteam_score": 2,
        "localteam_pen_score": null,
        "visitorteam_pen_score": null,
        "ht_score": "0-1",
        "ft_score": "1-2",
        "et_score": null
    },
    "time": {
        "status": "FT",
        "starting_at": {
            "date_time": "2017-03-06 20:00:00",
            "date": "2017-03-06",
            "time": "20:00:00",
            "timestamp": 1488830400,
            "timezone": "UTC"
        },
        "minute": 90,
        "second": null,
        "added_time": null,
        "extra_minute": null,
        "injury_time": null
    },
    "coaches": {
        "localteam_coach_id": 455343,
        "visitorteam_coach_id": 455384
    },
    "standings": {
        "localteam_position": null,
        "visitorteam_position": null
    },
    "assistants": {
        "first_assistant_id": null,
        "second_assistant_id": null,
        "fourth_official_id": null
    },
    "leg": "1/1",
    "colors": null,
    "deleted": false,
    "localTeam": {
        "data": {
            "id": 1,
            "legacy_id": 377,
            "name": "West Ham United",
            "short_code": "WHU",
            "twitter": "@WestHamUtd",
            "country_id": 462,
            "national_team": false,
            "founded": 1895,
            "logo_path": "https://cdn.sportmonks.com/images//soccer/teams/1/1.png",
            "venue_id": 214,
            "current_season_id": 16036
        }
    },
    "visitorTeam": {
        "data": {
            "id": 18,
            "legacy_id": 133,
            "name": "Chelsea",
            "short_code": "CHE",
            "twitter": "@ChelseaFC",
            "country_id": 462,
            "national_team": false,
            "founded": 1905,
            "logo_path": "https://cdn.sportmonks.com/images//soccer/teams/18/18.png",
            "venue_id": 321614,
            "current_season_id": 16036
        }
    },
    "league": {
        "data": {
            "id": 8,
            "active": true,
            "type": "domestic",
            "legacy_id": 29,
            "country_id": 462,
            "logo_path": "https://cdn.sportmonks.com/images/soccer/leagues/8.png",
            "name": "Premier League",
            "is_cup": false,
            "current_season_id": 16036,
            "current_round_id": 169657,
            "current_stage_id": 77443862,
            "live_standings": true,
            "coverage": {
                "predictions": 1,
                "topscorer_goals": true,
                "topscorer_assists": true,
                "topscorer_cards": true
            }
        }
    },
    "events": {
        "data": [
            {
                "id": 6914440,
                "team_id": "18",
                "type": "goal",
                "fixture_id": 6685,
                "player_id": 1331,
                "player_name": "E. Hazard",
                "related_player_id": 1923,
                "related_player_name": "Pedro",
                "minute": 25,
                "extra_minute": null,
                "reason": null,
                "injuried": null,
                "result": null
            },
            {
                "id": 6914464,
                "team_id": "18",
                "type": "yellowcard",
                "fixture_id": 6685,
                "player_id": 510,
                "player_name": "Fàbregas",
                "related_player_id": null,
                "related_player_name": null,
                "minute": 45,
                "extra_minute": 2,
                "reason": null,
                "injuried": null,
                "result": null
            },
            {
                "id": 6914448,
                "team_id": "18",
                "type": "goal",
                "fixture_id": 6685,
                "player_id": 1339,
                "player_name": "Diego Costa",
                "related_player_id": null,
                "related_player_name": null,
                "minute": 50,
                "extra_minute": null,
                "reason": null,
                "injuried": null,
                "result": null
            },
            {
                "id": 6914471,
                "team_id": "1",
                "type": "substitution",
                "fixture_id": 6685,
                "player_id": 1309,
                "player_name": "A. Ayew",
                "related_player_id": 4852,
                "related_player_name": "S. Feghouli",
                "minute": 64,
                "extra_minute": null,
                "reason": null,
                "injuried": null,
                "result": null
            },
            {
                "id": 6914478,
                "team_id": "1",
                "type": "substitution",
                "fixture_id": 6685,
                "player_id": 1928,
                "player_name": "S. Byram",
                "related_player_id": 383,
                "related_player_name": "W. Reid",
                "minute": 64,
                "extra_minute": null,
                "reason": null,
                "injuried": null,
                "result": null
            },
            {
                "id": 6914495,
                "team_id": "18",
                "type": "substitution",
                "fixture_id": 6685,
                "player_id": 1335,
                "player_name": "N. Matić",
                "related_player_id": 1923,
                "related_player_name": "Pedro",
                "minute": 65,
                "extra_minute": null,
                "reason": null,
                "injuried": null,
                "result": null
            },
            {
                "id": 6914505,
                "team_id": "18",
                "type": "substitution",
                "fixture_id": 6685,
                "player_id": 1317,
                "player_name": "Willian",
                "related_player_id": 1331,
                "related_player_name": "E. Hazard",
                "minute": 75,
                "extra_minute": null,
                "reason": null,
                "injuried": null,
                "result": null
            },
            {
                "id": 6914513,
                "team_id": "18",
                "type": "substitution",
                "fixture_id": 6685,
                "player_id": 1316,
                "player_name": "K. Zouma",
                "related_player_id": 496,
                "related_player_name": "V. Moses",
                "minute": 76,
                "extra_minute": null,
                "reason": null,
                "injuried": null,
                "result": null
            },
            {
                "id": 6914485,
                "team_id": "1",
                "type": "substitution",
                "fixture_id": 6685,
                "player_id": 4947,
                "player_name": "E. Fernandes",
                "related_player_id": 156,
                "related_player_name": "M. Noble",
                "minute": 77,
                "extra_minute": null,
                "reason": null,
                "injuried": null,
                "result": null
            },
            {
                "id": 6914456,
                "team_id": "1",
                "type": "goal",
                "fixture_id": 6685,
                "player_id": 1452,
                "player_name": "M. Lanzini",
                "related_player_id": 1309,
                "related_player_name": "A. Ayew",
                "minute": 90,
                "extra_minute": 2,
                "reason": null,
                "injuried": null,
                "result": null
            }
        ]
    },
    "odds": {
        "data": []
    }
}