{
    "id": 7297,
    "league_id": 8,
    "season_id": 13,
    "stage_id": 11,
    "round_id": 710,
    "group_id": null,
    "aggregate_id": null,
    "venue_id": 119,
    "referee_id": 4,
    "localteam_id": 10,
    "visitorteam_id": 8,
    "winner_team_id": 8,
    "weather_report": null,
    "commentaries": true,
    "attendance": 25669,
    "pitch": null,
    "details": null,
    "neutral_venue": false,
    "winning_odds_calculated": true,
    "formations": {
        "localteam_formation": "4-3-3",
        "visitorteam_formation": "4-3-3"
    },
    "scores": {
        "localteam_score": 0,
        "visitorteam_score": 1,
        "localteam_pen_score": null,
        "visitorteam_pen_score": null,
        "ht_score": "0-1",
        "ft_score": "0-1",
        "et_score": null
    },
    "time": {
        "status": "FT",
        "starting_at": {
            "date_time": "2017-04-16 12:30:00",
            "date": "2017-04-16",
            "time": "12:30:00",
            "timestamp": 1492345800,
            "timezone": "UTC"
        },
        "minute": 90,
        "second": null,
        "added_time": null,
        "extra_minute": null,
        "injury_time": null
    },
    "coaches": {
        "localteam_coach_id": 455360,
        "visitorteam_coach_id": 455353
    },
    "standings": {
        "localteam_position": null,
        "visitorteam_position": null
    },
    "assistants": {
        "first_assistant_id": null,
        "second_assistant_id": null,
        "fourth_official_id": null
    },
    "leg": "1/1",
    "colors": null,
    "deleted": false,
    "localTeam": {
        "data": {
            "id": 10,
            "legacy_id": 382,
            "name": "West Bromwich Albion",
            "short_code": "WBA",
            "twitter": "@WBA",
            "country_id": 462,
            "national_team": false,
            "founded": 1878,
            "logo_path": "https://cdn.sportmonks.com/images//soccer/teams/10/10.png",
            "venue_id": 119,
            "current_season_id": 16211
        }
    },
    "visitorTeam": {
        "data": {
            "id": 8,
            "legacy_id": 119,
            "name": "Liverpool",
            "short_code": "LIV",
            "twitter": "@LFC",
            "country_id": 462,
            "national_team": false,
            "founded": 1892,
            "logo_path": "https://cdn.sportmonks.com/images//soccer/teams/8/8.png",
            "venue_id": 230,
            "current_season_id": 16036
        }
    },
    "league": {
        "data": {
            "id": 8,
            "active": true,
            "type": "domestic",
            "legacy_id": 29,
            "country_id": 462,
            "logo_path": "https://cdn.sportmonks.com/images/soccer/leagues/8.png",
            "name": "Premier League",
            "is_cup": false,
            "current_season_id": 16036,
            "current_round_id": 169657,
            "current_stage_id": 77443862,
            "live_standings": true,
            "coverage": {
                "predictions": 1,
                "topscorer_goals": true,
                "topscorer_assists": true,
                "topscorer_cards": true
            }
        }
    },
    "events": {
        "data": [
            {
                "id": 6919886,
                "team_id": "8",
                "type": "goal",
                "fixture_id": 7297,
                "player_id": 1461,
                "player_name": "Roberto Firmino",
                "related_player_id": 672,
                "related_player_name": "Lucas Leiva",
                "minute": 45,
                "extra_minute": 1,
                "reason": null,
                "injuried": null,
                "result": null
            },
            {
                "id": 6919904,
                "team_id": "10",
                "type": "yellowcard",
                "fixture_id": 7297,
                "player_id": 69,
                "player_name": "C. Brunt",
                "related_player_id": null,
                "related_player_name": null,
                "minute": 45,
                "extra_minute": 1,
                "reason": null,
                "injuried": null,
                "result": null
            },
            {
                "id": 6919912,
                "team_id": "10",
                "type": "yellowcard",
                "fixture_id": 7297,
                "player_id": 1076,
                "player_name": "H. Robson-Kanu",
                "related_player_id": null,
                "related_player_name": null,
                "minute": 49,
                "extra_minute": null,
                "reason": null,
                "injuried": null,
                "result": null
            },
            {
                "id": 6919927,
                "team_id": "10",
                "type": "substitution",
                "fixture_id": 7297,
                "player_id": 129,
                "player_name": "J. Morrison",
                "related_player_id": 991,
                "related_player_name": "N. Chadli",
                "minute": 61,
                "extra_minute": null,
                "reason": null,
                "injuried": null,
                "result": null
            },
            {
                "id": 6919943,
                "team_id": "10",
                "type": "substitution",
                "fixture_id": 7297,
                "player_id": 822,
                "player_name": "J. McClean",
                "related_player_id": 1162,
                "related_player_name": "C. Yacob",
                "minute": 64,
                "extra_minute": null,
                "reason": null,
                "injuried": null,
                "result": null
            },
            {
                "id": 6919935,
                "team_id": "10",
                "type": "substitution",
                "fixture_id": 7297,
                "player_id": 1651,
                "player_name": "S. Rondón",
                "related_player_id": 1076,
                "related_player_name": "H. Robson-Kanu",
                "minute": 64,
                "extra_minute": null,
                "reason": null,
                "injuried": null,
                "result": null
            },
            {
                "id": 6919897,
                "team_id": "10",
                "type": "yellowcard",
                "fixture_id": 7297,
                "player_id": 612,
                "player_name": "J. Evans",
                "related_player_id": null,
                "related_player_name": null,
                "minute": 66,
                "extra_minute": null,
                "reason": null,
                "injuried": null,
                "result": null
            },
            {
                "id": 6919920,
                "team_id": "8",
                "type": "yellowcard",
                "fixture_id": 7297,
                "player_id": 672,
                "player_name": "Lucas Leiva",
                "related_player_id": null,
                "related_player_name": null,
                "minute": 72,
                "extra_minute": null,
                "reason": null,
                "injuried": null,
                "result": null
            },
            {
                "id": 6919953,
                "team_id": "8",
                "type": "substitution",
                "fixture_id": 7297,
                "player_id": 622,
                "player_name": "D. Sturridge",
                "related_player_id": 1472,
                "related_player_name": "D. Origi",
                "minute": 82,
                "extra_minute": null,
                "reason": null,
                "injuried": null,
                "result": null
            },
            {
                "id": 6919960,
                "team_id": "8",
                "type": "substitution",
                "fixture_id": 7297,
                "player_id": 1471,
                "player_name": "Alberto Moreno",
                "related_player_id": 810,
                "related_player_name": "Philippe Coutinho",
                "minute": 90,
                "extra_minute": 2,
                "reason": null,
                "injuried": null,
                "result": null
            }
        ]
    },
    "odds": {
        "data": []
    }
}