{
    "id": 7164,
    "league_id": 8,
    "season_id": 13,
    "stage_id": 11,
    "round_id": 701,
    "group_id": null,
    "aggregate_id": null,
    "venue_id": 214,
    "referee_id": 116,
    "localteam_id": 1,
    "visitorteam_id": 30,
    "winner_team_id": 1,
    "weather_report": null,
    "commentaries": true,
    "attendance": null,
    "pitch": null,
    "details": null,
    "neutral_venue": false,
    "winning_odds_calculated": true,
    "formations": {
        "localteam_formation": "4-4-1-1",
        "visitorteam_formation": "4-3-3"
    },
    "scores": {
        "localteam_score": 1,
        "visitorteam_score": 0,
        "localteam_pen_score": null,
        "visitorteam_pen_score": null,
        "ht_score": "1-0",
        "ft_score": "1-0",
        "et_score": null
    },
    "time": {
        "status": "FT",
        "starting_at": {
            "date_time": "2017-04-08 14:00:00",
            "date": "2017-04-08",
            "time": "14:00:00",
            "timestamp": 1491660000,
            "timezone": "UTC"
        },
        "minute": 90,
        "second": null,
        "added_time": null,
        "extra_minute": null,
        "injury_time": null
    },
    "coaches": {
        "localteam_coach_id": 455343,
        "visitorteam_coach_id": 455468
    },
    "standings": {
        "localteam_position": null,
        "visitorteam_position": null
    },
    "assistants": {
        "first_assistant_id": null,
        "second_assistant_id": null,
        "fourth_official_id": null
    },
    "leg": "1/1",
    "colors": null,
    "deleted": false,
    "localTeam": {
        "data": {
            "id": 1,
            "legacy_id": 377,
            "name": "West Ham United",
            "short_code": "WHU",
            "twitter": "@WestHamUtd",
            "country_id": 462,
            "national_team": false,
            "founded": 1895,
            "logo_path": "https://cdn.sportmonks.com/images//soccer/teams/1/1.png",
            "venue_id": 214,
            "current_season_id": 16036
        }
    },
    "visitorTeam": {
        "data": {
            "id": 30,
            "legacy_id": 378,
            "name": "Swansea City",
            "short_code": "SWA",
            "twitter": "@SwansOfficial",
            "country_id": 515,
            "national_team": false,
            "founded": 1912,
            "logo_path": "https://cdn.sportmonks.com/images//soccer/teams/30/30.png",
            "venue_id": 208,
            "current_season_id": 16211
        }
    },
    "league": {
        "data": {
            "id": 8,
            "active": true,
            "type": "domestic",
            "legacy_id": 29,
            "country_id": 462,
            "logo_path": "https://cdn.sportmonks.com/images/soccer/leagues/8.png",
            "name": "Premier League",
            "is_cup": false,
            "current_season_id": 16036,
            "current_round_id": 169657,
            "current_stage_id": 77443862,
            "live_standings": true,
            "coverage": {
                "predictions": 1,
                "topscorer_goals": true,
                "topscorer_assists": true,
                "topscorer_cards": true
            }
        }
    },
    "events": {
        "data": [
            {
                "id": 6918758,
                "team_id": "1",
                "type": "yellowcard",
                "fixture_id": 7164,
                "player_id": 156,
                "player_name": "M. Noble",
                "related_player_id": null,
                "related_player_name": null,
                "minute": 38,
                "extra_minute": null,
                "reason": null,
                "injuried": null,
                "result": null
            },
            {
                "id": 6918804,
                "team_id": "1",
                "type": "substitution",
                "fixture_id": 7164,
                "player_id": 4700,
                "player_name": "J. Calleri",
                "related_player_id": 1922,
                "related_player_name": "M. Antonio",
                "minute": 40,
                "extra_minute": null,
                "reason": null,
                "injuried": null,
                "result": null
            },
            {
                "id": 6918742,
                "team_id": "1",
                "type": "goal",
                "fixture_id": 7164,
                "player_id": 1243,
                "player_name": "C. Kouyaté",
                "related_player_id": 870,
                "related_player_name": "R. Snodgrass",
                "minute": 44,
                "extra_minute": null,
                "reason": null,
                "injuried": null,
                "result": null
            },
            {
                "id": 6918766,
                "team_id": "1",
                "type": "yellowcard",
                "fixture_id": 7164,
                "player_id": 1243,
                "player_name": "C. Kouyaté",
                "related_player_id": null,
                "related_player_name": null,
                "minute": 45,
                "extra_minute": null,
                "reason": null,
                "injuried": null,
                "result": null
            },
            {
                "id": 6918830,
                "team_id": "30",
                "type": "substitution",
                "fixture_id": 7164,
                "player_id": 5346,
                "player_name": "L. Narsingh",
                "related_player_id": 680,
                "related_player_name": "W. Routledge",
                "minute": 46,
                "extra_minute": null,
                "reason": null,
                "injuried": null,
                "result": null
            },
            {
                "id": 6918837,
                "team_id": "30",
                "type": "substitution",
                "fixture_id": 7164,
                "player_id": 1632,
                "player_name": "Llorente",
                "related_player_id": 1021,
                "related_player_name": "T. Carroll",
                "minute": 46,
                "extra_minute": null,
                "reason": null,
                "injuried": null,
                "result": null
            },
            {
                "id": 6918774,
                "team_id": "1",
                "type": "yellowcard",
                "fixture_id": 7164,
                "player_id": 1452,
                "player_name": "M. Lanzini",
                "related_player_id": null,
                "related_player_name": null,
                "minute": 57,
                "extra_minute": null,
                "reason": null,
                "injuried": null,
                "result": null
            },
            {
                "id": 6918847,
                "team_id": "30",
                "type": "substitution",
                "fixture_id": 7164,
                "player_id": 826,
                "player_name": "J. Montero",
                "related_player_id": 1156,
                "related_player_name": "J. Cork",
                "minute": 65,
                "extra_minute": null,
                "reason": null,
                "injuried": null,
                "result": null
            },
            {
                "id": 6918814,
                "team_id": "1",
                "type": "substitution",
                "fixture_id": 7164,
                "player_id": 4852,
                "player_name": "S. Feghouli",
                "related_player_id": 870,
                "related_player_name": "R. Snodgrass",
                "minute": 71,
                "extra_minute": null,
                "reason": null,
                "injuried": null,
                "result": null
            },
            {
                "id": 6918794,
                "team_id": "30",
                "type": "yellowcard",
                "fixture_id": 7164,
                "player_id": 1310,
                "player_name": "F. Fernández",
                "related_player_id": null,
                "related_player_name": null,
                "minute": 77,
                "extra_minute": null,
                "reason": null,
                "injuried": null,
                "result": null
            },
            {
                "id": 6918782,
                "team_id": "1",
                "type": "yellowcard",
                "fixture_id": 7164,
                "player_id": 1309,
                "player_name": "A. Ayew",
                "related_player_id": null,
                "related_player_name": null,
                "minute": 81,
                "extra_minute": null,
                "reason": "Foul",
                "injuried": null,
                "result": null
            },
            {
                "id": 6918823,
                "team_id": "1",
                "type": "substitution",
                "fixture_id": 7164,
                "player_id": 4947,
                "player_name": "E. Fernandes",
                "related_player_id": 1309,
                "related_player_name": "A. Ayew",
                "minute": 86,
                "extra_minute": null,
                "reason": null,
                "injuried": null,
                "result": null
            },
            {
                "id": 6918750,
                "team_id": "1",
                "type": "yellowcard",
                "fixture_id": 7164,
                "player_id": 1449,
                "player_name": "D. Randolph",
                "related_player_id": null,
                "related_player_name": null,
                "minute": 90,
                "extra_minute": 4,
                "reason": "Time wasting",
                "injuried": null,
                "result": null
            }
        ]
    },
    "odds": {
        "data": []
    }
}