{
    "id": 7443,
    "league_id": 8,
    "season_id": 13,
    "stage_id": 11,
    "round_id": 726,
    "group_id": null,
    "aggregate_id": null,
    "venue_id": 119,
    "referee_id": 25,
    "localteam_id": 10,
    "visitorteam_id": 42,
    "winner_team_id": 42,
    "weather_report": null,
    "commentaries": true,
    "attendance": 24611,
    "pitch": null,
    "details": null,
    "neutral_venue": false,
    "winning_odds_calculated": true,
    "formations": {
        "localteam_formation": "4-2-3-1",
        "visitorteam_formation": "4-4-2"
    },
    "scores": {
        "localteam_score": 0,
        "visitorteam_score": 1,
        "localteam_pen_score": null,
        "visitorteam_pen_score": null,
        "ht_score": "0-1",
        "ft_score": "0-1",
        "et_score": null
    },
    "time": {
        "status": "FT",
        "starting_at": {
            "date_time": "2017-04-29 14:00:00",
            "date": "2017-04-29",
            "time": "14:00:00",
            "timestamp": 1493474400,
            "timezone": "UTC"
        },
        "minute": 90,
        "second": null,
        "added_time": null,
        "extra_minute": null,
        "injury_time": null
    },
    "coaches": {
        "localteam_coach_id": 455360,
        "visitorteam_coach_id": 455473
    },
    "standings": {
        "localteam_position": null,
        "visitorteam_position": null
    },
    "assistants": {
        "first_assistant_id": null,
        "second_assistant_id": null,
        "fourth_official_id": null
    },
    "leg": "1/1",
    "colors": null,
    "deleted": false,
    "localTeam": {
        "data": {
            "id": 10,
            "legacy_id": 382,
            "name": "West Bromwich Albion",
            "short_code": "WBA",
            "twitter": "@WBA",
            "country_id": 462,
            "national_team": false,
            "founded": 1878,
            "logo_path": "https://cdn.sportmonks.com/images//soccer/teams/10/10.png",
            "venue_id": 119,
            "current_season_id": 16211
        }
    },
    "visitorTeam": {
        "data": {
            "id": 42,
            "legacy_id": 388,
            "name": "Leicester City",
            "short_code": "LEI",
            "twitter": "@LCFC",
            "country_id": 462,
            "national_team": false,
            "founded": 1884,
            "logo_path": "https://cdn.sportmonks.com/images//soccer/teams/10/42.png",
            "venue_id": 117,
            "current_season_id": 16036
        }
    },
    "league": {
        "data": {
            "id": 8,
            "active": true,
            "type": "domestic",
            "legacy_id": 29,
            "country_id": 462,
            "logo_path": "https://cdn.sportmonks.com/images/soccer/leagues/8.png",
            "name": "Premier League",
            "is_cup": false,
            "current_season_id": 16036,
            "current_round_id": 169657,
            "current_stage_id": 77443862,
            "live_standings": true,
            "coverage": {
                "predictions": 1,
                "topscorer_goals": true,
                "topscorer_assists": true,
                "topscorer_cards": true
            }
        }
    },
    "events": {
        "data": [
            {
                "id": 6921407,
                "team_id": "42",
                "type": "yellowcard",
                "fixture_id": 7443,
                "player_id": 921,
                "player_name": "D. Drinkwater",
                "related_player_id": null,
                "related_player_name": null,
                "minute": 16,
                "extra_minute": null,
                "reason": null,
                "injuried": null,
                "result": null
            },
            {
                "id": 6921393,
                "team_id": "10",
                "type": "yellowcard",
                "fixture_id": 7443,
                "player_id": 1162,
                "player_name": "C. Yacob",
                "related_player_id": null,
                "related_player_name": null,
                "minute": 22,
                "extra_minute": null,
                "reason": null,
                "injuried": null,
                "result": null
            },
            {
                "id": 6921379,
                "team_id": "42",
                "type": "goal",
                "fixture_id": 7443,
                "player_id": 1182,
                "player_name": "J. Vardy",
                "related_player_id": 1212,
                "related_player_name": "S. Okazaki",
                "minute": 43,
                "extra_minute": null,
                "reason": null,
                "injuried": null,
                "result": null
            },
            {
                "id": 6921400,
                "team_id": "42",
                "type": "yellowcard",
                "fixture_id": 7443,
                "player_id": 1190,
                "player_name": "Y. Benalouane",
                "related_player_id": null,
                "related_player_name": null,
                "minute": 52,
                "extra_minute": null,
                "reason": null,
                "injuried": null,
                "result": null
            },
            {
                "id": 6921414,
                "team_id": "10",
                "type": "substitution",
                "fixture_id": 7443,
                "player_id": 822,
                "player_name": "J. McClean",
                "related_player_id": 1281,
                "related_player_name": "A. Nyom",
                "minute": 60,
                "extra_minute": null,
                "reason": null,
                "injuried": null,
                "result": null
            },
            {
                "id": 6921386,
                "team_id": "10",
                "type": "yellowcard",
                "fixture_id": 7443,
                "player_id": 129,
                "player_name": "J. Morrison",
                "related_player_id": null,
                "related_player_name": null,
                "minute": 66,
                "extra_minute": null,
                "reason": null,
                "injuried": null,
                "result": null
            },
            {
                "id": 6921436,
                "team_id": "42",
                "type": "substitution",
                "fixture_id": 7443,
                "player_id": 910,
                "player_name": "L. Ulloa",
                "related_player_id": 1212,
                "related_player_name": "S. Okazaki",
                "minute": 67,
                "extra_minute": null,
                "reason": null,
                "injuried": null,
                "result": null
            },
            {
                "id": 6921422,
                "team_id": "10",
                "type": "substitution",
                "fixture_id": 7443,
                "player_id": 604,
                "player_name": "D. Fletcher",
                "related_player_id": 1162,
                "related_player_name": "C. Yacob",
                "minute": 69,
                "extra_minute": null,
                "reason": null,
                "injuried": false,
                "result": null
            },
            {
                "id": 6921430,
                "team_id": "10",
                "type": "substitution",
                "fixture_id": 7443,
                "player_id": 1680,
                "player_name": "J. Leko",
                "related_player_id": 129,
                "related_player_name": "J. Morrison",
                "minute": 79,
                "extra_minute": null,
                "reason": null,
                "injuried": null,
                "result": null
            },
            {
                "id": 6921443,
                "team_id": "42",
                "type": "substitution",
                "fixture_id": 7443,
                "player_id": 956,
                "player_name": "A. King",
                "related_player_id": 971,
                "related_player_name": "R. Mahrez",
                "minute": 81,
                "extra_minute": null,
                "reason": null,
                "injuried": null,
                "result": null
            }
        ]
    },
    "odds": {
        "data": []
    }
}