{
    "id": 7153,
    "league_id": 8,
    "season_id": 13,
    "stage_id": 11,
    "round_id": 701,
    "group_id": null,
    "aggregate_id": null,
    "venue_id": 119,
    "referee_id": 138,
    "localteam_id": 10,
    "visitorteam_id": 65,
    "winner_team_id": 65,
    "weather_report": null,
    "commentaries": true,
    "attendance": null,
    "pitch": null,
    "details": null,
    "neutral_venue": false,
    "winning_odds_calculated": true,
    "formations": {
        "localteam_formation": "4-2-3-1",
        "visitorteam_formation": "4-2-3-1"
    },
    "scores": {
        "localteam_score": 0,
        "visitorteam_score": 1,
        "localteam_pen_score": null,
        "visitorteam_pen_score": null,
        "ht_score": "0-1",
        "ft_score": "0-1",
        "et_score": null
    },
    "time": {
        "status": "FT",
        "starting_at": {
            "date_time": "2017-04-08 14:00:00",
            "date": "2017-04-08",
            "time": "14:00:00",
            "timestamp": 1491660000,
            "timezone": "UTC"
        },
        "minute": 90,
        "second": null,
        "added_time": null,
        "extra_minute": null,
        "injury_time": null
    },
    "coaches": {
        "localteam_coach_id": 455360,
        "visitorteam_coach_id": 455474
    },
    "standings": {
        "localteam_position": null,
        "visitorteam_position": null
    },
    "assistants": {
        "first_assistant_id": null,
        "second_assistant_id": null,
        "fourth_official_id": null
    },
    "leg": "1/1",
    "colors": null,
    "deleted": false,
    "localTeam": {
        "data": {
            "id": 10,
            "legacy_id": 382,
            "name": "West Bromwich Albion",
            "short_code": "WBA",
            "twitter": "@WBA",
            "country_id": 462,
            "national_team": false,
            "founded": 1878,
            "logo_path": "https://cdn.sportmonks.com/images//soccer/teams/10/10.png",
            "venue_id": 119,
            "current_season_id": 16211
        }
    },
    "visitorTeam": {
        "data": {
            "id": 65,
            "legacy_id": 376,
            "name": "Southampton",
            "short_code": "SOU",
            "twitter": "@SouthamptonFC",
            "country_id": 462,
            "national_team": false,
            "founded": 1885,
            "logo_path": "https://cdn.sportmonks.com/images//soccer/teams/1/65.png",
            "venue_id": 167,
            "current_season_id": 16036
        }
    },
    "league": {
        "data": {
            "id": 8,
            "active": true,
            "type": "domestic",
            "legacy_id": 29,
            "country_id": 462,
            "logo_path": "https://cdn.sportmonks.com/images/soccer/leagues/8.png",
            "name": "Premier League",
            "is_cup": false,
            "current_season_id": 16036,
            "current_round_id": 169657,
            "current_stage_id": 77443862,
            "live_standings": true,
            "coverage": {
                "predictions": 1,
                "topscorer_goals": true,
                "topscorer_assists": true,
                "topscorer_cards": true
            }
        }
    },
    "events": {
        "data": [
            {
                "id": 6918661,
                "team_id": "65",
                "type": "goal",
                "fixture_id": 7153,
                "player_id": 1764,
                "player_name": "J. Clasie",
                "related_player_id": 1351,
                "related_player_name": "D. Tadić",
                "minute": 25,
                "extra_minute": null,
                "reason": null,
                "injuried": null,
                "result": null
            },
            {
                "id": 6918669,
                "team_id": "10",
                "type": "yellowcard",
                "fixture_id": 7153,
                "player_id": 612,
                "player_name": "J. Evans",
                "related_player_id": null,
                "related_player_name": null,
                "minute": 36,
                "extra_minute": null,
                "reason": null,
                "injuried": null,
                "result": null
            },
            {
                "id": 6918674,
                "team_id": "10",
                "type": "yellowcard",
                "fixture_id": 7153,
                "player_id": 795,
                "player_name": "M. Phillips",
                "related_player_id": null,
                "related_player_name": null,
                "minute": 49,
                "extra_minute": null,
                "reason": null,
                "injuried": null,
                "result": null
            },
            {
                "id": 6918694,
                "team_id": "10",
                "type": "substitution",
                "fixture_id": 7153,
                "player_id": 69,
                "player_name": "C. Brunt",
                "related_player_id": 1144,
                "related_player_name": "G. McAuley",
                "minute": 53,
                "extra_minute": null,
                "reason": null,
                "injuried": null,
                "result": null
            },
            {
                "id": 6918702,
                "team_id": "10",
                "type": "substitution",
                "fixture_id": 7153,
                "player_id": 822,
                "player_name": "J. McClean",
                "related_player_id": 795,
                "related_player_name": "M. Phillips",
                "minute": 62,
                "extra_minute": null,
                "reason": null,
                "injuried": null,
                "result": null
            },
            {
                "id": 6918710,
                "team_id": "10",
                "type": "substitution",
                "fixture_id": 7153,
                "player_id": 1076,
                "player_name": "H. Robson-Kanu",
                "related_player_id": 604,
                "related_player_name": "D. Fletcher",
                "minute": 66,
                "extra_minute": null,
                "reason": null,
                "injuried": null,
                "result": null
            },
            {
                "id": 6918718,
                "team_id": "65",
                "type": "substitution",
                "fixture_id": 7153,
                "player_id": 4145,
                "player_name": "S. McQueen",
                "related_player_id": 1155,
                "related_player_name": "J. Ward-Prowse",
                "minute": 71,
                "extra_minute": null,
                "reason": null,
                "injuried": null,
                "result": null
            },
            {
                "id": 6918726,
                "team_id": "65",
                "type": "substitution",
                "fixture_id": 7153,
                "player_id": 5206,
                "player_name": "J. Sims",
                "related_player_id": 979,
                "related_player_name": "N. Redmond",
                "minute": 71,
                "extra_minute": null,
                "reason": null,
                "injuried": null,
                "result": null
            },
            {
                "id": 6918688,
                "team_id": "65",
                "type": "yellowcard",
                "fixture_id": 7153,
                "player_id": 1362,
                "player_name": "Cédric Soares",
                "related_player_id": null,
                "related_player_name": null,
                "minute": 76,
                "extra_minute": null,
                "reason": null,
                "injuried": null,
                "result": null
            },
            {
                "id": 6918734,
                "team_id": "65",
                "type": "substitution",
                "fixture_id": 7153,
                "player_id": 1409,
                "player_name": "H. Reed",
                "related_player_id": 1764,
                "related_player_name": "J. Clasie",
                "minute": 85,
                "extra_minute": null,
                "reason": null,
                "injuried": null,
                "result": null
            },
            {
                "id": 6918681,
                "team_id": "65",
                "type": "yellowcard",
                "fixture_id": 7153,
                "player_id": 1241,
                "player_name": "F. Forster",
                "related_player_id": null,
                "related_player_name": null,
                "minute": 90,
                "extra_minute": 3,
                "reason": null,
                "injuried": null,
                "result": null
            }
        ]
    },
    "odds": {
        "data": []
    }
}