{
    "id": 5875,
    "league_id": 8,
    "season_id": 13,
    "stage_id": 11,
    "round_id": 582,
    "group_id": null,
    "aggregate_id": null,
    "venue_id": 119,
    "referee_id": 25,
    "localteam_id": 10,
    "visitorteam_id": 22,
    "winner_team_id": 10,
    "weather_report": null,
    "commentaries": true,
    "attendance": null,
    "pitch": null,
    "details": null,
    "neutral_venue": false,
    "winning_odds_calculated": true,
    "formations": {
        "localteam_formation": "4-2-3-1",
        "visitorteam_formation": "3-4-1-2"
    },
    "scores": {
        "localteam_score": 3,
        "visitorteam_score": 1,
        "localteam_pen_score": null,
        "visitorteam_pen_score": null,
        "ht_score": "0-1",
        "ft_score": "3-1",
        "et_score": null
    },
    "time": {
        "status": "FT",
        "starting_at": {
            "date_time": "2017-01-02 15:00:00",
            "date": "2017-01-02",
            "time": "15:00:00",
            "timestamp": 1483369200,
            "timezone": "UTC"
        },
        "minute": 90,
        "second": null,
        "added_time": null,
        "extra_minute": null,
        "injury_time": null
    },
    "coaches": {
        "localteam_coach_id": 455360,
        "visitorteam_coach_id": 896472
    },
    "standings": {
        "localteam_position": null,
        "visitorteam_position": null
    },
    "assistants": {
        "first_assistant_id": null,
        "second_assistant_id": null,
        "fourth_official_id": null
    },
    "leg": "1/1",
    "colors": null,
    "deleted": false,
    "localTeam": {
        "data": {
            "id": 10,
            "legacy_id": 382,
            "name": "West Bromwich Albion",
            "short_code": "WBA",
            "twitter": "@WBA",
            "country_id": 462,
            "national_team": false,
            "founded": 1878,
            "logo_path": "https://cdn.sportmonks.com/images//soccer/teams/10/10.png",
            "venue_id": 119,
            "current_season_id": 16211
        }
    },
    "visitorTeam": {
        "data": {
            "id": 22,
            "legacy_id": 384,
            "name": "Hull City",
            "short_code": "HUL",
            "twitter": "@HullCity",
            "country_id": 462,
            "national_team": false,
            "founded": 1904,
            "logo_path": "https://cdn.sportmonks.com/images//soccer/teams/22/22.png",
            "venue_id": 199,
            "current_season_id": 16211
        }
    },
    "league": {
        "data": {
            "id": 8,
            "active": true,
            "type": "domestic",
            "legacy_id": 29,
            "country_id": 462,
            "logo_path": "https://cdn.sportmonks.com/images/soccer/leagues/8.png",
            "name": "Premier League",
            "is_cup": false,
            "current_season_id": 16036,
            "current_round_id": 169657,
            "current_stage_id": 77443862,
            "live_standings": true,
            "coverage": {
                "predictions": 1,
                "topscorer_goals": true,
                "topscorer_assists": true,
                "topscorer_cards": true
            }
        }
    },
    "events": {
        "data": [
            {
                "id": 6907345,
                "team_id": "22",
                "type": "goal",
                "fixture_id": 5875,
                "player_id": 870,
                "player_name": "R. Snodgrass",
                "related_player_id": 628,
                "related_player_name": "Ahmed El Mohamady",
                "minute": 21,
                "extra_minute": null,
                "reason": null,
                "injuried": null,
                "result": null
            },
            {
                "id": 6907377,
                "team_id": "10",
                "type": "substitution",
                "fixture_id": 5875,
                "player_id": 1281,
                "player_name": "A. Nyom",
                "related_player_id": 612,
                "related_player_name": "J. Evans",
                "minute": 30,
                "extra_minute": null,
                "reason": null,
                "injuried": null,
                "result": null
            },
            {
                "id": 6907353,
                "team_id": "10",
                "type": "goal",
                "fixture_id": 5875,
                "player_id": 69,
                "player_name": "C. Brunt",
                "related_player_id": 795,
                "related_player_name": "M. Phillips",
                "minute": 49,
                "extra_minute": null,
                "reason": null,
                "injuried": null,
                "result": null
            },
            {
                "id": 6907360,
                "team_id": "10",
                "type": "goal",
                "fixture_id": 5875,
                "player_id": 1144,
                "player_name": "G. McAuley",
                "related_player_id": 795,
                "related_player_name": "M. Phillips",
                "minute": 62,
                "extra_minute": null,
                "reason": null,
                "injuried": null,
                "result": null
            },
            {
                "id": 6907384,
                "team_id": "10",
                "type": "substitution",
                "fixture_id": 5875,
                "player_id": 1076,
                "player_name": "H. Robson-Kanu",
                "related_player_id": 991,
                "related_player_name": "N. Chadli",
                "minute": 62,
                "extra_minute": null,
                "reason": null,
                "injuried": null,
                "result": null
            },
            {
                "id": 6907403,
                "team_id": "22",
                "type": "substitution",
                "fixture_id": 5875,
                "player_id": 938,
                "player_name": "R. Mason",
                "related_player_id": 4296,
                "related_player_name": "D. Mbokani",
                "minute": 65,
                "extra_minute": null,
                "reason": null,
                "injuried": null,
                "result": null
            },
            {
                "id": 6907368,
                "team_id": "10",
                "type": "goal",
                "fixture_id": 5875,
                "player_id": 129,
                "player_name": "J. Morrison",
                "related_player_id": null,
                "related_player_name": null,
                "minute": 73,
                "extra_minute": null,
                "reason": null,
                "injuried": null,
                "result": null
            },
            {
                "id": 6907412,
                "team_id": "22",
                "type": "substitution",
                "fixture_id": 5875,
                "player_id": 4807,
                "player_name": "M. Henriksen",
                "related_player_id": 193,
                "related_player_name": "C. Davies",
                "minute": 84,
                "extra_minute": null,
                "reason": null,
                "injuried": null,
                "result": null
            },
            {
                "id": 6907394,
                "team_id": "10",
                "type": "substitution",
                "fixture_id": 5875,
                "player_id": 822,
                "player_name": "J. McClean",
                "related_player_id": 1651,
                "related_player_name": "S. Rondón",
                "minute": 87,
                "extra_minute": null,
                "reason": null,
                "injuried": null,
                "result": null
            }
        ]
    },
    "odds": {
        "data": []
    }
}