{
    "id": 6639,
    "league_id": 8,
    "season_id": 13,
    "stage_id": 11,
    "round_id": 653,
    "group_id": null,
    "aggregate_id": null,
    "venue_id": 119,
    "referee_id": 123,
    "localteam_id": 10,
    "visitorteam_id": 51,
    "winner_team_id": 51,
    "weather_report": null,
    "commentaries": true,
    "attendance": null,
    "pitch": null,
    "details": null,
    "neutral_venue": false,
    "winning_odds_calculated": true,
    "formations": {
        "localteam_formation": "4-1-4-1",
        "visitorteam_formation": "4-2-3-1"
    },
    "scores": {
        "localteam_score": 0,
        "visitorteam_score": 2,
        "localteam_pen_score": null,
        "visitorteam_pen_score": null,
        "ht_score": "0-0",
        "ft_score": "0-2",
        "et_score": null
    },
    "time": {
        "status": "FT",
        "starting_at": {
            "date_time": "2017-03-04 15:00:00",
            "date": "2017-03-04",
            "time": "15:00:00",
            "timestamp": 1488639600,
            "timezone": "UTC"
        },
        "minute": 90,
        "second": null,
        "added_time": null,
        "extra_minute": null,
        "injury_time": null
    },
    "coaches": {
        "localteam_coach_id": 455360,
        "visitorteam_coach_id": 523910
    },
    "standings": {
        "localteam_position": null,
        "visitorteam_position": null
    },
    "assistants": {
        "first_assistant_id": null,
        "second_assistant_id": null,
        "fourth_official_id": null
    },
    "leg": "1/1",
    "colors": null,
    "deleted": false,
    "localTeam": {
        "data": {
            "id": 10,
            "legacy_id": 382,
            "name": "West Bromwich Albion",
            "short_code": "WBA",
            "twitter": "@WBA",
            "country_id": 462,
            "national_team": false,
            "founded": 1878,
            "logo_path": "https://cdn.sportmonks.com/images//soccer/teams/10/10.png",
            "venue_id": 119,
            "current_season_id": 16211
        }
    },
    "visitorTeam": {
        "data": {
            "id": 51,
            "legacy_id": 381,
            "name": "Crystal Palace",
            "short_code": "CRY",
            "twitter": "@CPFC",
            "country_id": 462,
            "national_team": false,
            "founded": 1905,
            "logo_path": "https://cdn.sportmonks.com/images//soccer/teams/19/51.png",
            "venue_id": 201,
            "current_season_id": 16036
        }
    },
    "league": {
        "data": {
            "id": 8,
            "active": true,
            "type": "domestic",
            "legacy_id": 29,
            "country_id": 462,
            "logo_path": "https://cdn.sportmonks.com/images/soccer/leagues/8.png",
            "name": "Premier League",
            "is_cup": false,
            "current_season_id": 16036,
            "current_round_id": 169657,
            "current_stage_id": 77443862,
            "live_standings": true,
            "coverage": {
                "predictions": 1,
                "topscorer_goals": true,
                "topscorer_assists": true,
                "topscorer_cards": true
            }
        }
    },
    "events": {
        "data": [
            {
                "id": 6914104,
                "team_id": "51",
                "type": "yellowcard",
                "fixture_id": 6639,
                "player_id": 853,
                "player_name": "C. Benteke",
                "related_player_id": null,
                "related_player_name": null,
                "minute": 45,
                "extra_minute": 1,
                "reason": null,
                "injuried": null,
                "result": null
            },
            {
                "id": 6914088,
                "team_id": "51",
                "type": "goal",
                "fixture_id": 6639,
                "player_id": 1108,
                "player_name": "W. Zaha",
                "related_player_id": 1115,
                "related_player_name": "Y. Cabaye",
                "minute": 55,
                "extra_minute": null,
                "reason": null,
                "injuried": null,
                "result": null
            },
            {
                "id": 6914134,
                "team_id": "51",
                "type": "substitution",
                "fixture_id": 6639,
                "player_id": 927,
                "player_name": "J. Schlupp",
                "related_player_id": 712,
                "related_player_name": "P. van Aanholt",
                "minute": 62,
                "extra_minute": null,
                "reason": null,
                "injuried": null,
                "result": null
            },
            {
                "id": 6914112,
                "team_id": "10",
                "type": "substitution",
                "fixture_id": 6639,
                "player_id": 822,
                "player_name": "J. McClean",
                "related_player_id": 991,
                "related_player_name": "N. Chadli",
                "minute": 63,
                "extra_minute": null,
                "reason": null,
                "injuried": null,
                "result": null
            },
            {
                "id": 6914119,
                "team_id": "10",
                "type": "substitution",
                "fixture_id": 6639,
                "player_id": 1076,
                "player_name": "H. Robson-Kanu",
                "related_player_id": 1281,
                "related_player_name": "A. Nyom",
                "minute": 71,
                "extra_minute": null,
                "reason": null,
                "injuried": null,
                "result": null
            },
            {
                "id": 6914142,
                "team_id": "51",
                "type": "substitution",
                "fixture_id": 6639,
                "player_id": 621,
                "player_name": "S. Dann",
                "related_player_id": 1115,
                "related_player_name": "Y. Cabaye",
                "minute": 74,
                "extra_minute": null,
                "reason": null,
                "injuried": null,
                "result": null
            },
            {
                "id": 6914124,
                "team_id": "10",
                "type": "substitution",
                "fixture_id": 6639,
                "player_id": 1680,
                "player_name": "J. Leko",
                "related_player_id": 604,
                "related_player_name": "D. Fletcher",
                "minute": 81,
                "extra_minute": null,
                "reason": null,
                "injuried": null,
                "result": null
            },
            {
                "id": 6914096,
                "team_id": "51",
                "type": "goal",
                "fixture_id": 6639,
                "player_id": 1249,
                "player_name": "A. Townsend",
                "related_player_id": null,
                "related_player_name": null,
                "minute": 84,
                "extra_minute": null,
                "reason": null,
                "injuried": null,
                "result": null
            },
            {
                "id": 6914151,
                "team_id": "51",
                "type": "substitution",
                "fixture_id": 6639,
                "player_id": 498,
                "player_name": "J. McArthur",
                "related_player_id": 1108,
                "related_player_name": "W. Zaha",
                "minute": 86,
                "extra_minute": null,
                "reason": null,
                "injuried": null,
                "result": null
            }
        ]
    },
    "odds": {
        "data": []
    }
}