{
    "id": 640057,
    "league_id": 1001,
    "season_id": 987,
    "stage_id": 1915,
    "round_id": 30837,
    "group_id": null,
    "aggregate_id": null,
    "venue_id": 3894,
    "referee_id": null,
    "localteam_id": 5971,
    "visitorteam_id": 1411,
    "winner_team_id": null,
    "weather_report": null,
    "commentaries": false,
    "attendance": null,
    "pitch": null,
    "details": null,
    "neutral_venue": false,
    "winning_odds_calculated": true,
    "formations": {
        "localteam_formation": null,
        "visitorteam_formation": null
    },
    "scores": {
        "localteam_score": 1,
        "visitorteam_score": 1,
        "localteam_pen_score": null,
        "visitorteam_pen_score": null,
        "ht_score": "0-1",
        "ft_score": "1-1",
        "et_score": null
    },
    "time": {
        "status": "FT",
        "starting_at": {
            "date_time": "2017-01-21 06:30:00",
            "date": "2017-01-21",
            "time": "06:30:00",
            "timestamp": 1484980200,
            "timezone": "UTC"
        },
        "minute": 90,
        "second": null,
        "added_time": null,
        "extra_minute": null,
        "injury_time": null
    },
    "coaches": {
        "localteam_coach_id": null,
        "visitorteam_coach_id": null
    },
    "standings": {
        "localteam_position": null,
        "visitorteam_position": null
    },
    "assistants": {
        "first_assistant_id": null,
        "second_assistant_id": null,
        "fourth_official_id": null
    },
    "leg": null,
    "colors": null,
    "deleted": false,
    "localTeam": {
        "data": {
            "id": 5971,
            "legacy_id": null,
            "name": "Wofoo Tai Po",
            "short_code": null,
            "twitter": null,
            "country_id": 64306,
            "national_team": false,
            "founded": 2002,
            "logo_path": "https://cdn.sportmonks.com/images//soccer/teams/19/5971.png",
            "venue_id": 3894,
            "current_season_id": 13176
        }
    },
    "visitorTeam": {
        "data": {
            "id": 1411,
            "legacy_id": null,
            "name": "Eastern",
            "short_code": null,
            "twitter": null,
            "country_id": 64306,
            "national_team": false,
            "founded": 1932,
            "logo_path": "https://cdn.sportmonks.com/images//soccer/teams/3/1411.png",
            "venue_id": 13871,
            "current_season_id": 13176
        }
    },
    "league": {
        "data": {
            "id": 1001,
            "active": true,
            "type": "domestic",
            "legacy_id": 350,
            "country_id": 64306,
            "logo_path": null,
            "name": "Premier League",
            "is_cup": false,
            "current_season_id": 16570,
            "current_round_id": 182670,
            "current_stage_id": 77445709,
            "live_standings": false,
            "coverage": {
                "predictions": 1,
                "topscorer_goals": false,
                "topscorer_assists": false,
                "topscorer_cards": false
            }
        }
    },
    "events": {
        "data": [
            {
                "id": 10144778,
                "team_id": "1411",
                "type": "goal",
                "fixture_id": 640057,
                "player_id": 313220,
                "player_name": "McKee Jaimes",
                "related_player_id": null,
                "related_player_name": null,
                "minute": 9,
                "extra_minute": null,
                "reason": null,
                "injuried": null,
                "result": null
            },
            {
                "id": 10144815,
                "team_id": "5971",
                "type": "substitution",
                "fixture_id": 640057,
                "player_id": 313575,
                "player_name": "Li Hon Ho",
                "related_player_id": 161700,
                "related_player_name": "Paulo César",
                "minute": 46,
                "extra_minute": null,
                "reason": null,
                "injuried": null,
                "result": null
            },
            {
                "id": 10144822,
                "team_id": "5971",
                "type": "substitution",
                "fixture_id": 640057,
                "player_id": 158857,
                "player_name": "Lucas",
                "related_player_id": 313581,
                "related_player_name": "Lui Chi Hing",
                "minute": 46,
                "extra_minute": null,
                "reason": null,
                "injuried": null,
                "result": null
            },
            {
                "id": 10144830,
                "team_id": "1411",
                "type": "substitution",
                "fixture_id": 640057,
                "player_id": 312983,
                "player_name": "Bai He",
                "related_player_id": 313472,
                "related_player_name": "Ju Ying Zhi",
                "minute": 60,
                "extra_minute": null,
                "reason": null,
                "injuried": null,
                "result": null
            },
            {
                "id": 10144838,
                "team_id": "1411",
                "type": "substitution",
                "fixture_id": 640057,
                "player_id": 313637,
                "player_name": "Tse Man Wing",
                "related_player_id": 313283,
                "related_player_name": "Lee Hong Lim",
                "minute": 77,
                "extra_minute": null,
                "reason": null,
                "injuried": null,
                "result": null
            },
            {
                "id": 10144793,
                "team_id": "5971",
                "type": "yellowcard",
                "fixture_id": 640057,
                "player_id": 314253,
                "player_name": "Chun Lok Tan",
                "related_player_id": null,
                "related_player_name": null,
                "minute": 79,
                "extra_minute": null,
                "reason": null,
                "injuried": null,
                "result": null
            },
            {
                "id": 10144786,
                "team_id": "5971",
                "type": "goal",
                "fixture_id": 640057,
                "player_id": 314040,
                "player_name": "Wong Wai",
                "related_player_id": null,
                "related_player_name": null,
                "minute": 81,
                "extra_minute": null,
                "reason": null,
                "injuried": null,
                "result": null
            },
            {
                "id": 10144846,
                "team_id": "1411",
                "type": "substitution",
                "fixture_id": 640057,
                "player_id": 313246,
                "player_name": "Giovane",
                "related_player_id": 314205,
                "related_player_name": "Diego Eli",
                "minute": 85,
                "extra_minute": null,
                "reason": null,
                "injuried": null,
                "result": null
            },
            {
                "id": 10144800,
                "team_id": "5971",
                "type": "yellowcard",
                "fixture_id": 640057,
                "player_id": 161026,
                "player_name": "Y. Nakamura",
                "related_player_id": null,
                "related_player_name": null,
                "minute": 90,
                "extra_minute": 2,
                "reason": null,
                "injuried": null,
                "result": null
            },
            {
                "id": 10144809,
                "team_id": "1411",
                "type": "yellowcard",
                "fixture_id": 640057,
                "player_id": 312983,
                "player_name": "Bai He",
                "related_player_id": null,
                "related_player_name": null,
                "minute": 90,
                "extra_minute": 1,
                "reason": null,
                "injuried": null,
                "result": null
            }
        ]
    },
    "odds": {
        "data": []
    }
}