{
    "id": 640452,
    "league_id": 1001,
    "season_id": 987,
    "stage_id": 1915,
    "round_id": 30838,
    "group_id": null,
    "aggregate_id": null,
    "venue_id": 3894,
    "referee_id": null,
    "localteam_id": 5971,
    "visitorteam_id": 18065,
    "winner_team_id": 5971,
    "weather_report": null,
    "commentaries": false,
    "attendance": null,
    "pitch": null,
    "details": null,
    "neutral_venue": false,
    "winning_odds_calculated": true,
    "formations": {
        "localteam_formation": null,
        "visitorteam_formation": null
    },
    "scores": {
        "localteam_score": 2,
        "visitorteam_score": 1,
        "localteam_pen_score": null,
        "visitorteam_pen_score": null,
        "ht_score": "1-1",
        "ft_score": "2-1",
        "et_score": null
    },
    "time": {
        "status": "FT",
        "starting_at": {
            "date_time": "2017-02-05 06:30:00",
            "date": "2017-02-05",
            "time": "06:30:00",
            "timestamp": 1486276200,
            "timezone": "UTC"
        },
        "minute": 90,
        "second": null,
        "added_time": null,
        "extra_minute": null,
        "injury_time": null
    },
    "coaches": {
        "localteam_coach_id": null,
        "visitorteam_coach_id": null
    },
    "standings": {
        "localteam_position": null,
        "visitorteam_position": null
    },
    "assistants": {
        "first_assistant_id": null,
        "second_assistant_id": null,
        "fourth_official_id": null
    },
    "leg": null,
    "colors": null,
    "deleted": false,
    "localTeam": {
        "data": {
            "id": 5971,
            "legacy_id": null,
            "name": "Wofoo Tai Po",
            "short_code": null,
            "twitter": null,
            "country_id": 64306,
            "national_team": false,
            "founded": 2002,
            "logo_path": "https://cdn.sportmonks.com/images//soccer/teams/19/5971.png",
            "venue_id": 3894,
            "current_season_id": 13176
        }
    },
    "visitorTeam": {
        "data": {
            "id": 18065,
            "legacy_id": null,
            "name": "Guangzhou R&F U19",
            "short_code": null,
            "twitter": null,
            "country_id": 64306,
            "national_team": false,
            "founded": 0,
            "logo_path": null,
            "venue_id": null,
            "current_season_id": 13176
        }
    },
    "league": {
        "data": {
            "id": 1001,
            "active": true,
            "type": "domestic",
            "legacy_id": 350,
            "country_id": 64306,
            "logo_path": null,
            "name": "Premier League",
            "is_cup": false,
            "current_season_id": 16570,
            "current_round_id": 182670,
            "current_stage_id": 77445709,
            "live_standings": false,
            "coverage": {
                "predictions": 1,
                "topscorer_goals": false,
                "topscorer_assists": false,
                "topscorer_cards": false
            }
        }
    },
    "events": {
        "data": [
            {
                "id": 10145329,
                "team_id": "5971",
                "type": "goal",
                "fixture_id": 640452,
                "player_id": 158857,
                "player_name": "Lucas",
                "related_player_id": null,
                "related_player_name": null,
                "minute": 7,
                "extra_minute": null,
                "reason": null,
                "injuried": null,
                "result": null
            },
            {
                "id": 10145336,
                "team_id": "18065",
                "type": "goal",
                "fixture_id": 640452,
                "player_id": 314038,
                "player_name": "Chuck Yiu Kwok",
                "related_player_id": null,
                "related_player_name": null,
                "minute": 21,
                "extra_minute": null,
                "reason": null,
                "injuried": null,
                "result": null
            },
            {
                "id": 10145359,
                "team_id": "5971",
                "type": "yellowcard",
                "fixture_id": 640452,
                "player_id": 80097,
                "player_name": "Lima",
                "related_player_id": null,
                "related_player_name": null,
                "minute": 27,
                "extra_minute": null,
                "reason": null,
                "injuried": null,
                "result": null
            },
            {
                "id": 10145367,
                "team_id": "5971",
                "type": "yellowcard",
                "fixture_id": 640452,
                "player_id": 314253,
                "player_name": "Chun Lok Tan",
                "related_player_id": null,
                "related_player_name": null,
                "minute": 34,
                "extra_minute": null,
                "reason": null,
                "injuried": null,
                "result": null
            },
            {
                "id": 10145383,
                "team_id": "18065",
                "type": "yellowcard",
                "fixture_id": 640452,
                "player_id": 314571,
                "player_name": "Xiang Jiachi",
                "related_player_id": null,
                "related_player_name": null,
                "minute": 34,
                "extra_minute": null,
                "reason": null,
                "injuried": null,
                "result": null
            },
            {
                "id": 10145351,
                "team_id": "5971",
                "type": "yellowcard",
                "fixture_id": 640452,
                "player_id": 313592,
                "player_name": "Wong Yiu Fu",
                "related_player_id": null,
                "related_player_name": null,
                "minute": 50,
                "extra_minute": null,
                "reason": null,
                "injuried": null,
                "result": null
            },
            {
                "id": 10145375,
                "team_id": "18065",
                "type": "yellowcard",
                "fixture_id": 640452,
                "player_id": 313718,
                "player_name": "Jing Teng",
                "related_player_id": null,
                "related_player_name": null,
                "minute": 64,
                "extra_minute": null,
                "reason": null,
                "injuried": null,
                "result": null
            },
            {
                "id": 10145406,
                "team_id": "18065",
                "type": "substitution",
                "fixture_id": 640452,
                "player_id": 314560,
                "player_name": "Zhong Ke",
                "related_player_id": 313802,
                "related_player_name": "Tsang Kin Fong",
                "minute": 69,
                "extra_minute": null,
                "reason": null,
                "injuried": null,
                "result": null
            },
            {
                "id": 10145343,
                "team_id": "5971",
                "type": "goal",
                "fixture_id": 640452,
                "player_id": 231561,
                "player_name": "Dudú",
                "related_player_id": null,
                "related_player_name": null,
                "minute": 82,
                "extra_minute": null,
                "reason": null,
                "injuried": null,
                "result": null
            },
            {
                "id": 10145391,
                "team_id": "18065",
                "type": "yellowcard",
                "fixture_id": 640452,
                "player_id": 314560,
                "player_name": "Zhong Ke",
                "related_player_id": null,
                "related_player_name": null,
                "minute": 89,
                "extra_minute": null,
                "reason": null,
                "injuried": null,
                "result": null
            },
            {
                "id": 10145398,
                "team_id": "5971",
                "type": "substitution",
                "fixture_id": 640452,
                "player_id": 314260,
                "player_name": "Lew Wai Yip",
                "related_player_id": 313592,
                "related_player_name": "Wong Yiu Fu",
                "minute": 90,
                "extra_minute": 3,
                "reason": null,
                "injuried": null,
                "result": null
            }
        ]
    },
    "odds": {
        "data": []
    }
}