{
    "id": 10403630,
    "league_id": 1001,
    "season_id": 13176,
    "stage_id": 7743326,
    "round_id": 152360,
    "group_id": null,
    "aggregate_id": null,
    "venue_id": 3894,
    "referee_id": 35256,
    "localteam_id": 5971,
    "visitorteam_id": 7463,
    "winner_team_id": null,
    "weather_report": {
        "code": "clouds",
        "type": "few clouds",
        "icon": "https://cdn.sportmonks.com/images/weather/02d.png",
        "temperature": {
            "temp": 70.93,
            "unit": "fahrenheit"
        },
        "clouds": "20%",
        "humidity": "56%",
        "wind": {
            "speed": "8.05 m/s",
            "degree": 350
        }
    },
    "commentaries": null,
    "attendance": null,
    "pitch": "Uneven and|cutting up",
    "details": null,
    "neutral_venue": false,
    "winning_odds_calculated": true,
    "formations": {
        "localteam_formation": null,
        "visitorteam_formation": null
    },
    "scores": {
        "localteam_score": 2,
        "visitorteam_score": 2,
        "localteam_pen_score": null,
        "visitorteam_pen_score": null,
        "ht_score": "2-0",
        "ft_score": "2-2",
        "et_score": null
    },
    "time": {
        "status": "FT",
        "starting_at": {
            "date_time": "2019-01-19 06:30:00",
            "date": "2019-01-19",
            "time": "06:30:00",
            "timestamp": 1547879400,
            "timezone": "UTC"
        },
        "minute": 90,
        "second": 0,
        "added_time": 4,
        "extra_minute": null,
        "injury_time": 4
    },
    "coaches": {
        "localteam_coach_id": 1552691,
        "visitorteam_coach_id": 313876
    },
    "standings": {
        "localteam_position": 4,
        "visitorteam_position": 7
    },
    "assistants": {
        "first_assistant_id": null,
        "second_assistant_id": null,
        "fourth_official_id": null
    },
    "leg": "1/1",
    "colors": {
        "localteam": {
            "color": null,
            "kit_colors": null
        },
        "visitorteam": {
            "color": null,
            "kit_colors": null
        }
    },
    "deleted": false,
    "localTeam": {
        "data": {
            "id": 5971,
            "legacy_id": null,
            "name": "Wofoo Tai Po",
            "short_code": null,
            "twitter": null,
            "country_id": 64306,
            "national_team": false,
            "founded": 2002,
            "logo_path": "https://cdn.sportmonks.com/images//soccer/teams/19/5971.png",
            "venue_id": 3894,
            "current_season_id": 13176
        }
    },
    "visitorTeam": {
        "data": {
            "id": 7463,
            "legacy_id": 6246,
            "name": "Yuen Long",
            "short_code": null,
            "twitter": null,
            "country_id": 64306,
            "national_team": false,
            "founded": 1959,
            "logo_path": "https://cdn.sportmonks.com/images//soccer/teams/7/7463.png",
            "venue_id": 4830,
            "current_season_id": 13176
        }
    },
    "league": {
        "data": {
            "id": 1001,
            "active": true,
            "type": "domestic",
            "legacy_id": 350,
            "country_id": 64306,
            "logo_path": null,
            "name": "Premier League",
            "is_cup": false,
            "current_season_id": 16570,
            "current_round_id": 182670,
            "current_stage_id": 77445709,
            "live_standings": false,
            "coverage": {
                "predictions": 1,
                "topscorer_goals": false,
                "topscorer_assists": false,
                "topscorer_cards": false
            }
        }
    },
    "events": {
        "data": [
            {
                "id": 10403630001,
                "team_id": "5971",
                "type": "yellowcard",
                "fixture_id": 10403630,
                "player_id": 313593,
                "player_name": "Chak Ting Fung",
                "related_player_id": null,
                "related_player_name": null,
                "minute": 27,
                "extra_minute": null,
                "reason": null,
                "injuried": null,
                "result": null
            },
            {
                "id": 10403630002,
                "team_id": "5971",
                "type": "goal",
                "fixture_id": 10403630,
                "player_id": 314040,
                "player_name": "Wong Wai",
                "related_player_id": null,
                "related_player_name": null,
                "minute": 30,
                "extra_minute": null,
                "reason": null,
                "injuried": null,
                "result": "1-0"
            },
            {
                "id": 10403630003,
                "team_id": "5971",
                "type": "yellowcard",
                "fixture_id": 10403630,
                "player_id": 749991,
                "player_name": "H. Sawyer",
                "related_player_id": null,
                "related_player_name": null,
                "minute": 35,
                "extra_minute": null,
                "reason": null,
                "injuried": null,
                "result": null
            },
            {
                "id": 10403630004,
                "team_id": "5971",
                "type": "goal",
                "fixture_id": 10403630,
                "player_id": 749991,
                "player_name": "H. Sawyer",
                "related_player_id": null,
                "related_player_name": null,
                "minute": 36,
                "extra_minute": null,
                "reason": null,
                "injuried": null,
                "result": "2-0"
            },
            {
                "id": 10403630005,
                "team_id": "7463",
                "type": "substitution",
                "fixture_id": 10403630,
                "player_id": 313607,
                "player_name": "Fábio",
                "related_player_id": 314465,
                "related_player_name": "Kwok Tsz Kaai",
                "minute": 46,
                "extra_minute": null,
                "reason": null,
                "injuried": null,
                "result": null
            },
            {
                "id": 10403630006,
                "team_id": "7463",
                "type": "goal",
                "fixture_id": 10403630,
                "player_id": 796497,
                "player_name": "Wang Ruei",
                "related_player_id": null,
                "related_player_name": null,
                "minute": 47,
                "extra_minute": null,
                "reason": null,
                "injuried": null,
                "result": "2-1"
            },
            {
                "id": 10403630007,
                "team_id": "5971",
                "type": "substitution",
                "fixture_id": 10403630,
                "player_id": 225391,
                "player_name": "João Emir",
                "related_player_id": 159026,
                "related_player_name": "Michel Lugo",
                "minute": 66,
                "extra_minute": null,
                "reason": null,
                "injuried": null,
                "result": null
            },
            {
                "id": 10403630008,
                "team_id": "5971",
                "type": "substitution",
                "fixture_id": 10403630,
                "player_id": 314058,
                "player_name": "Lee Ka Yiu",
                "related_player_id": 314042,
                "related_player_name": "Chan Siu Kwan",
                "minute": 66,
                "extra_minute": null,
                "reason": null,
                "injuried": null,
                "result": null
            },
            {
                "id": 10403630009,
                "team_id": "5971",
                "type": "substitution",
                "fixture_id": 10403630,
                "player_id": 313603,
                "player_name": "Kilama Jean-Jacques",
                "related_player_id": 313593,
                "related_player_name": "Chak Ting Fung",
                "minute": 74,
                "extra_minute": null,
                "reason": null,
                "injuried": null,
                "result": null
            },
            {
                "id": 10403630010,
                "team_id": "7463",
                "type": "substitution",
                "fixture_id": 10403630,
                "player_id": 223510,
                "player_name": "Jean Moser",
                "related_player_id": 229748,
                "related_player_name": "Tomas",
                "minute": 80,
                "extra_minute": null,
                "reason": null,
                "injuried": null,
                "result": null
            },
            {
                "id": 10403630011,
                "team_id": "7463",
                "type": "substitution",
                "fixture_id": 10403630,
                "player_id": 22158869,
                "player_name": "Yam Kai Wa",
                "related_player_id": 313233,
                "related_player_name": "Cheung Kin Fung",
                "minute": 80,
                "extra_minute": null,
                "reason": null,
                "injuried": null,
                "result": null
            },
            {
                "id": 10403630012,
                "team_id": "5971",
                "type": "yellowcard",
                "fixture_id": 10403630,
                "player_id": 314156,
                "player_name": "Lee Ka Ho",
                "related_player_id": null,
                "related_player_name": null,
                "minute": 84,
                "extra_minute": null,
                "reason": null,
                "injuried": null,
                "result": null
            },
            {
                "id": 10403630013,
                "team_id": "7463",
                "type": "goal",
                "fixture_id": 10403630,
                "player_id": 125351,
                "player_name": "C. Ekwegwo",
                "related_player_id": null,
                "related_player_name": null,
                "minute": 84,
                "extra_minute": null,
                "reason": null,
                "injuried": null,
                "result": "2-2"
            },
            {
                "id": 10403630014,
                "team_id": "5971",
                "type": "yellowcard",
                "fixture_id": 10403630,
                "player_id": 313603,
                "player_name": "Kilama Jean-Jacques",
                "related_player_id": null,
                "related_player_name": null,
                "minute": 89,
                "extra_minute": null,
                "reason": null,
                "injuried": null,
                "result": null
            },
            {
                "id": 10403630015,
                "team_id": "7463",
                "type": "yellowcard",
                "fixture_id": 10403630,
                "player_id": 22158870,
                "player_name": "Chan Kwong Ho",
                "related_player_id": null,
                "related_player_name": null,
                "minute": 90,
                "extra_minute": 4,
                "reason": null,
                "injuried": null,
                "result": null
            },
            {
                "id": 10403630016,
                "team_id": "5971",
                "type": "yellowcard",
                "fixture_id": 10403630,
                "player_id": 314041,
                "player_name": "Fung Hing Wa",
                "related_player_id": null,
                "related_player_name": null,
                "minute": 90,
                "extra_minute": 5,
                "reason": null,
                "injuried": null,
                "result": null
            }
        ]
    },
    "odds": {
        "data": []
    }
}