{
    "id": 10403640,
    "league_id": 1001,
    "season_id": 13176,
    "stage_id": 7743326,
    "round_id": 152361,
    "group_id": null,
    "aggregate_id": null,
    "venue_id": 3894,
    "referee_id": 25769,
    "localteam_id": 5971,
    "visitorteam_id": 2355,
    "winner_team_id": 5971,
    "weather_report": null,
    "commentaries": null,
    "attendance": null,
    "pitch": "Good",
    "details": null,
    "neutral_venue": false,
    "winning_odds_calculated": true,
    "formations": {
        "localteam_formation": null,
        "visitorteam_formation": null
    },
    "scores": {
        "localteam_score": 3,
        "visitorteam_score": 0,
        "localteam_pen_score": null,
        "visitorteam_pen_score": null,
        "ht_score": "1-0",
        "ft_score": "3-0",
        "et_score": null
    },
    "time": {
        "status": "FT",
        "starting_at": {
            "date_time": "2019-02-16 06:30:00",
            "date": "2019-02-16",
            "time": "06:30:00",
            "timestamp": 1550298600,
            "timezone": "UTC"
        },
        "minute": 90,
        "second": null,
        "added_time": 5,
        "extra_minute": null,
        "injury_time": 5
    },
    "coaches": {
        "localteam_coach_id": 1552691,
        "visitorteam_coach_id": 1552365
    },
    "standings": {
        "localteam_position": 6,
        "visitorteam_position": 4
    },
    "assistants": {
        "first_assistant_id": null,
        "second_assistant_id": null,
        "fourth_official_id": null
    },
    "leg": "1/1",
    "colors": {
        "localteam": {
            "color": null,
            "kit_colors": null
        },
        "visitorteam": {
            "color": null,
            "kit_colors": null
        }
    },
    "deleted": false,
    "localTeam": {
        "data": {
            "id": 5971,
            "legacy_id": null,
            "name": "Wofoo Tai Po",
            "short_code": null,
            "twitter": null,
            "country_id": 64306,
            "national_team": false,
            "founded": 2002,
            "logo_path": "https://cdn.sportmonks.com/images//soccer/teams/19/5971.png",
            "venue_id": 3894,
            "current_season_id": 13176
        }
    },
    "visitorTeam": {
        "data": {
            "id": 2355,
            "legacy_id": 2317,
            "name": "Kitchee",
            "short_code": null,
            "twitter": null,
            "country_id": 64306,
            "national_team": false,
            "founded": 1931,
            "logo_path": "https://cdn.sportmonks.com/images//soccer/teams/19/2355.png",
            "venue_id": 642,
            "current_season_id": 13176
        }
    },
    "league": {
        "data": {
            "id": 1001,
            "active": true,
            "type": "domestic",
            "legacy_id": 350,
            "country_id": 64306,
            "logo_path": null,
            "name": "Premier League",
            "is_cup": false,
            "current_season_id": 16570,
            "current_round_id": 182670,
            "current_stage_id": 77445709,
            "live_standings": false,
            "coverage": {
                "predictions": 1,
                "topscorer_goals": false,
                "topscorer_assists": false,
                "topscorer_cards": false
            }
        }
    },
    "events": {
        "data": [
            {
                "id": 10403640001,
                "team_id": "5971",
                "type": "goal",
                "fixture_id": 10403640,
                "player_id": 313218,
                "player_name": "Sandro",
                "related_player_id": null,
                "related_player_name": null,
                "minute": 2,
                "extra_minute": null,
                "reason": null,
                "injuried": null,
                "result": "1-0"
            },
            {
                "id": 10403640002,
                "team_id": "5971",
                "type": "yellowcard",
                "fixture_id": 10403640,
                "player_id": 313218,
                "player_name": "Sandro",
                "related_player_id": null,
                "related_player_name": null,
                "minute": 10,
                "extra_minute": null,
                "reason": null,
                "injuried": null,
                "result": null
            },
            {
                "id": 10403640003,
                "team_id": "2355",
                "type": "yellowcard",
                "fixture_id": 10403640,
                "player_id": 313930,
                "player_name": "Daniel Cancela",
                "related_player_id": null,
                "related_player_name": null,
                "minute": 20,
                "extra_minute": null,
                "reason": null,
                "injuried": null,
                "result": null
            },
            {
                "id": 10403640004,
                "team_id": "5971",
                "type": "yellowcard",
                "fixture_id": 10403640,
                "player_id": 256840,
                "player_name": "Eduardo Praes",
                "related_player_id": null,
                "related_player_name": null,
                "minute": 35,
                "extra_minute": null,
                "reason": null,
                "injuried": null,
                "result": null
            },
            {
                "id": 10403640005,
                "team_id": "5971",
                "type": "goal",
                "fixture_id": 10403640,
                "player_id": 313218,
                "player_name": "Sandro",
                "related_player_id": null,
                "related_player_name": null,
                "minute": 62,
                "extra_minute": null,
                "reason": null,
                "injuried": null,
                "result": "2-0"
            },
            {
                "id": 10403640006,
                "team_id": "2355",
                "type": "substitution",
                "fixture_id": 10403640,
                "player_id": 29328223,
                "player_name": "C. Benhaddouche",
                "related_player_id": 313352,
                "related_player_name": "Gonçalves Hélio",
                "minute": 66,
                "extra_minute": null,
                "reason": null,
                "injuried": null,
                "result": null
            },
            {
                "id": 10403640007,
                "team_id": "2355",
                "type": "substitution",
                "fixture_id": 10403640,
                "player_id": 325975,
                "player_name": "M. Smith",
                "related_player_id": 319511,
                "related_player_name": "Seo Sang-Min",
                "minute": 66,
                "extra_minute": null,
                "reason": null,
                "injuried": null,
                "result": null
            },
            {
                "id": 10403640008,
                "team_id": "5971",
                "type": "substitution",
                "fixture_id": 10403640,
                "player_id": 314042,
                "player_name": "Chan Siu Kwan",
                "related_player_id": 314040,
                "related_player_name": "Wong Wai",
                "minute": 69,
                "extra_minute": null,
                "reason": null,
                "injuried": null,
                "result": null
            },
            {
                "id": 10403640009,
                "team_id": "5971",
                "type": "substitution",
                "fixture_id": 10403640,
                "player_id": 314058,
                "player_name": "Lee Ka Yiu",
                "related_player_id": 313593,
                "related_player_name": "Chak Ting Fung",
                "minute": 72,
                "extra_minute": null,
                "reason": null,
                "injuried": null,
                "result": null
            },
            {
                "id": 10403640010,
                "team_id": "2355",
                "type": "substitution",
                "fixture_id": 10403640,
                "player_id": 30482214,
                "player_name": "Chan Shinichi",
                "related_player_id": 314109,
                "related_player_name": "Li Ngai Hoi",
                "minute": 84,
                "extra_minute": null,
                "reason": null,
                "injuried": null,
                "result": null
            },
            {
                "id": 10403640011,
                "team_id": "2355",
                "type": "yellowcard",
                "fixture_id": 10403640,
                "player_id": 314109,
                "player_name": "Li Ngai Hoi",
                "related_player_id": null,
                "related_player_name": null,
                "minute": 84,
                "extra_minute": null,
                "reason": null,
                "injuried": null,
                "result": null
            },
            {
                "id": 10403640012,
                "team_id": "5971",
                "type": "substitution",
                "fixture_id": 10403640,
                "player_id": 314361,
                "player_name": "Chung Wai Keung",
                "related_player_id": 313218,
                "related_player_name": "Sandro",
                "minute": 87,
                "extra_minute": null,
                "reason": null,
                "injuried": null,
                "result": null
            },
            {
                "id": 10403640013,
                "team_id": "2355",
                "type": "yellowcard",
                "fixture_id": 10403640,
                "player_id": 313472,
                "player_name": "Ju Ying Zhi",
                "related_player_id": null,
                "related_player_name": null,
                "minute": 89,
                "extra_minute": null,
                "reason": null,
                "injuried": null,
                "result": null
            },
            {
                "id": 10403640015,
                "team_id": "2355",
                "type": "yellowcard",
                "fixture_id": 10403640,
                "player_id": 158857,
                "player_name": "Lucas",
                "related_player_id": null,
                "related_player_name": null,
                "minute": 90,
                "extra_minute": 1,
                "reason": null,
                "injuried": null,
                "result": null
            },
            {
                "id": 10403640014,
                "team_id": "5971",
                "type": "penalty",
                "fixture_id": 10403640,
                "player_id": 219177,
                "player_name": "Igor Sartori",
                "related_player_id": null,
                "related_player_name": null,
                "minute": 90,
                "extra_minute": null,
                "reason": null,
                "injuried": null,
                "result": "3-0"
            }
        ]
    },
    "odds": {
        "data": []
    }
}