{
    "id": 640619,
    "league_id": 1001,
    "season_id": 987,
    "stage_id": 1915,
    "round_id": 30840,
    "group_id": null,
    "aggregate_id": null,
    "venue_id": 3894,
    "referee_id": null,
    "localteam_id": 5971,
    "visitorteam_id": 5480,
    "winner_team_id": 5971,
    "weather_report": null,
    "commentaries": false,
    "attendance": null,
    "pitch": null,
    "details": null,
    "neutral_venue": false,
    "winning_odds_calculated": true,
    "formations": {
        "localteam_formation": null,
        "visitorteam_formation": null
    },
    "scores": {
        "localteam_score": 5,
        "visitorteam_score": 1,
        "localteam_pen_score": null,
        "visitorteam_pen_score": null,
        "ht_score": "2-0",
        "ft_score": "5-1",
        "et_score": null
    },
    "time": {
        "status": "FT",
        "starting_at": {
            "date_time": "2017-02-26 06:30:00",
            "date": "2017-02-26",
            "time": "06:30:00",
            "timestamp": 1488090600,
            "timezone": "UTC"
        },
        "minute": 90,
        "second": null,
        "added_time": null,
        "extra_minute": null,
        "injury_time": null
    },
    "coaches": {
        "localteam_coach_id": null,
        "visitorteam_coach_id": null
    },
    "standings": {
        "localteam_position": null,
        "visitorteam_position": null
    },
    "assistants": {
        "first_assistant_id": null,
        "second_assistant_id": null,
        "fourth_official_id": null
    },
    "leg": null,
    "colors": null,
    "deleted": false,
    "localTeam": {
        "data": {
            "id": 5971,
            "legacy_id": null,
            "name": "Wofoo Tai Po",
            "short_code": null,
            "twitter": null,
            "country_id": 64306,
            "national_team": false,
            "founded": 2002,
            "logo_path": "https://cdn.sportmonks.com/images//soccer/teams/19/5971.png",
            "venue_id": 3894,
            "current_season_id": 13176
        }
    },
    "visitorTeam": {
        "data": {
            "id": 5480,
            "legacy_id": 6271,
            "name": "Pegasus",
            "short_code": null,
            "twitter": null,
            "country_id": 64306,
            "national_team": false,
            "founded": 2008,
            "logo_path": "https://cdn.sportmonks.com/images//soccer/teams/8/5480.png",
            "venue_id": 642,
            "current_season_id": 13176
        }
    },
    "league": {
        "data": {
            "id": 1001,
            "active": true,
            "type": "domestic",
            "legacy_id": 350,
            "country_id": 64306,
            "logo_path": null,
            "name": "Premier League",
            "is_cup": false,
            "current_season_id": 16570,
            "current_round_id": 182670,
            "current_stage_id": 77445709,
            "live_standings": false,
            "coverage": {
                "predictions": 1,
                "topscorer_goals": false,
                "topscorer_assists": false,
                "topscorer_cards": false
            }
        }
    },
    "events": {
        "data": [
            {
                "id": 10146123,
                "team_id": "5971",
                "type": "goal",
                "fixture_id": 640619,
                "player_id": 161026,
                "player_name": "Y. Nakamura",
                "related_player_id": null,
                "related_player_name": null,
                "minute": 14,
                "extra_minute": null,
                "reason": null,
                "injuried": null,
                "result": null
            },
            {
                "id": 10146169,
                "team_id": "5971",
                "type": "yellowcard",
                "fixture_id": 640619,
                "player_id": 313592,
                "player_name": "Wong Yiu Fu",
                "related_player_id": null,
                "related_player_name": null,
                "minute": 27,
                "extra_minute": null,
                "reason": null,
                "injuried": null,
                "result": null
            },
            {
                "id": 10146189,
                "team_id": "5480",
                "type": "yellowcard",
                "fixture_id": 640619,
                "player_id": 314584,
                "player_name": "T. Major",
                "related_player_id": null,
                "related_player_name": null,
                "minute": 40,
                "extra_minute": null,
                "reason": null,
                "injuried": null,
                "result": null
            },
            {
                "id": 10146129,
                "team_id": "5971",
                "type": "goal",
                "fixture_id": 640619,
                "player_id": 314058,
                "player_name": "Lee Ka Yiu",
                "related_player_id": null,
                "related_player_name": null,
                "minute": 45,
                "extra_minute": null,
                "reason": null,
                "injuried": null,
                "result": null
            },
            {
                "id": 10146222,
                "team_id": "5480",
                "type": "substitution",
                "fixture_id": 640619,
                "player_id": 314332,
                "player_name": "Chun Yuen Ho",
                "related_player_id": 70615,
                "related_player_name": "K. Naumovski",
                "minute": 46,
                "extra_minute": null,
                "reason": null,
                "injuried": null,
                "result": null
            },
            {
                "id": 10146229,
                "team_id": "5480",
                "type": "substitution",
                "fixture_id": 640619,
                "player_id": 256840,
                "player_name": "Eduardo Praes",
                "related_player_id": 314109,
                "related_player_name": "Li Ngai Hoi",
                "minute": 46,
                "extra_minute": null,
                "reason": null,
                "injuried": null,
                "result": null
            },
            {
                "id": 10146196,
                "team_id": "5480",
                "type": "yellowcard",
                "fixture_id": 640619,
                "player_id": 256840,
                "player_name": "Eduardo Praes",
                "related_player_id": null,
                "related_player_name": null,
                "minute": 48,
                "extra_minute": null,
                "reason": null,
                "injuried": null,
                "result": null
            },
            {
                "id": 10146235,
                "team_id": "5480",
                "type": "substitution",
                "fixture_id": 640619,
                "player_id": 313221,
                "player_name": "Annan Christian",
                "related_player_id": 314320,
                "related_player_name": "Leong Ka Hang",
                "minute": 71,
                "extra_minute": null,
                "reason": null,
                "injuried": null,
                "result": null
            },
            {
                "id": 10146137,
                "team_id": "5971",
                "type": "goal",
                "fixture_id": 640619,
                "player_id": 158857,
                "player_name": "Lucas",
                "related_player_id": null,
                "related_player_name": null,
                "minute": 72,
                "extra_minute": null,
                "reason": null,
                "injuried": null,
                "result": null
            },
            {
                "id": 10146182,
                "team_id": "5480",
                "type": "yellowcard",
                "fixture_id": 640619,
                "player_id": 313258,
                "player_name": "Chan Siu Ki",
                "related_player_id": null,
                "related_player_name": null,
                "minute": 76,
                "extra_minute": null,
                "reason": null,
                "injuried": null,
                "result": null
            },
            {
                "id": 10146202,
                "team_id": "5971",
                "type": "substitution",
                "fixture_id": 640619,
                "player_id": 80097,
                "player_name": "Lima",
                "related_player_id": 161026,
                "related_player_name": "Y. Nakamura",
                "minute": 77,
                "extra_minute": null,
                "reason": null,
                "injuried": null,
                "result": null
            },
            {
                "id": 10146208,
                "team_id": "5971",
                "type": "substitution",
                "fixture_id": 640619,
                "player_id": 314260,
                "player_name": "Lew Wai Yip",
                "related_player_id": 313592,
                "related_player_name": "Wong Yiu Fu",
                "minute": 79,
                "extra_minute": null,
                "reason": null,
                "injuried": null,
                "result": null
            },
            {
                "id": 10146176,
                "team_id": "5480",
                "type": "yellowcard",
                "fixture_id": 640619,
                "player_id": 225391,
                "player_name": "João Emir",
                "related_player_id": null,
                "related_player_name": null,
                "minute": 80,
                "extra_minute": null,
                "reason": null,
                "injuried": null,
                "result": null
            },
            {
                "id": 10146145,
                "team_id": "5480",
                "type": "goal",
                "fixture_id": 640619,
                "player_id": 314584,
                "player_name": "T. Major",
                "related_player_id": null,
                "related_player_name": null,
                "minute": 84,
                "extra_minute": null,
                "reason": null,
                "injuried": null,
                "result": null
            },
            {
                "id": 10146153,
                "team_id": "5971",
                "type": "goal",
                "fixture_id": 640619,
                "player_id": 314041,
                "player_name": "Fung Hing Wa",
                "related_player_id": null,
                "related_player_name": null,
                "minute": 85,
                "extra_minute": null,
                "reason": null,
                "injuried": null,
                "result": null
            },
            {
                "id": 10146161,
                "team_id": "5971",
                "type": "goal",
                "fixture_id": 640619,
                "player_id": 314040,
                "player_name": "Wong Wai",
                "related_player_id": null,
                "related_player_name": null,
                "minute": 88,
                "extra_minute": null,
                "reason": null,
                "injuried": null,
                "result": null
            },
            {
                "id": 10146215,
                "team_id": "5971",
                "type": "substitution",
                "fixture_id": 640619,
                "player_id": 314527,
                "player_name": "Chan Hiu Fung",
                "related_player_id": 313581,
                "related_player_name": "Lui Chi Hing",
                "minute": 90,
                "extra_minute": null,
                "reason": null,
                "injuried": null,
                "result": null
            }
        ]
    },
    "odds": {
        "data": []
    }
}