{
    "id": 10403648,
    "league_id": 1001,
    "season_id": 13176,
    "stage_id": 7743326,
    "round_id": 152362,
    "group_id": null,
    "aggregate_id": null,
    "venue_id": 3894,
    "referee_id": 35256,
    "localteam_id": 5971,
    "visitorteam_id": 1411,
    "winner_team_id": 5971,
    "weather_report": null,
    "commentaries": null,
    "attendance": null,
    "pitch": "Good",
    "details": null,
    "neutral_venue": false,
    "winning_odds_calculated": true,
    "formations": {
        "localteam_formation": null,
        "visitorteam_formation": null
    },
    "scores": {
        "localteam_score": 2,
        "visitorteam_score": 1,
        "localteam_pen_score": null,
        "visitorteam_pen_score": null,
        "ht_score": "0-1",
        "ft_score": "2-1",
        "et_score": null
    },
    "time": {
        "status": "FT",
        "starting_at": {
            "date_time": "2019-02-23 06:30:00",
            "date": "2019-02-23",
            "time": "06:30:00",
            "timestamp": 1550903400,
            "timezone": "UTC"
        },
        "minute": 90,
        "second": null,
        "added_time": 0,
        "extra_minute": null,
        "injury_time": 6
    },
    "coaches": {
        "localteam_coach_id": 1552691,
        "visitorteam_coach_id": 457118
    },
    "standings": {
        "localteam_position": 3,
        "visitorteam_position": 4
    },
    "assistants": {
        "first_assistant_id": null,
        "second_assistant_id": null,
        "fourth_official_id": null
    },
    "leg": "1/1",
    "colors": {
        "localteam": {
            "color": null,
            "kit_colors": null
        },
        "visitorteam": {
            "color": null,
            "kit_colors": null
        }
    },
    "deleted": false,
    "localTeam": {
        "data": {
            "id": 5971,
            "legacy_id": null,
            "name": "Wofoo Tai Po",
            "short_code": null,
            "twitter": null,
            "country_id": 64306,
            "national_team": false,
            "founded": 2002,
            "logo_path": "https://cdn.sportmonks.com/images//soccer/teams/19/5971.png",
            "venue_id": 3894,
            "current_season_id": 13176
        }
    },
    "visitorTeam": {
        "data": {
            "id": 1411,
            "legacy_id": null,
            "name": "Eastern",
            "short_code": null,
            "twitter": null,
            "country_id": 64306,
            "national_team": false,
            "founded": 1932,
            "logo_path": "https://cdn.sportmonks.com/images//soccer/teams/3/1411.png",
            "venue_id": 13871,
            "current_season_id": 13176
        }
    },
    "league": {
        "data": {
            "id": 1001,
            "active": true,
            "type": "domestic",
            "legacy_id": 350,
            "country_id": 64306,
            "logo_path": null,
            "name": "Premier League",
            "is_cup": false,
            "current_season_id": 16570,
            "current_round_id": 182670,
            "current_stage_id": 77445709,
            "live_standings": false,
            "coverage": {
                "predictions": 1,
                "topscorer_goals": false,
                "topscorer_assists": false,
                "topscorer_cards": false
            }
        }
    },
    "events": {
        "data": [
            {
                "id": 10403648001,
                "team_id": "1411",
                "type": "goal",
                "fixture_id": 10403648,
                "player_id": 313871,
                "player_name": "Afonso",
                "related_player_id": null,
                "related_player_name": null,
                "minute": 2,
                "extra_minute": null,
                "reason": null,
                "injuried": null,
                "result": "0-1"
            },
            {
                "id": 10403648002,
                "team_id": "1411",
                "type": "yellowcard",
                "fixture_id": 10403648,
                "player_id": 313402,
                "player_name": "Leung Chun Pong",
                "related_player_id": null,
                "related_player_name": null,
                "minute": 6,
                "extra_minute": null,
                "reason": null,
                "injuried": null,
                "result": null
            },
            {
                "id": 10403648004,
                "team_id": "1411",
                "type": "substitution",
                "fixture_id": 10403648,
                "player_id": 314201,
                "player_name": "Lau Ho Lam",
                "related_player_id": 313356,
                "related_player_name": "Lam Ka Wai",
                "minute": 55,
                "extra_minute": null,
                "reason": null,
                "injuried": null,
                "result": null
            },
            {
                "id": 10403648003,
                "team_id": "5971",
                "type": "goal",
                "fixture_id": 10403648,
                "player_id": 159026,
                "player_name": "Michel Lugo",
                "related_player_id": null,
                "related_player_name": null,
                "minute": 55,
                "extra_minute": null,
                "reason": null,
                "injuried": null,
                "result": "1-1"
            },
            {
                "id": 10403648005,
                "team_id": "5971",
                "type": "goal",
                "fixture_id": 10403648,
                "player_id": 256840,
                "player_name": "Eduardo Praes",
                "related_player_id": null,
                "related_player_name": null,
                "minute": 59,
                "extra_minute": null,
                "reason": null,
                "injuried": null,
                "result": "2-1"
            },
            {
                "id": 10403648006,
                "team_id": "1411",
                "type": "substitution",
                "fixture_id": 10403648,
                "player_id": 58200,
                "player_name": "Manuel Bleda",
                "related_player_id": 313220,
                "related_player_name": "McKee Jaimes Anthony",
                "minute": 62,
                "extra_minute": null,
                "reason": null,
                "injuried": null,
                "result": null
            },
            {
                "id": 10403648007,
                "team_id": "5971",
                "type": "yellowcard",
                "fixture_id": 10403648,
                "player_id": 314041,
                "player_name": "Fung Hing Wa",
                "related_player_id": null,
                "related_player_name": null,
                "minute": 69,
                "extra_minute": null,
                "reason": null,
                "injuried": null,
                "result": null
            },
            {
                "id": 10403648008,
                "team_id": "1411",
                "type": "yellowcard",
                "fixture_id": 10403648,
                "player_id": 58200,
                "player_name": "Manuel Bleda",
                "related_player_id": null,
                "related_player_name": null,
                "minute": 70,
                "extra_minute": null,
                "reason": null,
                "injuried": null,
                "result": null
            },
            {
                "id": 10403648009,
                "team_id": "5971",
                "type": "substitution",
                "fixture_id": 10403648,
                "player_id": 314058,
                "player_name": "Lee Ka Yiu",
                "related_player_id": 314042,
                "related_player_name": "Chan Siu Kwan",
                "minute": 75,
                "extra_minute": null,
                "reason": null,
                "injuried": null,
                "result": null
            },
            {
                "id": 10403648010,
                "team_id": "1411",
                "type": "yellowcard",
                "fixture_id": 10403648,
                "player_id": 314334,
                "player_name": "Wong Tsz Ho",
                "related_player_id": null,
                "related_player_name": null,
                "minute": 80,
                "extra_minute": null,
                "reason": null,
                "injuried": null,
                "result": null
            },
            {
                "id": 10403648011,
                "team_id": "1411",
                "type": "substitution",
                "fixture_id": 10403648,
                "player_id": 313279,
                "player_name": "Lam Hok Hei",
                "related_player_id": 313402,
                "related_player_name": "Leung Chun Pong",
                "minute": 83,
                "extra_minute": null,
                "reason": null,
                "injuried": null,
                "result": null
            },
            {
                "id": 10403648012,
                "team_id": "5971",
                "type": "substitution",
                "fixture_id": 10403648,
                "player_id": 231561,
                "player_name": "Dudú",
                "related_player_id": 159026,
                "related_player_name": "Michel Lugo",
                "minute": 85,
                "extra_minute": null,
                "reason": null,
                "injuried": null,
                "result": null
            },
            {
                "id": 10403648013,
                "team_id": "5971",
                "type": "substitution",
                "fixture_id": 10403648,
                "player_id": 314361,
                "player_name": "Chung Wai Keung",
                "related_player_id": 314156,
                "related_player_name": "Lee Ka Ho",
                "minute": 88,
                "extra_minute": null,
                "reason": null,
                "injuried": null,
                "result": null
            },
            {
                "id": 10403648014,
                "team_id": "1411",
                "type": "yellowcard",
                "fixture_id": 10403648,
                "player_id": 313633,
                "player_name": "Yapp Hung Fai",
                "related_player_id": null,
                "related_player_name": null,
                "minute": 90,
                "extra_minute": 5,
                "reason": null,
                "injuried": null,
                "result": null
            }
        ]
    },
    "odds": {
        "data": []
    }
}