{
    "id": 1324735,
    "league_id": 1001,
    "season_id": 987,
    "stage_id": null,
    "round_id": null,
    "group_id": null,
    "aggregate_id": null,
    "venue_id": null,
    "referee_id": null,
    "localteam_id": 7463,
    "visitorteam_id": 5806,
    "winner_team_id": 5806,
    "weather_report": null,
    "commentaries": false,
    "attendance": null,
    "pitch": null,
    "details": null,
    "neutral_venue": false,
    "winning_odds_calculated": true,
    "formations": {
        "localteam_formation": null,
        "visitorteam_formation": null
    },
    "scores": {
        "localteam_score": 1,
        "visitorteam_score": 3,
        "localteam_pen_score": null,
        "visitorteam_pen_score": null,
        "ht_score": "0-1",
        "ft_score": "1-3",
        "et_score": null
    },
    "time": {
        "status": "FT",
        "starting_at": {
            "date_time": "2017-05-21 07:00:00",
            "date": "2017-05-21",
            "time": "07:00:00",
            "timestamp": 1495350000,
            "timezone": "UTC"
        },
        "minute": 90,
        "second": null,
        "added_time": null,
        "extra_minute": null,
        "injury_time": null
    },
    "coaches": {
        "localteam_coach_id": null,
        "visitorteam_coach_id": null
    },
    "standings": {
        "localteam_position": null,
        "visitorteam_position": null
    },
    "assistants": {
        "first_assistant_id": null,
        "second_assistant_id": null,
        "fourth_official_id": null
    },
    "leg": null,
    "colors": null,
    "deleted": false,
    "localTeam": {
        "data": {
            "id": 7463,
            "legacy_id": 6246,
            "name": "Yuen Long",
            "short_code": null,
            "twitter": null,
            "country_id": 64306,
            "national_team": false,
            "founded": 1959,
            "logo_path": "https://cdn.sportmonks.com/images//soccer/teams/7/7463.png",
            "venue_id": 4830,
            "current_season_id": 13176
        }
    },
    "visitorTeam": {
        "data": {
            "id": 5806,
            "legacy_id": 6245,
            "name": "Southern District",
            "short_code": null,
            "twitter": null,
            "country_id": 64306,
            "national_team": false,
            "founded": 2002,
            "logo_path": "https://cdn.sportmonks.com/images//soccer/teams/14/5806.png",
            "venue_id": 3800,
            "current_season_id": 13176
        }
    },
    "league": {
        "data": {
            "id": 1001,
            "active": true,
            "type": "domestic",
            "legacy_id": 350,
            "country_id": 64306,
            "logo_path": null,
            "name": "Premier League",
            "is_cup": false,
            "current_season_id": 16570,
            "current_round_id": 182670,
            "current_stage_id": 77445709,
            "live_standings": false,
            "coverage": {
                "predictions": 1,
                "topscorer_goals": false,
                "topscorer_assists": false,
                "topscorer_cards": false
            }
        }
    },
    "events": {
        "data": []
    },
    "odds": {
        "data": []
    }
}