{
    "id": 5437123,
    "league_id": 1001,
    "season_id": 8798,
    "stage_id": 56886,
    "round_id": 134810,
    "group_id": null,
    "aggregate_id": null,
    "venue_id": 4830,
    "referee_id": null,
    "localteam_id": 7463,
    "visitorteam_id": 18065,
    "winner_team_id": 18065,
    "weather_report": {
        "code": "rain",
        "type": "light intensity shower rain",
        "icon": "https://cdn.sportmonks.com/images/weather/09d.png",
        "temperature": {
            "temp": 79.95,
            "unit": "fahrenheit"
        },
        "clouds": "40%",
        "humidity": "83%",
        "wind": {
            "speed": "13.87 m/s",
            "degree": 160
        }
    },
    "commentaries": null,
    "attendance": null,
    "pitch": null,
    "details": null,
    "neutral_venue": false,
    "winning_odds_calculated": true,
    "formations": {
        "localteam_formation": null,
        "visitorteam_formation": null
    },
    "scores": {
        "localteam_score": 1,
        "visitorteam_score": 2,
        "localteam_pen_score": null,
        "visitorteam_pen_score": null,
        "ht_score": "1-1",
        "ft_score": "1-2",
        "et_score": null
    },
    "time": {
        "status": "FT",
        "starting_at": {
            "date_time": "2017-10-28 12:00:00",
            "date": "2017-10-28",
            "time": "12:00:00",
            "timestamp": 1509192000,
            "timezone": "UTC"
        },
        "minute": 90,
        "second": null,
        "added_time": null,
        "extra_minute": null,
        "injury_time": 6
    },
    "coaches": {
        "localteam_coach_id": 313746,
        "visitorteam_coach_id": null
    },
    "standings": {
        "localteam_position": 8,
        "visitorteam_position": 5
    },
    "assistants": {
        "first_assistant_id": null,
        "second_assistant_id": null,
        "fourth_official_id": null
    },
    "leg": "1/1",
    "colors": null,
    "deleted": false,
    "localTeam": {
        "data": {
            "id": 7463,
            "legacy_id": 6246,
            "name": "Yuen Long",
            "short_code": null,
            "twitter": null,
            "country_id": 64306,
            "national_team": false,
            "founded": 1959,
            "logo_path": "https://cdn.sportmonks.com/images//soccer/teams/7/7463.png",
            "venue_id": 4830,
            "current_season_id": 13176
        }
    },
    "visitorTeam": {
        "data": {
            "id": 18065,
            "legacy_id": null,
            "name": "Guangzhou R&F U19",
            "short_code": null,
            "twitter": null,
            "country_id": 64306,
            "national_team": false,
            "founded": 0,
            "logo_path": null,
            "venue_id": null,
            "current_season_id": 13176
        }
    },
    "league": {
        "data": {
            "id": 1001,
            "active": true,
            "type": "domestic",
            "legacy_id": 350,
            "country_id": 64306,
            "logo_path": null,
            "name": "Premier League",
            "is_cup": false,
            "current_season_id": 16570,
            "current_round_id": 182670,
            "current_stage_id": 77445709,
            "live_standings": false,
            "coverage": {
                "predictions": 1,
                "topscorer_goals": false,
                "topscorer_assists": false,
                "topscorer_cards": false
            }
        }
    },
    "events": {
        "data": [
            {
                "id": 5437123016,
                "team_id": "18065",
                "type": "goal",
                "fixture_id": 5437123,
                "player_id": 162349,
                "player_name": "Li Rui",
                "related_player_id": null,
                "related_player_name": null,
                "minute": 28,
                "extra_minute": null,
                "reason": null,
                "injuried": null,
                "result": "1-1"
            },
            {
                "id": 5437123025,
                "team_id": "7463",
                "type": "substitution",
                "fixture_id": 5437123,
                "player_id": 314201,
                "player_name": "Lau Ho Lam",
                "related_player_id": 314540,
                "related_player_name": "Everton Camargo",
                "minute": 60,
                "extra_minute": null,
                "reason": null,
                "injuried": null,
                "result": null
            },
            {
                "id": 5437123017,
                "team_id": "18065",
                "type": "goal",
                "fixture_id": 5437123,
                "player_id": 162349,
                "player_name": "Li Rui",
                "related_player_id": null,
                "related_player_name": null,
                "minute": 63,
                "extra_minute": null,
                "reason": null,
                "injuried": null,
                "result": "1-2"
            },
            {
                "id": 5437123027,
                "team_id": "18065",
                "type": "substitution",
                "fixture_id": 5437123,
                "player_id": 313901,
                "player_name": "Chow Cheuk Fung",
                "related_player_id": 452987,
                "related_player_name": "Chen Fuhai",
                "minute": 66,
                "extra_minute": null,
                "reason": null,
                "injuried": null,
                "result": null
            },
            {
                "id": 5437123029,
                "team_id": "18065",
                "type": "substitution",
                "fixture_id": 5437123,
                "player_id": 313802,
                "player_name": "Tsang Kin Fong",
                "related_player_id": 313305,
                "related_player_name": "Itaparica",
                "minute": 88,
                "extra_minute": null,
                "reason": null,
                "injuried": null,
                "result": null
            },
            {
                "id": 5437123021,
                "team_id": "7463",
                "type": "yellowcard",
                "fixture_id": 5437123,
                "player_id": 314086,
                "player_name": "Lau Ka Ming",
                "related_player_id": null,
                "related_player_name": null,
                "minute": 90,
                "extra_minute": 3,
                "reason": null,
                "injuried": null,
                "result": null
            }
        ]
    },
    "odds": {
        "data": [
            {
                "id": 1,
                "name": "3Way Result",
                "suspended": false,
                "bookmaker": {
                    "data": [
                        {
                            "id": 2,
                            "name": "bet365",
                            "odds": {
                                "data": [
                                    {
                                        "label": "1",
                                        "value": "2.14",
                                        "winning": null,
                                        "handicap": null,
                                        "total": null,
                                        "last_update": {
                                            "date": "2017-10-28 11:57:35.000000",
                                            "timezone_type": 3,
                                            "timezone": "UTC"
                                        }
                                    },
                                    {
                                        "label": "X",
                                        "value": "4.00",
                                        "winning": null,
                                        "handicap": null,
                                        "total": null,
                                        "last_update": {
                                            "date": "2017-10-28 11:57:35.000000",
                                            "timezone_type": 3,
                                            "timezone": "UTC"
                                        }
                                    },
                                    {
                                        "label": "2",
                                        "value": "2.50",
                                        "winning": null,
                                        "handicap": null,
                                        "total": null,
                                        "last_update": {
                                            "date": "2017-10-28 11:57:35.000000",
                                            "timezone_type": 3,
                                            "timezone": "UTC"
                                        }
                                    }
                                ]
                            }
                        }
                    ]
                }
            },
            {
                "id": 10,
                "name": "Home/Away",
                "suspended": false,
                "bookmaker": {
                    "data": [
                        {
                            "id": 2,
                            "name": "bet365",
                            "odds": {
                                "data": [
                                    {
                                        "label": "1",
                                        "value": "1.72",
                                        "winning": null,
                                        "handicap": null,
                                        "total": null,
                                        "last_update": {
                                            "date": "2017-10-28 11:57:35.000000",
                                            "timezone_type": 3,
                                            "timezone": "UTC"
                                        }
                                    },
                                    {
                                        "label": "2",
                                        "value": "2.00",
                                        "winning": null,
                                        "handicap": null,
                                        "total": null,
                                        "last_update": {
                                            "date": "2017-10-28 11:57:35.000000",
                                            "timezone_type": 3,
                                            "timezone": "UTC"
                                        }
                                    }
                                ]
                            }
                        }
                    ]
                }
            },
            {
                "id": 28,
                "name": "Asian Handicap",
                "suspended": false,
                "bookmaker": {
                    "data": [
                        {
                            "id": 2,
                            "name": "bet365",
                            "odds": {
                                "data": [
                                    {
                                        "label": "1",
                                        "value": "2.25",
                                        "winning": false,
                                        "handicap": "-0.5",
                                        "total": null,
                                        "last_update": {
                                            "date": "2017-10-28 11:57:35.000000",
                                            "timezone_type": 3,
                                            "timezone": "UTC"
                                        }
                                    },
                                    {
                                        "label": "2",
                                        "value": "1.63",
                                        "winning": true,
                                        "handicap": "-0.5",
                                        "total": null,
                                        "last_update": {
                                            "date": "2017-10-28 11:57:35.000000",
                                            "timezone_type": 3,
                                            "timezone": "UTC"
                                        }
                                    },
                                    {
                                        "label": "1",
                                        "value": "1.90",
                                        "winning": false,
                                        "handicap": "-0.75",
                                        "total": null,
                                        "last_update": {
                                            "date": "2017-10-28 11:57:35.000000",
                                            "timezone_type": 3,
                                            "timezone": "UTC"
                                        }
                                    },
                                    {
                                        "label": "2",
                                        "value": "1.90",
                                        "winning": true,
                                        "handicap": "-0.75",
                                        "total": null,
                                        "last_update": {
                                            "date": "2017-10-28 11:57:35.000000",
                                            "timezone_type": 3,
                                            "timezone": "UTC"
                                        }
                                    }
                                ]
                            }
                        }
                    ]
                }
            },
            {
                "id": 12,
                "name": "Over/Under",
                "suspended": false,
                "bookmaker": {
                    "data": [
                        {
                            "id": 2,
                            "name": "bet365",
                            "odds": {
                                "data": [
                                    {
                                        "label": "Over",
                                        "value": "1.44",
                                        "winning": true,
                                        "handicap": null,
                                        "total": "2.5",
                                        "last_update": {
                                            "date": "2017-10-28 11:57:36.000000",
                                            "timezone_type": 3,
                                            "timezone": "UTC"
                                        }
                                    },
                                    {
                                        "label": "Under",
                                        "value": "2.70",
                                        "winning": false,
                                        "handicap": null,
                                        "total": "2.5",
                                        "last_update": {
                                            "date": "2017-10-28 11:57:36.000000",
                                            "timezone_type": 3,
                                            "timezone": "UTC"
                                        }
                                    },
                                    {
                                        "label": "Over",
                                        "value": "1.95",
                                        "winning": false,
                                        "handicap": null,
                                        "total": "3.25",
                                        "last_update": {
                                            "date": "2017-10-28 11:57:36.000000",
                                            "timezone_type": 3,
                                            "timezone": "UTC"
                                        }
                                    },
                                    {
                                        "label": "Under",
                                        "value": "1.85",
                                        "winning": true,
                                        "handicap": null,
                                        "total": "3.25",
                                        "last_update": {
                                            "date": "2017-10-28 11:57:36.000000",
                                            "timezone_type": 3,
                                            "timezone": "UTC"
                                        }
                                    }
                                ]
                            }
                        }
                    ]
                }
            },
            {
                "id": 975905,
                "name": "HT/FT Double",
                "suspended": false,
                "bookmaker": {
                    "data": [
                        {
                            "id": 2,
                            "name": "bet365",
                            "odds": {
                                "data": [
                                    {
                                        "label": "Guangzhou R&F U19/Guangzhou R&F U19",
                                        "value": "4.00",
                                        "winning": null,
                                        "handicap": null,
                                        "total": null,
                                        "last_update": {
                                            "date": "2017-10-28 11:57:36.000000",
                                            "timezone_type": 3,
                                            "timezone": "UTC"
                                        }
                                    },
                                    {
                                        "label": "Guangzhou R&F U19/X",
                                        "value": "15.00",
                                        "winning": null,
                                        "handicap": null,
                                        "total": null,
                                        "last_update": {
                                            "date": "2017-10-28 11:57:36.000000",
                                            "timezone_type": 3,
                                            "timezone": "UTC"
                                        }
                                    },
                                    {
                                        "label": "X/Guangzhou R&F U19",
                                        "value": "7.00",
                                        "winning": null,
                                        "handicap": null,
                                        "total": null,
                                        "last_update": {
                                            "date": "2017-10-28 11:57:36.000000",
                                            "timezone_type": 3,
                                            "timezone": "UTC"
                                        }
                                    },
                                    {
                                        "label": "X/X",
                                        "value": "7.50",
                                        "winning": null,
                                        "handicap": null,
                                        "total": null,
                                        "last_update": {
                                            "date": "2017-10-28 11:57:36.000000",
                                            "timezone_type": 3,
                                            "timezone": "UTC"
                                        }
                                    },
                                    {
                                        "label": "X/Yuen Long",
                                        "value": "6.50",
                                        "winning": null,
                                        "handicap": null,
                                        "total": null,
                                        "last_update": {
                                            "date": "2017-10-28 11:57:36.000000",
                                            "timezone_type": 3,
                                            "timezone": "UTC"
                                        }
                                    },
                                    {
                                        "label": "Yuen Long/X",
                                        "value": "15.00",
                                        "winning": null,
                                        "handicap": null,
                                        "total": null,
                                        "last_update": {
                                            "date": "2017-10-28 11:57:36.000000",
                                            "timezone_type": 3,
                                            "timezone": "UTC"
                                        }
                                    },
                                    {
                                        "label": "Yuen Long/Yuen Long",
                                        "value": "3.60",
                                        "winning": null,
                                        "handicap": null,
                                        "total": null,
                                        "last_update": {
                                            "date": "2017-10-28 11:57:36.000000",
                                            "timezone_type": 3,
                                            "timezone": "UTC"
                                        }
                                    },
                                    {
                                        "label": "Yuen Long/Guangzhou R&F U19",
                                        "value": "21.00",
                                        "winning": null,
                                        "handicap": null,
                                        "total": null,
                                        "last_update": {
                                            "date": "2017-10-28 11:57:37.000000",
                                            "timezone_type": 3,
                                            "timezone": "UTC"
                                        }
                                    },
                                    {
                                        "label": "Guangzhou R&F U19/Yuen Long",
                                        "value": "19.00",
                                        "winning": null,
                                        "handicap": null,
                                        "total": null,
                                        "last_update": {
                                            "date": "2017-10-28 11:57:37.000000",
                                            "timezone_type": 3,
                                            "timezone": "UTC"
                                        }
                                    }
                                ]
                            }
                        }
                    ]
                }
            },
            {
                "id": 975909,
                "name": "Correct Score",
                "suspended": false,
                "bookmaker": {
                    "data": [
                        {
                            "id": 2,
                            "name": "bet365",
                            "odds": {
                                "data": [
                                    {
                                        "label": "1:0",
                                        "value": "13.00",
                                        "winning": false,
                                        "handicap": null,
                                        "total": null,
                                        "last_update": {
                                            "date": "2017-10-28 11:57:37.000000",
                                            "timezone_type": 3,
                                            "timezone": "UTC"
                                        }
                                    },
                                    {
                                        "label": "2:0",
                                        "value": "15.00",
                                        "winning": false,
                                        "handicap": null,
                                        "total": null,
                                        "last_update": {
                                            "date": "2017-10-28 11:57:37.000000",
                                            "timezone_type": 3,
                                            "timezone": "UTC"
                                        }
                                    },
                                    {
                                        "label": "2:1",
                                        "value": "10.00",
                                        "winning": false,
                                        "handicap": null,
                                        "total": null,
                                        "last_update": {
                                            "date": "2017-10-28 11:57:37.000000",
                                            "timezone_type": 3,
                                            "timezone": "UTC"
                                        }
                                    },
                                    {
                                        "label": "3:0",
                                        "value": "21.00",
                                        "winning": false,
                                        "handicap": null,
                                        "total": null,
                                        "last_update": {
                                            "date": "2017-10-28 11:57:37.000000",
                                            "timezone_type": 3,
                                            "timezone": "UTC"
                                        }
                                    },
                                    {
                                        "label": "3:1",
                                        "value": "17.00",
                                        "winning": false,
                                        "handicap": null,
                                        "total": null,
                                        "last_update": {
                                            "date": "2017-10-28 11:57:37.000000",
                                            "timezone_type": 3,
                                            "timezone": "UTC"
                                        }
                                    },
                                    {
                                        "label": "3:2",
                                        "value": "21.00",
                                        "winning": false,
                                        "handicap": null,
                                        "total": null,
                                        "last_update": {
                                            "date": "2017-10-28 11:57:37.000000",
                                            "timezone_type": 3,
                                            "timezone": "UTC"
                                        }
                                    },
                                    {
                                        "label": "4:0",
                                        "value": "41.00",
                                        "winning": false,
                                        "handicap": null,
                                        "total": null,
                                        "last_update": {
                                            "date": "2017-10-28 11:57:37.000000",
                                            "timezone_type": 3,
                                            "timezone": "UTC"
                                        }
                                    },
                                    {
                                        "label": "4:1",
                                        "value": "29.00",
                                        "winning": false,
                                        "handicap": null,
                                        "total": null,
                                        "last_update": {
                                            "date": "2017-10-28 11:57:37.000000",
                                            "timezone_type": 3,
                                            "timezone": "UTC"
                                        }
                                    },
                                    {
                                        "label": "4:2",
                                        "value": "41.00",
                                        "winning": false,
                                        "handicap": null,
                                        "total": null,
                                        "last_update": {
                                            "date": "2017-10-28 11:57:37.000000",
                                            "timezone_type": 3,
                                            "timezone": "UTC"
                                        }
                                    },
                                    {
                                        "label": "4:3",
                                        "value": "51.00",
                                        "winning": false,
                                        "handicap": null,
                                        "total": null,
                                        "last_update": {
                                            "date": "2017-10-28 11:57:37.000000",
                                            "timezone_type": 3,
                                            "timezone": "UTC"
                                        }
                                    },
                                    {
                                        "label": "5:0",
                                        "value": "51.00",
                                        "winning": false,
                                        "handicap": null,
                                        "total": null,
                                        "last_update": {
                                            "date": "2017-10-28 11:57:38.000000",
                                            "timezone_type": 3,
                                            "timezone": "UTC"
                                        }
                                    },
                                    {
                                        "label": "5:1",
                                        "value": "51.00",
                                        "winning": false,
                                        "handicap": null,
                                        "total": null,
                                        "last_update": {
                                            "date": "2017-10-28 11:57:38.000000",
                                            "timezone_type": 3,
                                            "timezone": "UTC"
                                        }
                                    },
                                    {
                                        "label": "5:2",
                                        "value": "67.00",
                                        "winning": false,
                                        "handicap": null,
                                        "total": null,
                                        "last_update": {
                                            "date": "2017-10-28 11:57:38.000000",
                                            "timezone_type": 3,
                                            "timezone": "UTC"
                                        }
                                    },
                                    {
                                        "label": "6:0",
                                        "value": "81.00",
                                        "winning": false,
                                        "handicap": null,
                                        "total": null,
                                        "last_update": {
                                            "date": "2017-10-28 11:57:38.000000",
                                            "timezone_type": 3,
                                            "timezone": "UTC"
                                        }
                                    },
                                    {
                                        "label": "6:1",
                                        "value": "81.00",
                                        "winning": false,
                                        "handicap": null,
                                        "total": null,
                                        "last_update": {
                                            "date": "2017-10-28 11:57:38.000000",
                                            "timezone_type": 3,
                                            "timezone": "UTC"
                                        }
                                    },
                                    {
                                        "label": "0:0",
                                        "value": "19.00",
                                        "winning": false,
                                        "handicap": null,
                                        "total": null,
                                        "last_update": {
                                            "date": "2017-10-28 11:57:38.000000",
                                            "timezone_type": 3,
                                            "timezone": "UTC"
                                        }
                                    },
                                    {
                                        "label": "1:1",
                                        "value": "8.50",
                                        "winning": false,
                                        "handicap": null,
                                        "total": null,
                                        "last_update": {
                                            "date": "2017-10-28 11:57:38.000000",
                                            "timezone_type": 3,
                                            "timezone": "UTC"
                                        }
                                    },
                                    {
                                        "label": "2:2",
                                        "value": "13.00",
                                        "winning": false,
                                        "handicap": null,
                                        "total": null,
                                        "last_update": {
                                            "date": "2017-10-28 11:57:38.000000",
                                            "timezone_type": 3,
                                            "timezone": "UTC"
                                        }
                                    },
                                    {
                                        "label": "3:3",
                                        "value": "34.00",
                                        "winning": false,
                                        "handicap": null,
                                        "total": null,
                                        "last_update": {
                                            "date": "2017-10-28 11:57:38.000000",
                                            "timezone_type": 3,
                                            "timezone": "UTC"
                                        }
                                    },
                                    {
                                        "label": "0:1",
                                        "value": "13.00",
                                        "winning": false,
                                        "handicap": null,
                                        "total": null,
                                        "last_update": {
                                            "date": "2017-10-28 11:57:38.000000",
                                            "timezone_type": 3,
                                            "timezone": "UTC"
                                        }
                                    },
                                    {
                                        "label": "0:2",
                                        "value": "17.00",
                                        "winning": false,
                                        "handicap": null,
                                        "total": null,
                                        "last_update": {
                                            "date": "2017-10-28 11:57:38.000000",
                                            "timezone_type": 3,
                                            "timezone": "UTC"
                                        }
                                    },
                                    {
                                        "label": "0:3",
                                        "value": "26.00",
                                        "winning": false,
                                        "handicap": null,
                                        "total": null,
                                        "last_update": {
                                            "date": "2017-10-28 11:57:38.000000",
                                            "timezone_type": 3,
                                            "timezone": "UTC"
                                        }
                                    },
                                    {
                                        "label": "0:4",
                                        "value": "41.00",
                                        "winning": false,
                                        "handicap": null,
                                        "total": null,
                                        "last_update": {
                                            "date": "2017-10-28 11:57:38.000000",
                                            "timezone_type": 3,
                                            "timezone": "UTC"
                                        }
                                    },
                                    {
                                        "label": "0:5",
                                        "value": "67.00",
                                        "winning": false,
                                        "handicap": null,
                                        "total": null,
                                        "last_update": {
                                            "date": "2017-10-28 11:57:38.000000",
                                            "timezone_type": 3,
                                            "timezone": "UTC"
                                        }
                                    },
                                    {
                                        "label": "1:2",
                                        "value": "11.00",
                                        "winning": true,
                                        "handicap": null,
                                        "total": null,
                                        "last_update": {
                                            "date": "2017-10-28 11:57:39.000000",
                                            "timezone_type": 3,
                                            "timezone": "UTC"
                                        }
                                    },
                                    {
                                        "label": "1:3",
                                        "value": "19.00",
                                        "winning": false,
                                        "handicap": null,
                                        "total": null,
                                        "last_update": {
                                            "date": "2017-10-28 11:57:39.000000",
                                            "timezone_type": 3,
                                            "timezone": "UTC"
                                        }
                                    },
                                    {
                                        "label": "1:4",
                                        "value": "34.00",
                                        "winning": false,
                                        "handicap": null,
                                        "total": null,
                                        "last_update": {
                                            "date": "2017-10-28 11:57:39.000000",
                                            "timezone_type": 3,
                                            "timezone": "UTC"
                                        }
                                    },
                                    {
                                        "label": "1:5",
                                        "value": "51.00",
                                        "winning": false,
                                        "handicap": null,
                                        "total": null,
                                        "last_update": {
                                            "date": "2017-10-28 11:57:39.000000",
                                            "timezone_type": 3,
                                            "timezone": "UTC"
                                        }
                                    },
                                    {
                                        "label": "2:3",
                                        "value": "23.00",
                                        "winning": false,
                                        "handicap": null,
                                        "total": null,
                                        "last_update": {
                                            "date": "2017-10-28 11:57:39.000000",
                                            "timezone_type": 3,
                                            "timezone": "UTC"
                                        }
                                    },
                                    {
                                        "label": "2:4",
                                        "value": "41.00",
                                        "winning": false,
                                        "handicap": null,
                                        "total": null,
                                        "last_update": {
                                            "date": "2017-10-28 11:57:39.000000",
                                            "timezone_type": 3,
                                            "timezone": "UTC"
                                        }
                                    },
                                    {
                                        "label": "2:5",
                                        "value": "81.00",
                                        "winning": false,
                                        "handicap": null,
                                        "total": null,
                                        "last_update": {
                                            "date": "2017-10-28 11:57:39.000000",
                                            "timezone_type": 3,
                                            "timezone": "UTC"
                                        }
                                    },
                                    {
                                        "label": "3:4",
                                        "value": "51.00",
                                        "winning": false,
                                        "handicap": null,
                                        "total": null,
                                        "last_update": {
                                            "date": "2017-10-28 11:57:39.000000",
                                            "timezone_type": 3,
                                            "timezone": "UTC"
                                        }
                                    }
                                ]
                            }
                        }
                    ]
                }
            },
            {
                "id": 975916,
                "name": "Correct Score 1st Half",
                "suspended": false,
                "bookmaker": {
                    "data": [
                        {
                            "id": 2,
                            "name": "bet365",
                            "odds": {
                                "data": [
                                    {
                                        "label": "1:0",
                                        "value": "5.00",
                                        "winning": false,
                                        "handicap": null,
                                        "total": null,
                                        "last_update": {
                                            "date": "2017-10-28 11:57:39.000000",
                                            "timezone_type": 3,
                                            "timezone": "UTC"
                                        }
                                    },
                                    {
                                        "label": "2:0",
                                        "value": "11.00",
                                        "winning": false,
                                        "handicap": null,
                                        "total": null,
                                        "last_update": {
                                            "date": "2017-10-28 11:57:39.000000",
                                            "timezone_type": 3,
                                            "timezone": "UTC"
                                        }
                                    },
                                    {
                                        "label": "2:1",
                                        "value": "19.00",
                                        "winning": false,
                                        "handicap": null,
                                        "total": null,
                                        "last_update": {
                                            "date": "2017-10-28 11:57:39.000000",
                                            "timezone_type": 3,
                                            "timezone": "UTC"
                                        }
                                    },
                                    {
                                        "label": "3:0",
                                        "value": "29.00",
                                        "winning": false,
                                        "handicap": null,
                                        "total": null,
                                        "last_update": {
                                            "date": "2017-10-28 11:57:39.000000",
                                            "timezone_type": 3,
                                            "timezone": "UTC"
                                        }
                                    },
                                    {
                                        "label": "3:1",
                                        "value": "41.00",
                                        "winning": false,
                                        "handicap": null,
                                        "total": null,
                                        "last_update": {
                                            "date": "2017-10-28 11:57:39.000000",
                                            "timezone_type": 3,
                                            "timezone": "UTC"
                                        }
                                    },
                                    {
                                        "label": "4:0",
                                        "value": "67.00",
                                        "winning": false,
                                        "handicap": null,
                                        "total": null,
                                        "last_update": {
                                            "date": "2017-10-28 11:57:40.000000",
                                            "timezone_type": 3,
                                            "timezone": "UTC"
                                        }
                                    },
                                    {
                                        "label": "4:1",
                                        "value": "81.00",
                                        "winning": false,
                                        "handicap": null,
                                        "total": null,
                                        "last_update": {
                                            "date": "2017-10-28 11:57:40.000000",
                                            "timezone_type": 3,
                                            "timezone": "UTC"
                                        }
                                    },
                                    {
                                        "label": "0:0",
                                        "value": "3.75",
                                        "winning": false,
                                        "handicap": null,
                                        "total": null,
                                        "last_update": {
                                            "date": "2017-10-28 11:57:40.000000",
                                            "timezone_type": 3,
                                            "timezone": "UTC"
                                        }
                                    },
                                    {
                                        "label": "1:1",
                                        "value": "8.00",
                                        "winning": true,
                                        "handicap": null,
                                        "total": null,
                                        "last_update": {
                                            "date": "2017-10-28 11:57:40.000000",
                                            "timezone_type": 3,
                                            "timezone": "UTC"
                                        }
                                    },
                                    {
                                        "label": "2:2",
                                        "value": "41.00",
                                        "winning": false,
                                        "handicap": null,
                                        "total": null,
                                        "last_update": {
                                            "date": "2017-10-28 11:57:40.000000",
                                            "timezone_type": 3,
                                            "timezone": "UTC"
                                        }
                                    },
                                    {
                                        "label": "0:1",
                                        "value": "5.50",
                                        "winning": false,
                                        "handicap": null,
                                        "total": null,
                                        "last_update": {
                                            "date": "2017-10-28 11:57:40.000000",
                                            "timezone_type": 3,
                                            "timezone": "UTC"
                                        }
                                    },
                                    {
                                        "label": "0:2",
                                        "value": "13.00",
                                        "winning": false,
                                        "handicap": null,
                                        "total": null,
                                        "last_update": {
                                            "date": "2017-10-28 11:57:40.000000",
                                            "timezone_type": 3,
                                            "timezone": "UTC"
                                        }
                                    },
                                    {
                                        "label": "0:3",
                                        "value": "34.00",
                                        "winning": false,
                                        "handicap": null,
                                        "total": null,
                                        "last_update": {
                                            "date": "2017-10-28 11:57:40.000000",
                                            "timezone_type": 3,
                                            "timezone": "UTC"
                                        }
                                    },
                                    {
                                        "label": "0:4",
                                        "value": "81.00",
                                        "winning": false,
                                        "handicap": null,
                                        "total": null,
                                        "last_update": {
                                            "date": "2017-10-28 11:57:40.000000",
                                            "timezone_type": 3,
                                            "timezone": "UTC"
                                        }
                                    },
                                    {
                                        "label": "1:2",
                                        "value": "21.00",
                                        "winning": false,
                                        "handicap": null,
                                        "total": null,
                                        "last_update": {
                                            "date": "2017-10-28 11:57:40.000000",
                                            "timezone_type": 3,
                                            "timezone": "UTC"
                                        }
                                    },
                                    {
                                        "label": "1:3",
                                        "value": "51.00",
                                        "winning": false,
                                        "handicap": null,
                                        "total": null,
                                        "last_update": {
                                            "date": "2017-10-28 11:57:40.000000",
                                            "timezone_type": 3,
                                            "timezone": "UTC"
                                        }
                                    }
                                ]
                            }
                        }
                    ]
                }
            },
            {
                "id": 63,
                "name": "Double Chance",
                "suspended": false,
                "bookmaker": {
                    "data": [
                        {
                            "id": 2,
                            "name": "bet365",
                            "odds": {
                                "data": [
                                    {
                                        "label": "1/X",
                                        "value": "1.50",
                                        "winning": null,
                                        "handicap": null,
                                        "total": null,
                                        "last_update": {
                                            "date": "2017-10-28 11:57:40.000000",
                                            "timezone_type": 3,
                                            "timezone": "UTC"
                                        }
                                    },
                                    {
                                        "label": "1/2",
                                        "value": "1.22",
                                        "winning": null,
                                        "handicap": null,
                                        "total": null,
                                        "last_update": {
                                            "date": "2017-10-28 11:57:41.000000",
                                            "timezone_type": 3,
                                            "timezone": "UTC"
                                        }
                                    },
                                    {
                                        "label": "X/2",
                                        "value": "1.66",
                                        "winning": null,
                                        "handicap": null,
                                        "total": null,
                                        "last_update": {
                                            "date": "2017-10-28 11:57:41.000000",
                                            "timezone_type": 3,
                                            "timezone": "UTC"
                                        }
                                    }
                                ]
                            }
                        }
                    ]
                }
            },
            {
                "id": 69,
                "name": "Team To Score First",
                "suspended": false,
                "bookmaker": {
                    "data": [
                        {
                            "id": 2,
                            "name": "bet365",
                            "odds": {
                                "data": [
                                    {
                                        "label": "1",
                                        "value": "1.72",
                                        "winning": true,
                                        "handicap": null,
                                        "total": null,
                                        "last_update": {
                                            "date": "2017-10-28 11:57:41.000000",
                                            "timezone_type": 3,
                                            "timezone": "UTC"
                                        }
                                    },
                                    {
                                        "label": "X",
                                        "value": "19.00",
                                        "winning": false,
                                        "handicap": null,
                                        "total": null,
                                        "last_update": {
                                            "date": "2017-10-28 11:57:41.000000",
                                            "timezone_type": 3,
                                            "timezone": "UTC"
                                        }
                                    },
                                    {
                                        "label": "2",
                                        "value": "2.04",
                                        "winning": false,
                                        "handicap": null,
                                        "total": null,
                                        "last_update": {
                                            "date": "2017-10-28 11:57:41.000000",
                                            "timezone_type": 3,
                                            "timezone": "UTC"
                                        }
                                    }
                                ]
                            }
                        }
                    ]
                }
            },
            {
                "id": 976384,
                "name": "Corners Over Under",
                "suspended": false,
                "bookmaker": {
                    "data": [
                        {
                            "id": 2,
                            "name": "bet365",
                            "odds": {
                                "data": [
                                    {
                                        "label": "Over",
                                        "value": "1.83",
                                        "winning": null,
                                        "handicap": null,
                                        "total": "8.5",
                                        "last_update": {
                                            "date": "2017-10-28 11:57:41.000000",
                                            "timezone_type": 3,
                                            "timezone": "UTC"
                                        }
                                    },
                                    {
                                        "label": "Under",
                                        "value": "1.83",
                                        "winning": null,
                                        "handicap": null,
                                        "total": "8.5",
                                        "last_update": {
                                            "date": "2017-10-28 11:57:41.000000",
                                            "timezone_type": 3,
                                            "timezone": "UTC"
                                        }
                                    }
                                ]
                            }
                        }
                    ]
                }
            }
        ]
    }
}