{
    "id": 376006,
    "league_id": 486,
    "season_id": 828,
    "stage_id": 1560,
    "round_id": 27098,
    "group_id": null,
    "aggregate_id": null,
    "venue_id": 8885,
    "referee_id": 3386,
    "localteam_id": 2963,
    "visitorteam_id": 4118,
    "winner_team_id": null,
    "weather_report": null,
    "commentaries": false,
    "attendance": null,
    "pitch": null,
    "details": null,
    "neutral_venue": false,
    "winning_odds_calculated": true,
    "formations": {
        "localteam_formation": "4-2-3-1",
        "visitorteam_formation": "4-4-2"
    },
    "scores": {
        "localteam_score": 1,
        "visitorteam_score": 1,
        "localteam_pen_score": null,
        "visitorteam_pen_score": null,
        "ht_score": "0-1",
        "ft_score": "1-1",
        "et_score": null
    },
    "time": {
        "status": "FT",
        "starting_at": {
            "date_time": "2017-04-08 16:00:00",
            "date": "2017-04-08",
            "time": "16:00:00",
            "timestamp": 1491667200,
            "timezone": "UTC"
        },
        "minute": 90,
        "second": null,
        "added_time": null,
        "extra_minute": null,
        "injury_time": null
    },
    "coaches": {
        "localteam_coach_id": 784486,
        "visitorteam_coach_id": 455674
    },
    "standings": {
        "localteam_position": null,
        "visitorteam_position": null
    },
    "assistants": {
        "first_assistant_id": null,
        "second_assistant_id": null,
        "fourth_official_id": null
    },
    "leg": null,
    "colors": null,
    "deleted": false,
    "localTeam": {
        "data": {
            "id": 2963,
            "legacy_id": 122,
            "name": "Zenit",
            "short_code": "ZSP",
            "twitter": null,
            "country_id": 227,
            "national_team": false,
            "founded": 1925,
            "logo_path": "https://cdn.sportmonks.com/images//soccer/teams/19/2963.png",
            "venue_id": 185602,
            "current_season_id": 12996
        }
    },
    "visitorTeam": {
        "data": {
            "id": 4118,
            "legacy_id": 764,
            "name": "Anzhi",
            "short_code": "ANZ",
            "twitter": null,
            "country_id": 227,
            "national_team": false,
            "founded": 1991,
            "logo_path": "https://cdn.sportmonks.com/images//soccer/teams/22/4118.png",
            "venue_id": 2412,
            "current_season_id": 16353
        }
    },
    "league": {
        "data": {
            "id": 486,
            "active": true,
            "type": "domestic",
            "legacy_id": 42,
            "country_id": 227,
            "logo_path": null,
            "name": "Premier League",
            "is_cup": false,
            "current_season_id": 16021,
            "current_round_id": 169532,
            "current_stage_id": 77443803,
            "live_standings": true,
            "coverage": {
                "predictions": 1,
                "topscorer_goals": true,
                "topscorer_assists": true,
                "topscorer_cards": true
            }
        }
    },
    "events": {
        "data": [
            {
                "id": 8731692,
                "team_id": "4118",
                "type": "yellowcard",
                "fixture_id": 376006,
                "player_id": 36754,
                "player_name": "F. Brown Forbes",
                "related_player_id": null,
                "related_player_name": null,
                "minute": 14,
                "extra_minute": null,
                "reason": "Foul",
                "injuried": null,
                "result": null
            },
            {
                "id": 8731656,
                "team_id": "4118",
                "type": "goal",
                "fixture_id": 376006,
                "player_id": 169409,
                "player_name": "P. Yakovlev",
                "related_player_id": 169587,
                "related_player_name": "S. Parshivlyuk",
                "minute": 21,
                "extra_minute": null,
                "reason": null,
                "injuried": null,
                "result": null
            },
            {
                "id": 8731707,
                "team_id": "4118",
                "type": "yellowcard",
                "fixture_id": 376006,
                "player_id": 170618,
                "player_name": "P. Budkivskyi",
                "related_player_id": null,
                "related_player_name": null,
                "minute": 39,
                "extra_minute": null,
                "reason": null,
                "injuried": null,
                "result": null
            },
            {
                "id": 8731673,
                "team_id": "2963",
                "type": "redcard",
                "fixture_id": 376006,
                "player_id": 169195,
                "player_name": "N. Lombaerts",
                "related_player_id": null,
                "related_player_name": null,
                "minute": 50,
                "extra_minute": null,
                "reason": "Professional foul last man",
                "injuried": null,
                "result": null
            },
            {
                "id": 8731699,
                "team_id": "4118",
                "type": "yellowcard",
                "fixture_id": 376006,
                "player_id": 172263,
                "player_name": "A. Guliev",
                "related_player_id": null,
                "related_player_name": null,
                "minute": 57,
                "extra_minute": null,
                "reason": "Foul",
                "injuried": null,
                "result": null
            },
            {
                "id": 8731680,
                "team_id": "2963",
                "type": "yellowcard",
                "fixture_id": 376006,
                "player_id": 172232,
                "player_name": "Hernani",
                "related_player_id": null,
                "related_player_name": null,
                "minute": 59,
                "extra_minute": null,
                "reason": null,
                "injuried": null,
                "result": null
            },
            {
                "id": 8731730,
                "team_id": "2963",
                "type": "substitution",
                "fixture_id": 376006,
                "player_id": 129211,
                "player_name": "Neto",
                "related_player_id": 1426,
                "related_player_name": "Javi García",
                "minute": 59,
                "extra_minute": null,
                "reason": null,
                "injuried": null,
                "result": null
            },
            {
                "id": 8731747,
                "team_id": "4118",
                "type": "substitution",
                "fixture_id": 376006,
                "player_id": 79151,
                "player_name": "A. Prudnikov",
                "related_player_id": 36754,
                "related_player_name": "F. Brown Forbes",
                "minute": 61,
                "extra_minute": null,
                "reason": null,
                "injuried": false,
                "result": null
            },
            {
                "id": 8731755,
                "team_id": "4118",
                "type": "substitution",
                "fixture_id": 376006,
                "player_id": 169514,
                "player_name": "A. Khubulov",
                "related_player_id": 155750,
                "related_player_name": "A. Katsaev",
                "minute": 68,
                "extra_minute": null,
                "reason": null,
                "injuried": null,
                "result": null
            },
            {
                "id": 8731664,
                "team_id": "2963",
                "type": "goal",
                "fixture_id": 376006,
                "player_id": 169484,
                "player_name": "A. Kokorin",
                "related_player_id": null,
                "related_player_name": null,
                "minute": 73,
                "extra_minute": null,
                "reason": null,
                "injuried": null,
                "result": null
            },
            {
                "id": 8731766,
                "team_id": "4118",
                "type": "substitution",
                "fixture_id": 376006,
                "player_id": 170468,
                "player_name": "S. Ezatolahi",
                "related_player_id": 169587,
                "related_player_name": "S. Parshivlyuk",
                "minute": 75,
                "extra_minute": null,
                "reason": null,
                "injuried": false,
                "result": null
            },
            {
                "id": 8731686,
                "team_id": "4118",
                "type": "yellowcard",
                "fixture_id": 376006,
                "player_id": 63714,
                "player_name": "T. Phibel",
                "related_player_id": null,
                "related_player_name": null,
                "minute": 78,
                "extra_minute": null,
                "reason": null,
                "injuried": null,
                "result": null
            },
            {
                "id": 8731715,
                "team_id": "4118",
                "type": "yellowcard",
                "fixture_id": 376006,
                "player_id": 169514,
                "player_name": "A. Khubulov",
                "related_player_id": null,
                "related_player_name": null,
                "minute": 82,
                "extra_minute": null,
                "reason": null,
                "injuried": null,
                "result": null
            },
            {
                "id": 8731740,
                "team_id": "2963",
                "type": "substitution",
                "fixture_id": 376006,
                "player_id": 31054,
                "player_name": "R. Mak",
                "related_player_id": 169377,
                "related_player_name": "I. Tsallagov",
                "minute": 85,
                "extra_minute": null,
                "reason": null,
                "injuried": null,
                "result": null
            },
            {
                "id": 8731723,
                "team_id": "4118",
                "type": "yellowcard",
                "fixture_id": 376006,
                "player_id": 170468,
                "player_name": "S. Ezatolahi",
                "related_player_id": null,
                "related_player_name": null,
                "minute": 89,
                "extra_minute": null,
                "reason": null,
                "injuried": null,
                "result": null
            }
        ]
    },
    "odds": {
        "data": []
    }
}